path,is_egg,fertility
/content/testing/dead.dead-820.jpg.4gb9ekep.ingestion-6bf64f87d9-gzjsg.jpg,1,dead
/content/testing/dead.dead-1358 Small.png.4gb9ekj3.ingestion-6bf64f87d9-gzjsg.jpg,1,dead
/content/testing/dead.dead-1028 Small.png.4gb9eku6.ingestion-6bf64f87d9-nkxcl.jpg,1,dead
/content/testing/dead.dead-773.jpg.4gb9el0l.ingestion-6bf64f87d9-nkxcl.jpg,1,dead
/content/testing/dead.dead-78.jpg.4gb9el42.ingestion-6bf64f87d9-gzjsg.jpg,1,dead
/content/testing/dead.dead-607.jpg.4gb9elr3.ingestion-6bf64f87d9-nkxcl.jpg,1,dead
/content/testing/dead.dead-363.jpg.4gb9em4k.ingestion-6bf64f87d9-gzjsg.jpg,1,dead
/content/testing/dead.dead-388.jpg.4gb9emaf.ingestion-6bf64f87d9-gzjsg.jpg,1,dead
/content/testing/dead.dead-1336 Small.png.4gb9emf3.ingestion-6bf64f87d9-q9rsg.jpg,1,dead
/content/testing/dead.dead-999 Small.png.4gb9emlr.ingestion-6bf64f87d9-q9rsg.jpg,1,dead
/content/testing/dead.dead-404.jpg.4gb9en0k.ingestion-6bf64f87d9-gzjsg.jpg,1,dead
/content/testing/dead.dead-1121 Small.png.4gb9enaf.ingestion-6bf64f87d9-nkxcl.jpg,1,dead
/content/testing/dead.dead-1251 Small.png.4gb9enok.ingestion-6bf64f87d9-q9rsg.jpg,1,dead
/content/testing/dead.dead-772.jpg.4gb9eo1i.ingestion-6bf64f87d9-nkxcl.jpg,1,dead
/content/testing/dead.dead-1298 Small.png.4gb9eo98.ingestion-6bf64f87d9-nkxcl.jpg,1,dead
/content/testing/dead.dead-955.jpg.4gb9eolr.ingestion-6bf64f87d9-q9rsg.jpg,1,dead
/content/testing/dead.dead-216.jpg.4gb9ep3f.ingestion-6bf64f87d9-q9rsg.jpg,1,dead
/content/testing/dead.dead-599.jpg.4gb9epgu.ingestion-6bf64f87d9-q9rsg.jpg,1,dead
/content/testing/dead.dead-572.jpg.4gb9epi5.ingestion-6bf64f87d9-q9rsg.jpg,1,dead
/content/testing/dead.dead-758.jpg.4gb9epqf.ingestion-6bf64f87d9-gzjsg.jpg,1,dead
/content/testing/dead.dead-1096 Small.png.4gb9eq01.ingestion-6bf64f87d9-nkxcl.jpg,1,dead
/content/testing/dead.dead-1341 Small.png.4gb9eqhi.ingestion-6bf64f87d9-q9rsg.jpg,1,dead
/content/testing/dead.dead-1163 Small.png.4gb9eqp8.ingestion-6bf64f87d9-gzjsg.jpg,1,dead
/content/testing/dead.dead-1494 Small.png.4gb9er0a.ingestion-6bf64f87d9-gzjsg.jpg,1,dead
/content/testing/dead.dead-1388 Small.png.4gb9er2p.ingestion-6bf64f87d9-nkxcl.jpg,1,dead
/content/testing/dead.dead-374.jpg.4gb9eref.ingestion-6bf64f87d9-gzjsg.jpg,1,dead
/content/testing/dead.dead-53.jpg.4gb9erk0.ingestion-6bf64f87d9-gzjsg.jpg,1,dead
/content/testing/dead.dead-1226 Small.png.4gb9errm.ingestion-6bf64f87d9-gzjsg.jpg,1,dead
/content/testing/dead.dead-177.jpg.4gb9es9r.ingestion-6bf64f87d9-q9rsg.jpg,1,dead
/content/testing/dead.dead-85.jpg.4gb9esku.ingestion-6bf64f87d9-q9rsg.jpg,1,dead
/content/testing/dead.dead-1138 Small.png.4gb9et2p.ingestion-6bf64f87d9-gzjsg.jpg,1,dead
/content/testing/dead.dead-188.jpg.4gb9et9i.ingestion-6bf64f87d9-nkxcl.jpg,1,dead
/content/testing/dead.dead-759.jpg.4gb9etip.ingestion-6bf64f87d9-q9rsg.jpg,1,dead
/content/testing/dead.dead-573.jpg.4gb9eu0e.ingestion-6bf64f87d9-nkxcl.jpg,1,dead
/content/testing/dead.dead-980 Small.png.4gb9eu18.ingestion-6bf64f87d9-q9rsg.jpg,1,dead
/content/testing/dead.dead-563.jpg.4gb9eurf.ingestion-6bf64f87d9-nkxcl.jpg,1,dead
/content/testing/dead.dead-749.jpg.4gb9ev4a.ingestion-6bf64f87d9-nkxcl.jpg,1,dead
/content/testing/dead.dead-1127 Small.png.4gb9evbm.ingestion-6bf64f87d9-gzjsg.jpg,1,dead
/content/testing/dead.dead-205.jpg.4gb9evhi.ingestion-6bf64f87d9-gzjsg.jpg,1,dead
/content/testing/dead.dead-1477 Small.png.4gb9evkk.ingestion-6bf64f87d9-gzjsg.jpg,1,dead
/content/testing/dead.dead-1180 Small.png.4gb9f00k.ingestion-6bf64f87d9-nkxcl.jpg,1,dead
/content/testing/dead.dead-1149 Small.png.4gb9f0af.ingestion-6bf64f87d9-gzjsg.jpg,1,dead
/content/testing/dead.dead-173.jpg.4gb9f0li.ingestion-6bf64f87d9-nkxcl.jpg,1,dead
/content/testing/dead.dead-1168 Small.png.4gb9f0vn.ingestion-6bf64f87d9-nkxcl.jpg,1,dead
/content/testing/dead.dead-365.jpg.4gb9f16f.ingestion-6bf64f87d9-q9rsg.jpg,1,dead
/content/testing/dead.dead-1438 Small.png.4gb9f1di.ingestion-6bf64f87d9-q9rsg.jpg,1,dead
/content/testing/dead.dead-1397 Small.png.4gb9f1ti.ingestion-6bf64f87d9-q9rsg.jpg,1,dead
/content/testing/dead.dead-199.jpg.4gb9f21r.ingestion-6bf64f87d9-nkxcl.jpg,1,dead
/content/testing/dead.dead-80.jpg.4gb9f280.ingestion-6bf64f87d9-q9rsg.jpg,1,dead
/content/testing/dead.dead-953.jpg.4gb9f2h8.ingestion-6bf64f87d9-nkxcl.jpg,1,dead
/content/testing/dead.dead-562.jpg.4gb9f33f.ingestion-6bf64f87d9-gzjsg.jpg,1,dead
/content/testing/dead.dead-574.jpg.4gb9f3h8.ingestion-6bf64f87d9-nkxcl.jpg,1,dead
/content/testing/dead.dead-204.jpg.4gb9f3ok.ingestion-6bf64f87d9-q9rsg.jpg,1,dead
/content/testing/dead.dead-1456 Small.png.4gb9f3sk.ingestion-6bf64f87d9-gzjsg.jpg,1,dead
/content/testing/dead.dead-789.jpg.4gb9f4g1.ingestion-6bf64f87d9-q9rsg.jpg,1,dead
/content/testing/dead.dead-548.jpg.4gb9f50k.ingestion-6bf64f87d9-gzjsg.jpg,1,dead
/content/testing/dead.dead-164.jpg.4gb9f558.ingestion-6bf64f87d9-nkxcl.jpg,1,dead
/content/testing/dead.dead-762.jpg.4gb9f5bd.ingestion-6bf64f87d9-gzjsg.jpg,1,dead
/content/testing/dead.dead-1002 Small.png.4gb9f5jn.ingestion-6bf64f87d9-nkxcl.jpg,1,dead
/content/testing/dead.dead-414.jpg.4gb9f60a.ingestion-6bf64f87d9-gzjsg.jpg,1,dead
/content/testing/dead.dead-428.jpg.4gb9f66p.ingestion-6bf64f87d9-nkxcl.jpg,1,dead
/content/testing/dead.dead-373.jpg.4gb9f6d8.ingestion-6bf64f87d9-q9rsg.jpg,1,dead
/content/testing/dead.dead-1486 Small.png.4gb9f6ok.ingestion-6bf64f87d9-nkxcl.jpg,1,dead
/content/testing/dead.dead-367.jpg.4gb9f765.ingestion-6bf64f87d9-gzjsg.jpg,1,dead
/content/testing/dead.dead-824.jpg.4gb9f7ca.ingestion-6bf64f87d9-q9rsg.jpg,1,dead
/content/testing/dead.dead-40.jpg.4gb9f7n3.ingestion-6bf64f87d9-gzjsg.jpg,1,dead
/content/testing/dead.dead-1421 Small.png.4gb9f7ti.ingestion-6bf64f87d9-nkxcl.jpg,1,dead
/content/testing/dead.dead-1329 Small.png.4gb9f88k.ingestion-6bf64f87d9-q9rsg.jpg,1,dead
/content/testing/dead.dead-549.jpg.4gb9f8e5.ingestion-6bf64f87d9-nkxcl.jpg,1,dead
/content/testing/dead.dead-763.jpg.4gb9f8mp.ingestion-6bf64f87d9-gzjsg.jpg,1,dead
/content/testing/dead.dead-207.jpg.4gb9f98k.ingestion-6bf64f87d9-gzjsg.jpg,1,dead
/content/testing/dead.dead-575.jpg.4gb9f9f3.ingestion-6bf64f87d9-nkxcl.jpg,1,dead
/content/testing/dead.dead-274.jpg.4gb9f9n3.ingestion-6bf64f87d9-nkxcl.jpg,1,dead
/content/testing/dead.dead-710.jpg.4gb9f9sa.ingestion-6bf64f87d9-gzjsg.jpg,1,dead
/content/testing/dead.dead-1265 Small.png.4gb9fajn.ingestion-6bf64f87d9-gzjsg.jpg,1,dead
/content/testing/dead.dead-843.jpg.4gb9fav3.ingestion-6bf64f87d9-nkxcl.jpg,1,dead
/content/testing/dead.dead-664.jpg.4gb9fb40.ingestion-6bf64f87d9-q9rsg.jpg,1,dead
/content/testing/dead.dead-499.jpg.4gb9fbbn.ingestion-6bf64f87d9-nkxcl.jpg,1,dead
/content/testing/dead.dead-315.jpg.4gb9fbv3.ingestion-6bf64f87d9-nkxcl.jpg,1,dead
/content/testing/dead.dead-314.jpg.4gb9fc5j.ingestion-6bf64f87d9-nkxcl.jpg,1,dead
/content/testing/dead.dead-1302 Small.png.4gb9fccu.ingestion-6bf64f87d9-gzjsg.jpg,1,dead
/content/testing/dead.dead-26.jpg.4gb9fct8.ingestion-6bf64f87d9-q9rsg.jpg,1,dead
/content/testing/dead.dead-32.jpg.4gb9fd4n.ingestion-6bf64f87d9-q9rsg.jpg,1,dead
/content/testing/dead.dead-1187 Small.png.4gb9fddr.ingestion-6bf64f87d9-q9rsg.jpg,1,dead
/content/testing/dead.dead-261.jpg.4gb9fdli.ingestion-6bf64f87d9-gzjsg.jpg,1,dead
/content/testing/dead.dead-507.jpg.4gb9feef.ingestion-6bf64f87d9-q9rsg.jpg,1,dead
/content/testing/dead.dead-249.jpg.4gb9feku.ingestion-6bf64f87d9-gzjsg.jpg,1,dead
/content/testing/dead.dead-1206 Small.png.4gb9fend.ingestion-6bf64f87d9-nkxcl.jpg,1,dead
/content/testing/dead.dead-1389 Small.png.4gb9ff2p.ingestion-6bf64f87d9-q9rsg.jpg,1,dead
/content/testing/dead.dead-934.jpg.4gb9ffbn.ingestion-6bf64f87d9-q9rsg.jpg,1,dead
/content/testing/dead.dead-713.jpg.4gb9ffli.ingestion-6bf64f87d9-q9rsg.jpg,1,dead
/content/testing/dead.dead-908.jpg.4gb9fg4a.ingestion-6bf64f87d9-q9rsg.jpg,1,dead
/content/testing/dead.dead-459.jpg.4gb9fgh8.ingestion-6bf64f87d9-gzjsg.jpg,1,dead
/content/testing/dead.dead-1432 Small.png.4gb9fgps.ingestion-6bf64f87d9-nkxcl.jpg,1,dead
/content/testing/dead.dead-30.jpg.4gb9fh0a.ingestion-6bf64f87d9-gzjsg.jpg,1,dead
/content/testing/dead.dead-316.jpg.4gb9fhbe.ingestion-6bf64f87d9-gzjsg.jpg,1,dead
/content/testing/dead.dead-100.jpg.4gb9fhmf.ingestion-6bf64f87d9-nkxcl.jpg,1,dead
/content/testing/dead.dead-114.jpg.4gb9fi0k.ingestion-6bf64f87d9-nkxcl.jpg,1,dead
/content/testing/dead.dead-1413 Small.png.4gb9fi7d.ingestion-6bf64f87d9-gzjsg.jpg,1,dead
/content/testing/dead.dead-19.jpg.4gb9fij3.ingestion-6bf64f87d9-nkxcl.jpg,1,dead
/content/testing/dead.dead-869.jpg.4gb9fj41.ingestion-6bf64f87d9-nkxcl.jpg,1,dead
/content/testing/dead.dead-855.jpg.4gb9fjcu.ingestion-6bf64f87d9-q9rsg.jpg,1,dead
/content/testing/dead.dead-538.jpg.4gb9fjnd.ingestion-6bf64f87d9-q9rsg.jpg,1,dead
/content/testing/dead.dead-276.jpg.4gb9fk00.ingestion-6bf64f87d9-gzjsg.jpg,1,dead
/content/testing/dead.dead-514.jpg.4gb9fk8k.ingestion-6bf64f87d9-gzjsg.jpg,1,dead
/content/testing/dead.dead-1242 Small.png.4gb9fkbm.ingestion-6bf64f87d9-q9rsg.jpg,1,dead
/content/testing/dead.dead-1238 Small.png.4gb9fklr.ingestion-6bf64f87d9-q9rsg.jpg,1,dead
/content/testing/dead.dead-716.jpg.4gb9fktr.ingestion-6bf64f87d9-q9rsg.jpg,1,dead
/content/testing/dead.dead-851.jpg.4gb9fl0k.ingestion-6bf64f87d9-nkxcl.jpg,1,dead
/content/testing/dead.dead-689.jpg.4gb9flbn.ingestion-6bf64f87d9-q9rsg.jpg,1,dead
/content/testing/dead.dead-1126 Small.png.4gb9fldr.ingestion-6bf64f87d9-q9rsg.jpg,1,dead
/content/testing/dead.dead-138.jpg.4gb9fm6r.ingestion-6bf64f87d9-q9rsg.jpg,1,dead
/content/testing/dead.dead-460.jpg.4gb9fm6r.ingestion-6bf64f87d9-gzjsg.jpg,1,dead
/content/testing/dead.dead-21.jpg.4gb9fme5.ingestion-6bf64f87d9-q9rsg.jpg,1,dead
/content/testing/dead.dead-9.jpg.4gb9fms0.ingestion-6bf64f87d9-q9rsg.jpg,1,dead
/content/testing/dead.dead-8.jpg.4gb9fmt8.ingestion-6bf64f87d9-nkxcl.jpg,1,dead
/content/testing/dead.dead-449.jpg.4gb9fn25.ingestion-6bf64f87d9-gzjsg.jpg,1,dead
/content/testing/dead.dead-887.jpg.4gb9fn90.ingestion-6bf64f87d9-nkxcl.jpg,1,dead
/content/testing/dead.dead-313.jpg.4gb9fnb3.ingestion-6bf64f87d9-nkxcl.jpg,1,dead
/content/testing/dead.dead-663.jpg.4gb9fo40.ingestion-6bf64f87d9-nkxcl.jpg,1,dead
/content/testing/dead.dead-976 Small.png.4gb9fo6f.ingestion-6bf64f87d9-gzjsg.jpg,1,dead
/content/testing/dead.dead-850.jpg.4gb9fogb.ingestion-6bf64f87d9-nkxcl.jpg,1,dead
/content/testing/dead.dead-1382 Small.png.4gb9fohi.ingestion-6bf64f87d9-q9rsg.jpg,1,dead
/content/testing/dead.dead-1443 Small.png.4gb9fopi.ingestion-6bf64f87d9-gzjsg.jpg,1,dead
/content/testing/dead.dead-1396 Small.png.4gb9fosu.ingestion-6bf64f87d9-nkxcl.jpg,1,dead
/content/testing/dead.dead-515.jpg.4gb9fp18.ingestion-6bf64f87d9-nkxcl.jpg,1,dead
/content/testing/dead.dead-1325 Small.png.4gb9fp66.ingestion-6bf64f87d9-nkxcl.jpg,1,dead
/content/testing/dead.dead-517.jpg.4gb9fpep.ingestion-6bf64f87d9-q9rsg.jpg,1,dead
/content/testing/dead.dead-273.jpg.4gb9fph8.ingestion-6bf64f87d9-q9rsg.jpg,1,dead
/content/testing/dead.dead-259.jpg.4gb9fprn.ingestion-6bf64f87d9-gzjsg.jpg,1,dead
/content/testing/dead.dead-1415 Small.png.4gb9fq1s.ingestion-6bf64f87d9-nkxcl.jpg,1,dead
/content/testing/dead.dead-715.jpg.4gb9fq33.ingestion-6bf64f87d9-q9rsg.jpg,1,dead
/content/testing/dead.dead-852.jpg.4gb9fqfm.ingestion-6bf64f87d9-nkxcl.jpg,1,dead
/content/testing/dead.dead-1373 Small.png.4gb9fqh8.ingestion-6bf64f87d9-nkxcl.jpg,1,dead
/content/testing/dead.dead-107.jpg.4gb9fqkk.ingestion-6bf64f87d9-gzjsg.jpg,1,dead
/content/testing/dead.dead-675.jpg.4gb9fqpr.ingestion-6bf64f87d9-gzjsg.jpg,1,dead
/content/testing/dead.dead-729.jpg.4gb9fquf.ingestion-6bf64f87d9-gzjsg.jpg,1,dead
/content/testing/dead.dead-885.jpg.4gb9fqvn.ingestion-6bf64f87d9-gzjsg.jpg,1,dead
/content/testing/dead.dead-488.jpg.4gb9frub.ingestion-6bf64f87d9-q9rsg.jpg,1,dead
/content/testing/dead.dead-310.jpg.4gb9fs2p.ingestion-6bf64f87d9-q9rsg.jpg,1,dead
/content/testing/dead.dead-891.jpg.4gb9fs6p.ingestion-6bf64f87d9-q9rsg.jpg,1,dead
/content/testing/dead.dead-1151 Small.png.4gb9fsaf.ingestion-6bf64f87d9-q9rsg.jpg,1,dead
/content/testing/dead.dead-305.jpg.4gb9fsd8.ingestion-6bf64f87d9-q9rsg.jpg,1,dead
/content/testing/dead.dead-648.jpg.4gb9fskk.ingestion-6bf64f87d9-gzjsg.jpg,1,dead
/content/testing/dead.dead-304.jpg.4gb9fsn3.ingestion-6bf64f87d9-gzjsg.jpg,1,dead
/content/testing/dead.dead-1036 Small.png.4gb9fst8.ingestion-6bf64f87d9-q9rsg.jpg,1,dead
/content/testing/dead.dead-112.jpg.4gb9ft2f.ingestion-6bf64f87d9-q9rsg.jpg,1,dead
/content/testing/dead.dead-1170 Small.png.4gb9ftd8.ingestion-6bf64f87d9-q9rsg.jpg,1,dead
/content/testing/dead.dead-714.jpg.4gb9ftj3.ingestion-6bf64f87d9-q9rsg.jpg,1,dead
/content/testing/dead.dead-23.jpg.4gb9ftl8.ingestion-6bf64f87d9-gzjsg.jpg,1,dead
/content/testing/dead.dead-660.jpg.4gb9ftrn.ingestion-6bf64f87d9-q9rsg.jpg,1,dead
/content/testing/dead.dead-258.jpg.4gb9fu0u.ingestion-6bf64f87d9-nkxcl.jpg,1,dead
/content/testing/dead.dead-700.jpg.4gb9fu3d.ingestion-6bf64f87d9-nkxcl.jpg,1,dead
/content/testing/dead.dead-1214 Small.png.4gb9fu6f.ingestion-6bf64f87d9-nkxcl.jpg,1,dead
/content/testing/dead.dead-1473 Small.png.4gb9fuli.ingestion-6bf64f87d9-gzjsg.jpg,1,dead
/content/testing/dead.dead-282.jpg.4gb9fusu.ingestion-6bf64f87d9-gzjsg.jpg,1,dead
/content/testing/dead.dead-916.jpg.4gb9fv9r.ingestion-6bf64f87d9-gzjsg.jpg,1,dead
/content/testing/dead.dead-1253 Small.png.4gb9fvnd.ingestion-6bf64f87d9-gzjsg.jpg,1,dead
/content/testing/dead.dead-731.jpg.4gb9fvqf.ingestion-6bf64f87d9-q9rsg.jpg,1,dead
/content/testing/dead.dead-527.jpg.4gb9fvts.ingestion-6bf64f87d9-nkxcl.jpg,1,dead
/content/testing/dead.dead-679.jpg.4gb9g05i.ingestion-6bf64f87d9-q9rsg.jpg,1,dead
/content/testing/dead.dead-725.jpg.4gb9g0ca.ingestion-6bf64f87d9-gzjsg.jpg,1,dead
/content/testing/dead.dead-651.jpg.4gb9g0mf.ingestion-6bf64f87d9-q9rsg.jpg,1,dead
/content/testing/dead.dead-889.jpg.4gb9g0o0.ingestion-6bf64f87d9-gzjsg.jpg,1,dead
/content/testing/dead.dead-12.jpg.4gb9g0r5.ingestion-6bf64f87d9-gzjsg.jpg,1,dead
/content/testing/dead.dead-490.jpg.4gb9g1uq.ingestion-6bf64f87d9-gzjsg.jpg,1,dead
/content/testing/dead.dead-485.jpg.4gb9g218.ingestion-6bf64f87d9-nkxcl.jpg,1,dead
/content/testing/dead.dead-7.jpg.4gb9g265.ingestion-6bf64f87d9-q9rsg.jpg,1,dead
/content/testing/dead.dead-1050 Small.png.4gb9g2ap.ingestion-6bf64f87d9-gzjsg.jpg,1,dead
/content/testing/dead.dead-650.jpg.4gb9g325.ingestion-6bf64f87d9-gzjsg.jpg,1,dead
/content/testing/dead.dead-1393 Small.png.4gb9g3ip.ingestion-6bf64f87d9-q9rsg.jpg,1,dead
/content/testing/dead.dead-1387 Small.png.4gb9g3q5.ingestion-6bf64f87d9-gzjsg.jpg,1,dead
/content/testing/dead.dead-281.jpg.4gb9g4c0.ingestion-6bf64f87d9-nkxcl.jpg,1,dead
/content/testing/dead.dead-1362 Small.png.4gb9g4fm.ingestion-6bf64f87d9-gzjsg.jpg,1,dead
/content/testing/dead.dead-1224 Small.png.4gb9g4sa.ingestion-6bf64f87d9-q9rsg.jpg,1,dead
/content/testing/dead.dead-530.jpg.4gb9g5ka.ingestion-6bf64f87d9-gzjsg.jpg,1,dead
/content/testing/dead.dead-256.jpg.4gb9g5o1.ingestion-6bf64f87d9-nkxcl.jpg,1,dead
/content/testing/dead.dead-726.jpg.4gb9g60u.ingestion-6bf64f87d9-gzjsg.jpg,1,dead
/content/testing/dead.dead-1410 Small.png.4gb9g65r.ingestion-6bf64f87d9-nkxcl.jpg,1,dead
/content/testing/dead.dead-1283 Small.png.4gb9g6af.ingestion-6bf64f87d9-q9rsg.jpg,1,dead
/content/testing/dead.dead-1140 Small.png.4gb9g6oa.ingestion-6bf64f87d9-nkxcl.jpg,1,dead
/content/testing/dead.dead-982 Small.png.4gb9g7f3.ingestion-6bf64f87d9-nkxcl.jpg,1,dead
/content/testing/dead.dead-493.jpg.4gb9g7kk.ingestion-6bf64f87d9-gzjsg.jpg,1,dead
/content/testing/dead.dead-450.jpg.4gb9g7q5.ingestion-6bf64f87d9-q9rsg.jpg,1,dead
/content/testing/dead.dead-445.jpg.4gb9g80a.ingestion-6bf64f87d9-q9rsg.jpg,1,dead
/content/testing/dead.dead-1094 Small.png.4gb9g8cu.ingestion-6bf64f87d9-q9rsg.jpg,1,dead
/content/testing/dead.dead-848.jpg.4gb9g8oa.ingestion-6bf64f87d9-nkxcl.jpg,1,dead
/content/testing/dead.dead-135.jpg.4gb9g90b.ingestion-6bf64f87d9-q9rsg.jpg,1,dead
/content/testing/dead.dead-684.jpg.4gb9g98k.ingestion-6bf64f87d9-q9rsg.jpg,1,dead
/content/testing/dead.dead-874.jpg.4gb9g9f3.ingestion-6bf64f87d9-gzjsg.jpg,1,dead
/content/testing/dead.dead-525.jpg.4gb9g9q5.ingestion-6bf64f87d9-gzjsg.jpg,1,dead
/content/testing/dead.dead-1205 Small.png.4gb9ga66.ingestion-6bf64f87d9-q9rsg.jpg,1,dead
/content/testing/dead.dead-243.jpg.4gb9gac0.ingestion-6bf64f87d9-q9rsg.jpg,1,dead
/content/testing/dead.dead-1049 Small.png.4gb9gahi.ingestion-6bf64f87d9-gzjsg.jpg,1,dead
/content/testing/dead.dead-535.jpg.4gb9gb1i.ingestion-6bf64f87d9-nkxcl.jpg,1,dead
/content/testing/dead.dead-509.jpg.4gb9gbhi.ingestion-6bf64f87d9-q9rsg.jpg,1,dead
/content/testing/dead.dead-864.jpg.4gb9gbnn.ingestion-6bf64f87d9-nkxcl.jpg,1,dead
/content/testing/dead.dead-131.jpg.4gb9gbs0.ingestion-6bf64f87d9-gzjsg.jpg,1,dead
/content/testing/dead.dead-643.jpg.4gb9gc7m.ingestion-6bf64f87d9-gzjsg.jpg,1,dead
/content/testing/dead.dead-1.jpg.4gb9gd3d.ingestion-6bf64f87d9-gzjsg.jpg,1,dead
/content/testing/dead.dead-1381 Small.png.4gb9gdep.ingestion-6bf64f87d9-q9rsg.jpg,1,dead
/content/testing/dead.dead-482.jpg.4gb9gdg0.ingestion-6bf64f87d9-gzjsg.jpg,1,dead
/content/testing/dead.dead-332.jpg.4gb9gdou.ingestion-6bf64f87d9-nkxcl.jpg,1,dead
/content/testing/dead.dead-440.jpg.4gb9ge7d.ingestion-6bf64f87d9-nkxcl.jpg,1,dead
/content/testing/dead.dead-681.jpg.4gb9gem5.ingestion-6bf64f87d9-q9rsg.jpg,1,dead
/content/testing/dead.dead-736.jpg.4gb9geqf.ingestion-6bf64f87d9-q9rsg.jpg,1,dead
/content/testing/dead.dead-656.jpg.4gb9gf00.ingestion-6bf64f87d9-q9rsg.jpg,1,dead
/content/testing/dead.dead-252.jpg.4gb9gfbm.ingestion-6bf64f87d9-q9rsg.jpg,1,dead
/content/testing/dead.dead-1241 Small.png.4gb9gfov.ingestion-6bf64f87d9-nkxcl.jpg,1,dead
/content/testing/dead.dead-1307 Small.png.4gb9gg7n.ingestion-6bf64f87d9-gzjsg.jpg,1,dead
/content/testing/dead.dead-285.jpg.4gb9ggdr.ingestion-6bf64f87d9-gzjsg.jpg,1,dead
/content/testing/dead.dead-522.jpg.4gb9ggm5.ingestion-6bf64f87d9-gzjsg.jpg,1,dead
/content/testing/dead.dead-536.jpg.4gb9gh1i.ingestion-6bf64f87d9-gzjsg.jpg,1,dead
/content/testing/dead.dead-867.jpg.4gb9gha5.ingestion-6bf64f87d9-q9rsg.jpg,1,dead
/content/testing/dead.dead-898.jpg.4gb9ghl8.ingestion-6bf64f87d9-q9rsg.jpg,1,dead
/content/testing/dead.dead-873.jpg.4gb9ghmp.ingestion-6bf64f87d9-gzjsg.jpg,1,dead
/content/testing/dead.dead-324.jpg.4gb9gie5.ingestion-6bf64f87d9-gzjsg.jpg,1,dead
/content/testing/dead.dead-654.jpg.4gb9ginn.ingestion-6bf64f87d9-gzjsg.jpg,1,dead
/content/testing/dead.dead-1279 Small.png.4gb9giup.ingestion-6bf64f87d9-nkxcl.jpg,1,dead
/content/testing/dead.dead-1345 Small.png.4gb9gj1r.ingestion-6bf64f87d9-nkxcl.jpg,1,dead
/content/testing/dead.dead-318.jpg.4gb9gjca.ingestion-6bf64f87d9-gzjsg.jpg,1,dead
/content/testing/dead.dead-127.jpg.4gb9gk2q.ingestion-6bf64f87d9-nkxcl.jpg,1,dead
/content/testing/dead.dead-1258 Small.png.4gb9gkc1.ingestion-6bf64f87d9-nkxcl.jpg,1,dead
/content/testing/dead.dead-655.jpg.4gb9gkku.ingestion-6bf64f87d9-nkxcl.jpg,1,dead
/content/testing/dead.dead-872.jpg.4gb9gkt8.ingestion-6bf64f87d9-q9rsg.jpg,1,dead
/content/testing/dead.dead-1364 Small.png.4gb9gl8b.ingestion-6bf64f87d9-nkxcl.jpg,1,dead
/content/testing/dead.dead-1146 Small.png.4gb9glhu.ingestion-6bf64f87d9-q9rsg.jpg,1,dead
/content/testing/dead.dead-1236 Small.png.4gb9glrd.ingestion-6bf64f87d9-q9rsg.jpg,1,dead
/content/testing/dead.dead-1136 Small.png.4gb9gm7d.ingestion-6bf64f87d9-gzjsg.jpg,1,dead
/content/testing/dead.dead-587.jpg.4gb9gmmp.ingestion-6bf64f87d9-nkxcl.jpg,1,dead
/content/testing/dead.dead-949.jpg.4gb9gmti.ingestion-6bf64f87d9-q9rsg.jpg,1,dead
/content/testing/dead.dead-752.jpg.4gb9gn2f.ingestion-6bf64f87d9-nkxcl.jpg,1,dead
/content/testing/dead.dead-746.jpg.4gb9gncc.ingestion-6bf64f87d9-q9rsg.jpg,1,dead
/content/testing/dead.dead-71.jpg.4gb9go9r.ingestion-6bf64f87d9-gzjsg.jpg,1,dead
/content/testing/dead.dead-829.jpg.4gb9gomf.ingestion-6bf64f87d9-gzjsg.jpg,1,dead
/content/testing/dead.dead-154.jpg.4gb9goq5.ingestion-6bf64f87d9-nkxcl.jpg,1,dead
/content/testing/dead.dead-1408 Small.png.4gb9gp4k.ingestion-6bf64f87d9-q9rsg.jpg,1,dead
/content/testing/dead.dead-1314 Small.png.4gb9gpip.ingestion-6bf64f87d9-q9rsg.jpg,1,dead
/content/testing/dead.dead-356.jpg.4gb9gpsu.ingestion-6bf64f87d9-gzjsg.jpg,1,dead
/content/testing/dead.dead-155.jpg.4gb9gq4c.ingestion-6bf64f87d9-nkxcl.jpg,1,dead
/content/testing/dead.dead-394.jpg.4gb9gqca.ingestion-6bf64f87d9-q9rsg.jpg,1,dead
/content/testing/dead.dead-141.jpg.4gb9gqqi.ingestion-6bf64f87d9-q9rsg.jpg,1,dead
/content/testing/dead.dead-58.jpg.4gb9gr2g.ingestion-6bf64f87d9-gzjsg.jpg,1,dead
/content/testing/dead.dead-790.jpg.4gb9grck.ingestion-6bf64f87d9-nkxcl.jpg,1,dead
/content/testing/dead.dead-545.jpg.4gb9groa.ingestion-6bf64f87d9-q9rsg.jpg,1,dead
/content/testing/dead.dead-547.jpg.4gb9gu4u.ingestion-6bf64f87d9-gzjsg.jpg,1,dead
/content/testing/dead.dead-553.jpg.4gb9gunn.ingestion-6bf64f87d9-gzjsg.jpg,1,dead
/content/testing/dead.dead-235.jpg.4gb9guoa.ingestion-6bf64f87d9-q9rsg.jpg,1,dead
/content/testing/dead.dead-99.jpg.4gb9h03e.ingestion-6bf64f87d9-nkxcl.jpg,1,dead
/content/testing/dead.dead-396.jpg.4gb9h140.ingestion-6bf64f87d9-gzjsg.jpg,1,dead
/content/testing/dead.dead-72.jpg.4gb9h15h.ingestion-6bf64f87d9-nkxcl.jpg,1,dead
/content/testing/dead.dead-66.jpg.4gb9h1ck.ingestion-6bf64f87d9-gzjsg.jpg,1,dead
/content/testing/dead.dead-382.jpg.4gb9h1jc.ingestion-6bf64f87d9-nkxcl.jpg,1,dead
/content/testing/dead.dead-354.jpg.4gb9h1up.ingestion-6bf64f87d9-q9rsg.jpg,1,dead
/content/testing/dead.dead-341.jpg.4gb9h273.ingestion-6bf64f87d9-q9rsg.jpg,1,dead
/content/testing/dead.dead-142.jpg.4gb9h2h7.ingestion-6bf64f87d9-nkxcl.jpg,1,dead
/content/testing/dead.dead-630.jpg.4gb9h2mp.ingestion-6bf64f87d9-nkxcl.jpg,1,dead
/content/testing/dead.dead-195.jpg.4gb9h2v3.ingestion-6bf64f87d9-q9rsg.jpg,1,dead
/content/testing/dead.dead-817.jpg.4gb9h39r.ingestion-6bf64f87d9-q9rsg.jpg,1,dead
/content/testing/dead.dead-1483 Small.png.4gb9h418.ingestion-6bf64f87d9-gzjsg.jpg,1,dead
/content/testing/dead.dead-234.jpg.4gb9h4bd.ingestion-6bf64f87d9-q9rsg.jpg,1,dead
/content/testing/dead.dead-1160 Small.png.4gb9h4fn.ingestion-6bf64f87d9-q9rsg.jpg,1,dead
/content/testing/dead.dead-1333 Small.png.4gb9h4rd.ingestion-6bf64f87d9-q9rsg.jpg,1,dead
/content/testing/dead.dead-585.jpg.4gb9h5gu.ingestion-6bf64f87d9-nkxcl.jpg,1,dead
/content/testing/dead.dead-1043 Small.png.4gb9h5ph.ingestion-6bf64f87d9-nkxcl.jpg,1,dead
/content/testing/dead.dead-1349 Small.png.4gb9h61i.ingestion-6bf64f87d9-q9rsg.jpg,1,dead
/content/testing/dead.dead-754.jpg.4gb9h6af.ingestion-6bf64f87d9-gzjsg.jpg,1,dead
/content/testing/dead.dead-77.jpg.4gb9h6o0.ingestion-6bf64f87d9-q9rsg.jpg,1,dead
/content/testing/dead.dead-634.jpg.4gb9h73d.ingestion-6bf64f87d9-nkxcl.jpg,1,dead
/content/testing/dead.dead-152.jpg.4gb9h78k.ingestion-6bf64f87d9-q9rsg.jpg,1,dead
/content/testing/dead.dead-387.jpg.4gb9h7gu.ingestion-6bf64f87d9-gzjsg.jpg,1,dead
/content/testing/dead.dead-436.jpg.4gb9h7nd.ingestion-6bf64f87d9-gzjsg.jpg,1,dead
/content/testing/dead.dead-147.jpg.4gb9h86f.ingestion-6bf64f87d9-gzjsg.jpg,1,dead
/content/testing/dead.dead-437.jpg.4gb9h8gu.ingestion-6bf64f87d9-gzjsg.jpg,1,dead
/content/testing/dead.dead-386.jpg.4gb9h8ou.ingestion-6bf64f87d9-gzjsg.jpg,1,dead
/content/testing/dead.dead-1124 Small.png.4gb9h917.ingestion-6bf64f87d9-nkxcl.jpg,1,dead
/content/testing/dead.dead-755.jpg.4gb9h95r.ingestion-6bf64f87d9-nkxcl.jpg,1,dead
/content/testing/dead.dead-1130 Small.png.4gb9h9gk.ingestion-6bf64f87d9-q9rsg.jpg,1,dead
/content/testing/dead.dead-1368 Small.png.4gb9ha0m.ingestion-6bf64f87d9-nkxcl.jpg,1,dead
/content/testing/dead.dead-782.jpg.4gb9ha81.ingestion-6bf64f87d9-q9rsg.jpg,1,dead
/content/testing/dead.dead-1108 Small.png.4gb9hb58.ingestion-6bf64f87d9-gzjsg.jpg,1,dead
/content/testing/dead.dead-757.jpg.4gb9hbga.ingestion-6bf64f87d9-q9rsg.jpg,1,dead
/content/testing/dead.dead-958.jpg.4gb9hbnc.ingestion-6bf64f87d9-nkxcl.jpg,1,dead
/content/testing/dead.dead-794.jpg.4gb9hbsk.ingestion-6bf64f87d9-nkxcl.jpg,1,dead
/content/testing/dead.dead-192.jpg.4gb9hcu5.ingestion-6bf64f87d9-gzjsg.jpg,1,dead
/content/testing/infertile.infertile-721.jpg.4gbb4a7g.ingestion-6bf64f87d9-gzjsg.jpg,1,infertile
/content/testing/infertile.infertile1496 Small.png.4gbb4aaf.ingestion-6bf64f87d9-nkxcl.jpg,1,infertile
/content/testing/infertile.infertile1425 Small.png.4gbb4ab3.ingestion-6bf64f87d9-q9rsg.jpg,1,infertile
/content/testing/infertile.infertile-245.jpg.4gbb4abn.ingestion-6bf64f87d9-gzjsg.jpg,1,infertile
/content/testing/infertile.infertile-906.jpg.4gbb4afo.ingestion-6bf64f87d9-nkxcl.jpg,1,infertile
/content/testing/infertile.infertile991 Small.png.4gbb4aeg.ingestion-6bf64f87d9-nkxcl.jpg,1,infertile
/content/testing/infertile.infertile-127.jpg.4gbb4ajo.ingestion-6bf64f87d9-nkxcl.jpg,1,infertile
/content/testing/infertile.infertile-133.jpg.4gbb4as1.ingestion-6bf64f87d9-gzjsg.jpg,1,infertile
/content/testing/infertile.infertile1431 Small.png.4gbb4c4v.ingestion-6bf64f87d9-gzjsg.jpg,1,infertile
/content/testing/infertile.infertile1482 Small.png.4gbb4c75.ingestion-6bf64f87d9-nkxcl.jpg,1,infertile
/content/testing/infertile.infertile-319.jpg.4gbb4cck.ingestion-6bf64f87d9-q9rsg.jpg,1,infertile
/content/testing/infertile.infertile-481.jpg.4gbb4dg1.ingestion-6bf64f87d9-gzjsg.jpg,1,infertile
/content/testing/infertile.infertile1006 Small.png.4gbb4djn.ingestion-6bf64f87d9-q9rsg.jpg,1,infertile
/content/testing/infertile.infertile1376 Small.png.4gbb4dm6.ingestion-6bf64f87d9-q9rsg.jpg,1,infertile
/content/testing/infertile.infertile-78.jpg.4gbb4dup.ingestion-6bf64f87d9-gzjsg.jpg,1,infertile
/content/testing/infertile.infertile-720.jpg.4gbb4e81.ingestion-6bf64f87d9-nkxcl.jpg,1,infertile
/content/testing/infertile.infertile-293.jpg.4gbb4et0.ingestion-6bf64f87d9-q9rsg.jpg,1,infertile
/content/testing/infertile.infertile-278.jpg.4gbb4eup.ingestion-6bf64f87d9-q9rsg.jpg,1,infertile
/content/testing/infertile.infertile-734.jpg.4gbb4f9s.ingestion-6bf64f87d9-nkxcl.jpg,1,infertile
/content/testing/infertile.infertile1224 Small.png.4gbb4fcb.ingestion-6bf64f87d9-q9rsg.jpg,1,infertile
/content/testing/infertile.infertile1154 Small.png.4gbb4fhi.ingestion-6bf64f87d9-nkxcl.jpg,1,infertile
/content/testing/infertile.infertile1044 Small.png.4gbb4g3d.ingestion-6bf64f87d9-q9rsg.jpg,1,infertile
/content/testing/infertile.infertile1272 Small.png.4gbb4g6q.ingestion-6bf64f87d9-nkxcl.jpg,1,infertile
/content/testing/infertile.infertile1334 Small.png.4gbb4gc1.ingestion-6bf64f87d9-nkxcl.jpg,1,infertile
/content/testing/infertile.infertile-508.jpg.4gbb4ggb.ingestion-6bf64f87d9-gzjsg.jpg,1,infertile
/content/testing/infertile.infertile-124.jpg.4gbb4gn4.ingestion-6bf64f87d9-nkxcl.jpg,1,infertile
/content/testing/infertile.infertile-736.jpg.4gbb4gl8.ingestion-6bf64f87d9-gzjsg.jpg,1,infertile
/content/testing/infertile.infertile-695.jpg.4gbb4gup.ingestion-6bf64f87d9-gzjsg.jpg,1,infertile
/content/testing/infertile.infertile-454.jpg.4gbb4hm6.ingestion-6bf64f87d9-q9rsg.jpg,1,infertile
/content/testing/infertile.infertile-483.jpg.4gbb4i3d.ingestion-6bf64f87d9-nkxcl.jpg,1,infertile
/content/testing/infertile.infertile-864.jpg.4gbb4ivd.ingestion-6bf64f87d9-q9rsg.jpg,1,infertile
/content/testing/infertile.infertile-482.jpg.4gbb4j1s.ingestion-6bf64f87d9-q9rsg.jpg,1,infertile
/content/testing/infertile.infertile1071 Small.png.4gbb4ja0.ingestion-6bf64f87d9-q9rsg.jpg,1,infertile
/content/testing/infertile.infertile1467 Small.png.4gbb4jj3.ingestion-6bf64f87d9-gzjsg.jpg,1,infertile
/content/testing/infertile.infertile-90.jpg.4gbb4jmp.ingestion-6bf64f87d9-gzjsg.jpg,1,infertile
/content/testing/infertile.infertile-84.jpg.4gbb4jn3.ingestion-6bf64f87d9-nkxcl.jpg,1,infertile
/content/testing/infertile.infertile1123 Small.png.4gbb4kl8.ingestion-6bf64f87d9-nkxcl.jpg,1,infertile
/content/testing/infertile.infertile1409 Small.png.4gbb4ko1.ingestion-6bf64f87d9-gzjsg.jpg,1,infertile
/content/testing/infertile.infertile1190 Small.png.4gbb4ks1.ingestion-6bf64f87d9-q9rsg.jpg,1,infertile
/content/testing/infertile.infertile-247.jpg.4gbb4l01.ingestion-6bf64f87d9-nkxcl.jpg,1,infertile
/content/testing/infertile.infertile1229 Small.png.4gbb4l58.ingestion-6bf64f87d9-nkxcl.jpg,1,infertile
/content/testing/infertile.infertile-519.jpg.4gbb4l8k.ingestion-6bf64f87d9-gzjsg.jpg,1,infertile
/content/testing/infertile.infertile-521.jpg.4gbb4l81.ingestion-6bf64f87d9-q9rsg.jpg,1,infertile
/content/testing/infertile.infertile-109.jpg.4gbb4m2p.ingestion-6bf64f87d9-gzjsg.jpg,1,infertile
/content/testing/infertile.infertile-653.jpg.4gbb4mb3.ingestion-6bf64f87d9-nkxcl.jpg,1,infertile
/content/testing/infertile.infertile-874.jpg.4gbb4mif.ingestion-6bf64f87d9-q9rsg.jpg,1,infertile
/content/testing/infertile.infertile-860.jpg.4gbb4mli.ingestion-6bf64f87d9-nkxcl.jpg,1,infertile
/content/testing/infertile.infertile1014 Small.png.4gbb4nep.ingestion-6bf64f87d9-q9rsg.jpg,1,infertile
/content/testing/infertile.infertile-690.jpg.4gbb4nh8.ingestion-6bf64f87d9-nkxcl.jpg,1,infertile
/content/testing/infertile.infertile-451.jpg.4gbb4np6.ingestion-6bf64f87d9-nkxcl.jpg,1,infertile
/content/testing/infertile.infertile-450.jpg.4gbb4o33.ingestion-6bf64f87d9-q9rsg.jpg,1,infertile
/content/testing/infertile.infertile-486.jpg.4gbb4o3n.ingestion-6bf64f87d9-q9rsg.jpg,1,infertile
/content/testing/infertile.infertile-336.jpg.4gbb4o6f.ingestion-6bf64f87d9-nkxcl.jpg,1,infertile
/content/testing/infertile.infertile-322.jpg.4gbb4o9a.ingestion-6bf64f87d9-q9rsg.jpg,1,infertile
/content/testing/infertile.infertile1423 Small.png.4gbb4oc1.ingestion-6bf64f87d9-nkxcl.jpg,1,infertile
/content/testing/infertile.infertile-861.jpg.4gbb4omp.ingestion-6bf64f87d9-nkxcl.jpg,1,infertile
/content/testing/infertile.infertile-646.jpg.4gbb4os1.ingestion-6bf64f87d9-q9rsg.jpg,1,infertile
/content/testing/infertile.infertile-95.jpg.4gbb4phs.ingestion-6bf64f87d9-gzjsg.jpg,1,infertile
/content/testing/infertile.infertile1203 Small.png.4gbb4pje.ingestion-6bf64f87d9-nkxcl.jpg,1,infertile
/content/testing/infertile.infertile-929.jpg.4gbb4pnn.ingestion-6bf64f87d9-q9rsg.jpg,1,infertile
/content/testing/infertile.infertile-254.jpg.4gbb4qqp.ingestion-6bf64f87d9-q9rsg.jpg,1,infertile
/content/testing/infertile.infertile-240.jpg.4gbb4qst.ingestion-6bf64f87d9-gzjsg.jpg,1,infertile
/content/testing/infertile.infertile1307 Small.png.4gbb4rmf.ingestion-6bf64f87d9-gzjsg.jpg,1,infertile
/content/testing/infertile.infertile-122.jpg.4gbb4s0u.ingestion-6bf64f87d9-gzjsg.jpg,1,infertile
/content/testing/infertile.infertile-903.jpg.4gbb4sc1.ingestion-6bf64f87d9-nkxcl.jpg,1,infertile
/content/testing/infertile.infertile-678.jpg.4gbb4sga.ingestion-6bf64f87d9-gzjsg.jpg,1,infertile
/content/testing/infertile.infertile-687.jpg.4gbb4so1.ingestion-6bf64f87d9-gzjsg.jpg,1,infertile
/content/testing/infertile.infertile-334.jpg.4gbb4t8a.ingestion-6bf64f87d9-gzjsg.jpg,1,infertile
/content/testing/infertile.infertile-320.jpg.4gbb4tok.ingestion-6bf64f87d9-gzjsg.jpg,1,infertile
/content/testing/infertile.infertile-447.jpg.4gbb4tti.ingestion-6bf64f87d9-gzjsg.jpg,1,infertile
/content/testing/infertile.infertile-484.jpg.4gbb4u1s.ingestion-6bf64f87d9-gzjsg.jpg,1,infertile
/content/testing/infertile.infertile1274 Small.png.4gbb4u9m.ingestion-6bf64f87d9-gzjsg.jpg,1,infertile
/content/testing/infertile.infertile-137.jpg.4gbb4uou.ingestion-6bf64f87d9-nkxcl.jpg,1,infertile
/content/testing/infertile.infertile-686.jpg.4gbb4uqp.ingestion-6bf64f87d9-q9rsg.jpg,1,infertile
/content/testing/infertile.infertile-876.jpg.4gbb4uvn.ingestion-6bf64f87d9-nkxcl.jpg,1,infertile
/content/testing/infertile.infertile-916.jpg.4gbb4vef.ingestion-6bf64f87d9-nkxcl.jpg,1,infertile
/content/testing/infertile.infertile-731.jpg.4gbb4vv3.ingestion-6bf64f87d9-gzjsg.jpg,1,infertile
/content/testing/infertile.infertile-719.jpg.4gbb4vv5.ingestion-6bf64f87d9-gzjsg.jpg,1,infertile
/content/testing/infertile.infertile1395 Small.png.4gbb5098.ingestion-6bf64f87d9-q9rsg.jpg,1,infertile
/content/testing/infertile.infertile-232.jpg.4gbb50ds.ingestion-6bf64f87d9-q9rsg.jpg,1,infertile
/content/testing/infertile.infertile-971.jpg.4gbb519i.ingestion-6bf64f87d9-nkxcl.jpg,1,infertile
/content/testing/infertile.infertile-150.jpg.4gbb51gk.ingestion-6bf64f87d9-gzjsg.jpg,1,infertile
/content/testing/infertile.infertile1210 Small.png.4gbb51if.ingestion-6bf64f87d9-gzjsg.jpg,1,infertile
/content/testing/infertile.infertile-811.jpg.4gbb524u.ingestion-6bf64f87d9-gzjsg.jpg,1,infertile
/content/testing/infertile.infertile-805.jpg.4gbb52ps.ingestion-6bf64f87d9-nkxcl.jpg,1,infertile
/content/testing/infertile.infertile-26.jpg.4gbb52sk.ingestion-6bf64f87d9-nkxcl.jpg,1,infertile
/content/testing/infertile.infertile-352.jpg.4gbb530k.ingestion-6bf64f87d9-nkxcl.jpg,1,infertile
/content/testing/infertile.infertile-434.jpg.4gbb5318.ingestion-6bf64f87d9-q9rsg.jpg,1,infertile
/content/testing/infertile.infertile1363 Small.png.4gbb5381.ingestion-6bf64f87d9-gzjsg.jpg,1,infertile
/content/testing/infertile.infertile-435.jpg.4gbb53c1.ingestion-6bf64f87d9-q9rsg.jpg,1,infertile
/content/testing/infertile.infertile-810.jpg.4gbb53ob.ingestion-6bf64f87d9-q9rsg.jpg,1,infertile
/content/testing/infertile.infertile-192.jpg.4gbb53t8.ingestion-6bf64f87d9-q9rsg.jpg,1,infertile
/content/testing/infertile.infertile-838.jpg.4gbb53vd.ingestion-6bf64f87d9-nkxcl.jpg,1,infertile
/content/testing/infertile.infertile-179.jpg.4gbb543d.ingestion-6bf64f87d9-nkxcl.jpg,1,infertile
/content/testing/infertile.infertile-421.jpg.4gbb5458.ingestion-6bf64f87d9-nkxcl.jpg,1,infertile
/content/testing/infertile.infertile-637.jpg.4gbb548u.ingestion-6bf64f87d9-nkxcl.jpg,1,infertile
/content/testing/infertile.infertile-970.jpg.4gbb54l8.ingestion-6bf64f87d9-q9rsg.jpg,1,infertile
/content/testing/infertile.infertile-780.jpg.4gbb54vd.ingestion-6bf64f87d9-nkxcl.jpg,1,infertile
/content/testing/infertile.infertile-958.jpg.4gbb553d.ingestion-6bf64f87d9-q9rsg.jpg,1,infertile
/content/testing/infertile.infertile-794.jpg.4gbb5541.ingestion-6bf64f87d9-nkxcl.jpg,1,infertile
/content/testing/infertile.infertile-541.jpg.4gbb55o1.ingestion-6bf64f87d9-q9rsg.jpg,1,infertile
/content/testing/infertile.infertile-769.jpg.4gbb56kk.ingestion-6bf64f87d9-gzjsg.jpg,1,infertile
/content/testing/infertile.infertile1098 Small.png.4gbb56q6.ingestion-6bf64f87d9-nkxcl.jpg,1,infertile
/content/testing/infertile.infertile-972.jpg.4gbb56vn.ingestion-6bf64f87d9-gzjsg.jpg,1,infertile
/content/testing/infertile.infertile-782.jpg.4gbb57ck.ingestion-6bf64f87d9-q9rsg.jpg,1,infertile
/content/testing/infertile.infertile-609.jpg.4gbb57fn.ingestion-6bf64f87d9-gzjsg.jpg,1,infertile
/content/testing/infertile.infertile-19.jpg.4gbb58a9.ingestion-6bf64f87d9-gzjsg.jpg,1,infertile
/content/testing/infertile.infertile-423.jpg.4gbb58bi.ingestion-6bf64f87d9-gzjsg.jpg,1,infertile
/content/testing/infertile.infertile-25.jpg.4gbb58gk.ingestion-6bf64f87d9-gzjsg.jpg,1,infertile
/content/testing/infertile.infertile1429 Small.png.4gbb58li.ingestion-6bf64f87d9-gzjsg.jpg,1,infertile
/content/testing/infertile.infertile-345.jpg.4gbb58t8.ingestion-6bf64f87d9-q9rsg.jpg,1,infertile
/content/testing/infertile.infertile-191.jpg.4gbb59v3.ingestion-6bf64f87d9-q9rsg.jpg,1,infertile
/content/testing/infertile.infertile-18.jpg.4gbb5afd.ingestion-6bf64f87d9-nkxcl.jpg,1,infertile
/content/testing/infertile.infertile-740.jpg.4gbb5btt.ingestion-6bf64f87d9-gzjsg.jpg,1,infertile
/content/testing/infertile.infertile1185 Small.png.4gbb5bvd.ingestion-6bf64f87d9-q9rsg.jpg,1,infertile
/content/testing/infertile.infertile1290 Small.png.4gbb5c2q.ingestion-6bf64f87d9-q9rsg.jpg,1,infertile
/content/testing/infertile.infertile-963.jpg.4gbb5cck.ingestion-6bf64f87d9-q9rsg.jpg,1,infertile
/content/testing/infertile.infertile-977.jpg.4gbb5cg1.ingestion-6bf64f87d9-nkxcl.jpg,1,infertile
/content/testing/infertile.infertile1479 Small.png.4gbb5cip.ingestion-6bf64f87d9-gzjsg.jpg,1,infertile
/content/testing/infertile.infertile1001 Small.png.4gbb5d65.ingestion-6bf64f87d9-gzjsg.jpg,1,infertile
/content/testing/infertile.infertile-195.jpg.4gbb5dfn.ingestion-6bf64f87d9-gzjsg.jpg,1,infertile
/content/testing/infertile.infertile1147 Small.png.4gbb5dhs.ingestion-6bf64f87d9-gzjsg.jpg,1,infertile
/content/testing/infertile.infertile-433.jpg.4gbb5els.ingestion-6bf64f87d9-nkxcl.jpg,1,infertile
/content/testing/infertile.infertile-180.jpg.4gbb5eq6.ingestion-6bf64f87d9-gzjsg.jpg,1,infertile
/content/testing/infertile.infertile-427.jpg.4gbb5f4k.ingestion-6bf64f87d9-nkxcl.jpg,1,infertile
/content/testing/infertile.infertile-157.jpg.4gbb5ff3.ingestion-6bf64f87d9-q9rsg.jpg,1,infertile
/content/testing/infertile.infertile-792.jpg.4gbb5fjd.ingestion-6bf64f87d9-q9rsg.jpg,1,infertile
/content/testing/infertile.infertile-976.jpg.4gbb5fm6.ingestion-6bf64f87d9-nkxcl.jpg,1,infertile
/content/testing/infertile.infertile-745.jpg.4gbb5fv3.ingestion-6bf64f87d9-gzjsg.jpg,1,infertile
/content/testing/infertile.infertile-7.jpg.4gbb5g2g.ingestion-6bf64f87d9-nkxcl.jpg,1,infertile
/content/testing/infertile.infertile1172 Small.png.4gbb5hgb.ingestion-6bf64f87d9-gzjsg.jpg,1,infertile
/content/testing/infertile.infertile1202 Small.png.4gbb5hgk.ingestion-6bf64f87d9-gzjsg.jpg,1,infertile
/content/testing/infertile.infertile-633.jpg.4gbb5iuq.ingestion-6bf64f87d9-q9rsg.jpg,1,infertile
/content/testing/infertile.infertile1306 Small.png.4gbb5jaf.ingestion-6bf64f87d9-gzjsg.jpg,1,infertile
/content/testing/infertile.infertile1289 Small.png.4gbb5jgk.ingestion-6bf64f87d9-nkxcl.jpg,1,infertile
/content/testing/infertile.infertile-381.jpg.4gbb5jkk.ingestion-6bf64f87d9-nkxcl.jpg,1,infertile
/content/testing/infertile.infertile1441 Small.png.4gbb5jv3.ingestion-6bf64f87d9-nkxcl.jpg,1,infertile
/content/testing/infertile.infertile-418.jpg.4gbb5k2p.ingestion-6bf64f87d9-gzjsg.jpg,1,infertile
/content/testing/infertile.infertile-183.jpg.4gbb5k81.ingestion-6bf64f87d9-gzjsg.jpg,1,infertile
/content/testing/infertile.infertile1488 Small.png.4gbb5kkk.ingestion-6bf64f87d9-q9rsg.jpg,1,infertile
/content/testing/infertile.infertile-829.jpg.4gbb5knn.ingestion-6bf64f87d9-q9rsg.jpg,1,infertile
/content/testing/infertile.infertile-140.jpg.4gbb5kqf.ingestion-6bf64f87d9-nkxcl.jpg,1,infertile
/content/testing/infertile.infertile1261 Small.png.4gbb5lj3.ingestion-6bf64f87d9-nkxcl.jpg,1,infertile
/content/testing/infertile.infertile1455 Small.png.4gbb5ln3.ingestion-6bf64f87d9-gzjsg.jpg,1,infertile
/content/testing/infertile.infertile-222.jpg.4gbb5mjp.ingestion-6bf64f87d9-q9rsg.jpg,1,infertile
/content/testing/infertile.infertile-978.jpg.4gbb5n0m.ingestion-6bf64f87d9-nkxcl.jpg,1,infertile
/content/testing/infertile.infertile-549.jpg.4gbb5n1s.ingestion-6bf64f87d9-gzjsg.jpg,1,infertile
/content/testing/infertile.infertile-777.jpg.4gbb5nc1.ingestion-6bf64f87d9-nkxcl.jpg,1,infertile
/content/testing/infertile.infertile-165.jpg.4gbb5nk1.ingestion-6bf64f87d9-q9rsg.jpg,1,infertile
/content/testing/infertile.infertile-603.jpg.4gbb5nmf.ingestion-6bf64f87d9-gzjsg.jpg,1,infertile
/content/testing/infertile.infertile-171.jpg.4gbb5nqp.ingestion-6bf64f87d9-gzjsg.jpg,1,infertile
/content/testing/infertile.infertile-818.jpg.4gbb5o18.ingestion-6bf64f87d9-nkxcl.jpg,1,infertile
/content/testing/infertile.infertile1295 Small.png.4gbb5ofd.ingestion-6bf64f87d9-nkxcl.jpg,1,infertile
/content/testing/infertile.infertile1156 Small.png.4gbb5ohi.ingestion-6bf64f87d9-q9rsg.jpg,1,infertile
/content/testing/infertile.infertile-398.jpg.4gbb5ojd.ingestion-6bf64f87d9-gzjsg.jpg,1,infertile
/content/testing/infertile.infertile-415.jpg.4gbb5ouf.ingestion-6bf64f87d9-gzjsg.jpg,1,infertile
/content/testing/infertile.infertile-429.jpg.4gbb5p26.ingestion-6bf64f87d9-q9rsg.jpg,1,infertile
/content/testing/infertile.infertile-428.jpg.4gbb5pob.ingestion-6bf64f87d9-q9rsg.jpg,1,infertile
/content/testing/infertile.infertile-170.jpg.4gbb5psl.ingestion-6bf64f87d9-nkxcl.jpg,1,infertile
/content/testing/infertile.infertile-366.jpg.4gbb5pu6.ingestion-6bf64f87d9-gzjsg.jpg,1,infertile
/content/testing/infertile.infertile-819.jpg.4gbb5q3n.ingestion-6bf64f87d9-gzjsg.jpg,1,infertile
/content/testing/infertile.infertile-789.jpg.4gbb5q4u.ingestion-6bf64f87d9-gzjsg.jpg,1,infertile
/content/testing/infertile.infertile-616.jpg.4gbb5q90.ingestion-6bf64f87d9-gzjsg.jpg,1,infertile
/content/testing/infertile.infertile-762.jpg.4gbb5qck.ingestion-6bf64f87d9-q9rsg.jpg,1,infertile
/content/testing/infertile.infertile-206.jpg.4gbb5qsb.ingestion-6bf64f87d9-gzjsg.jpg,1,infertile
/content/testing/infertile.infertile1269 Small.png.4gbb5qv3.ingestion-6bf64f87d9-nkxcl.jpg,1,infertile
/content/testing/infertile.infertile1433 Small.png.4gbb5rcb.ingestion-6bf64f87d9-q9rsg.jpg,1,infertile
/content/testing/infertile.infertile1163 Small.png.4gbb5rei.ingestion-6bf64f87d9-q9rsg.jpg,1,infertile
/content/testing/infertile.infertile-210.jpg.4gbb5rhs.ingestion-6bf64f87d9-gzjsg.jpg,1,infertile
/content/testing/infertile.infertile1379 Small.png.4gbb5t1s.ingestion-6bf64f87d9-gzjsg.jpg,1,infertile
/content/testing/infertile.infertile-416.jpg.4gbb5t4b.ingestion-6bf64f87d9-nkxcl.jpg,1,infertile
/content/testing/infertile.infertile-38.jpg.4gbb5tdk.ingestion-6bf64f87d9-gzjsg.jpg,1,infertile
/content/testing/infertile.infertile-10.jpg.4gbb5tmg.ingestion-6bf64f87d9-q9rsg.jpg,1,infertile
/content/testing/infertile.infertile-364.jpg.4gbb5tp8.ingestion-6bf64f87d9-gzjsg.jpg,1,infertile
/content/testing/infertile.infertile-402.jpg.4gbb5tr3.ingestion-6bf64f87d9-nkxcl.jpg,1,infertile
/content/testing/infertile.infertile-11.jpg.4gbb5ups.ingestion-6bf64f87d9-nkxcl.jpg,1,infertile
/content/testing/infertile.infertile-832.jpg.4gbb5uts.ingestion-6bf64f87d9-nkxcl.jpg,1,infertile
/content/testing/infertile.infertile-952.jpg.4gbb5uup.ingestion-6bf64f87d9-nkxcl.jpg,1,infertile
/content/testing/infertile.infertile-946.jpg.4gbb5v41.ingestion-6bf64f87d9-gzjsg.jpg,1,infertile
/content/testing/infertile.infertile1264 Small.png.4gbb5v5i.ingestion-6bf64f87d9-nkxcl.jpg,1,infertile
/content/testing/infertile.infertile1322 Small.png.4gbb5vf3.ingestion-6bf64f87d9-gzjsg.jpg,1,infertile
/content/testing/infertile.infertile1391 Small.png.4gbb5vk1.ingestion-6bf64f87d9-gzjsg.jpg,1,infertile
/content/testing/infertile.infertile-211.jpg.4gbb5vps.ingestion-6bf64f87d9-nkxcl.jpg,1,infertile
/content/testing/infertile.infertile-229.jpg.4gbb601i.ingestion-6bf64f87d9-gzjsg.jpg,1,infertile
/content/testing/infertile.infertile-761.jpg.4gbb6036.ingestion-6bf64f87d9-gzjsg.jpg,1,infertile
/content/testing/infertile.infertile1444 Small.png.4gbb60db.ingestion-6bf64f87d9-q9rsg.jpg,1,infertile
/content/testing/infertile.infertile-563.jpg.4gbb60g1.ingestion-6bf64f87d9-gzjsg.jpg,1,infertile
/content/testing/infertile.infertile-942.jpg.4gbb60vd.ingestion-6bf64f87d9-gzjsg.jpg,1,infertile
/content/testing/infertile.infertile-771.jpg.4gbb60ug.ingestion-6bf64f87d9-q9rsg.jpg,1,infertile
/content/testing/infertile.infertile-836.jpg.4gbb61gu.ingestion-6bf64f87d9-q9rsg.jpg,1,infertile
/content/testing/infertile.infertile1435 Small.png.4gbb62nd.ingestion-6bf64f87d9-q9rsg.jpg,1,infertile
/content/testing/infertile.infertile1234 Small.png.4gbb62u6.ingestion-6bf64f87d9-gzjsg.jpg,1,infertile
/content/testing/infertile.infertile-348.jpg.4gbb62vd.ingestion-6bf64f87d9-nkxcl.jpg,1,infertile
/content/testing/infertile.infertile-610.jpg.4gbb63f3.ingestion-6bf64f87d9-q9rsg.jpg,1,infertile
/content/testing/infertile.infertile-176.jpg.4gbb63hi.ingestion-6bf64f87d9-nkxcl.jpg,1,infertile
/content/testing/infertile.infertile-943.jpg.4gbb63sb.ingestion-6bf64f87d9-q9rsg.jpg,1,infertile
/content/testing/infertile.infertile-955.jpg.4gbb65b5.ingestion-6bf64f87d9-q9rsg.jpg,1,infertile
/content/testing/infertile.infertile1456 Small.png.4gbb65hs.ingestion-6bf64f87d9-gzjsg.jpg,1,infertile
/content/testing/infertile.infertile1276 Small.png.4gbb65uh.ingestion-6bf64f87d9-nkxcl.jpg,1,infertile
/content/testing/infertile.infertile-160.jpg.4gbb661i.ingestion-6bf64f87d9-q9rsg.jpg,1,infertile
/content/testing/infertile.infertile-438.jpg.4gbb66th.ingestion-6bf64f87d9-nkxcl.jpg,1,infertile
/content/testing/infertile.infertile1463 Small.png.4gbb67q4.ingestion-6bf64f87d9-q9rsg.jpg,1,infertile
/content/testing/infertile.infertile-808.jpg.4gbb68ao.ingestion-6bf64f87d9-gzjsg.jpg,1,infertile
/content/testing/infertile.infertile1243 Small.png.4gbb68nc.ingestion-6bf64f87d9-q9rsg.jpg,1,infertile
/content/testing/infertile.infertile1305 Small.png.4gbb68q5.ingestion-6bf64f87d9-gzjsg.jpg,1,infertile
/content/testing/infertile.infertile-613.jpg.4gbb68sa.ingestion-6bf64f87d9-q9rsg.jpg,1,infertile
/content/testing/infertile.infertile-161.jpg.4gbb68vm.ingestion-6bf64f87d9-nkxcl.jpg,1,infertile
/content/testing/infertile.infertile-968.jpg.4gbb692o.ingestion-6bf64f87d9-gzjsg.jpg,1,infertile
/content/testing/infertile.infertile-954.jpg.4gbb6980.ingestion-6bf64f87d9-gzjsg.jpg,1,infertile
/content/testing/infertile.infertile-203.jpg.4gbb69n2.ingestion-6bf64f87d9-gzjsg.jpg,1,infertile
/content/testing/infertile.infertile1477 Small.png.4gbb69vc.ingestion-6bf64f87d9-q9rsg.jpg,1,infertile
/content/testing/infertile.infertile1311 Small.png.4gbb6a4a.ingestion-6bf64f87d9-q9rsg.jpg,1,infertile
/content/testing/infertile.infertile-516.jpg.4gbb6a72.ingestion-6bf64f87d9-q9rsg.jpg,1,infertile
/content/testing/infertile.infertile1361 Small.png.4gbb6act.ingestion-6bf64f87d9-q9rsg.jpg,1,infertile
/content/testing/infertile.infertile1011 Small.png.4gbb6aeo.ingestion-6bf64f87d9-gzjsg.jpg,1,infertile
/content/testing/infertile.infertile1194 Small.png.4gbb6ajc.ingestion-6bf64f87d9-nkxcl.jpg,1,infertile
/content/testing/infertile.infertile1157 Small.png.4gbb6amf.ingestion-6bf64f87d9-nkxcl.jpg,1,infertile
/content/testing/infertile.infertile-660.jpg.4gbb6b02.ingestion-6bf64f87d9-nkxcl.jpg,1,infertile
/content/testing/infertile.infertile-112.jpg.4gbb6b40.ingestion-6bf64f87d9-gzjsg.jpg,1,infertile
/content/testing/infertile.infertile-648.jpg.4gbb6b9r.ingestion-6bf64f87d9-nkxcl.jpg,1,infertile
/content/testing/infertile.infertile-700.jpg.4gbb6bd7.ingestion-6bf64f87d9-q9rsg.jpg,1,infertile
/content/testing/infertile.infertile-847.jpg.4gbb6bjc.ingestion-6bf64f87d9-gzjsg.jpg,1,infertile
/content/testing/infertile.infertile-58.jpg.4gbb6c5h.ingestion-6bf64f87d9-nkxcl.jpg,1,infertile
/content/testing/infertile.infertile1375 Small.png.4gbb6c80.ingestion-6bf64f87d9-gzjsg.jpg,1,infertile
/content/testing/infertile.infertile-310.jpg.4gbb6cjc.ingestion-6bf64f87d9-q9rsg.jpg,1,infertile
/content/testing/infertile.infertile-311.jpg.4gbb6dj2.ingestion-6bf64f87d9-q9rsg.jpg,1,infertile
/content/testing/infertile.infertile986 Small.png.4gbb6drm.ingestion-6bf64f87d9-gzjsg.jpg,1,infertile
/content/testing/infertile.infertile1097 Small.png.4gbb6duf.ingestion-6bf64f87d9-gzjsg.jpg,1,infertile
/content/testing/infertile.infertile-65.jpg.4gbb6e17.ingestion-6bf64f87d9-q9rsg.jpg,1,infertile
/content/testing/infertile.infertile-71.jpg.4gbb6e1r.ingestion-6bf64f87d9-nkxcl.jpg,1,infertile
/content/testing/infertile.infertile1481 Small.png.4gbb6edr.ingestion-6bf64f87d9-gzjsg.jpg,1,infertile
/content/testing/infertile.infertile-107.jpg.4gbb6eh7.ingestion-6bf64f87d9-gzjsg.jpg,1,infertile
/content/testing/infertile.infertile-661.jpg.4gbb6emq.ingestion-6bf64f87d9-nkxcl.jpg,1,infertile
/content/testing/infertile.infertile1495 Small.png.4gbb6eth.ingestion-6bf64f87d9-gzjsg.jpg,1,infertile
/content/testing/infertile.infertile-715.jpg.4gbb6fn2.ingestion-6bf64f87d9-q9rsg.jpg,1,infertile
/content/testing/infertile.infertile-265.jpg.4gbb6g57.ingestion-6bf64f87d9-q9rsg.jpg,1,infertile
/content/testing/infertile.infertile1250 Small.png.4gbb6gga.ingestion-6bf64f87d9-nkxcl.jpg,1,infertile
/content/testing/infertile.infertile-677.jpg.4gbb6gl7.ingestion-6bf64f87d9-q9rsg.jpg,1,infertile
/content/testing/infertile.infertile1193 Small.png.4gbb6gok.ingestion-6bf64f87d9-q9rsg.jpg,1,infertile
/content/testing/infertile.infertile-139.jpg.4gbb6h6f.ingestion-6bf64f87d9-q9rsg.jpg,1,infertile
/content/testing/infertile.infertile-850.jpg.4gbb6hdt.ingestion-6bf64f87d9-nkxcl.jpg,1,infertile
/content/testing/infertile.infertile1244 Small.png.4gbb6hf3.ingestion-6bf64f87d9-nkxcl.jpg,1,infertile
/content/testing/infertile.infertile-893.jpg.4gbb6hnm.ingestion-6bf64f87d9-gzjsg.jpg,1,infertile
/content/testing/infertile.infertile-461.jpg.4gbb6hq5.ingestion-6bf64f87d9-gzjsg.jpg,1,infertile
/content/testing/infertile.infertile-307.jpg.4gbb6hue.ingestion-6bf64f87d9-q9rsg.jpg,1,infertile
/content/testing/infertile.infertile-460.jpg.4gbb6in2.ingestion-6bf64f87d9-gzjsg.jpg,1,infertile
/content/testing/infertile.infertile-676.jpg.4gbb6jh7.ingestion-6bf64f87d9-gzjsg.jpg,1,infertile
/content/testing/infertile.infertile-716.jpg.4gbb6jr7.ingestion-6bf64f87d9-q9rsg.jpg,1,infertile
/content/testing/infertile.infertile1498 Small.png.4gbb6juf.ingestion-6bf64f87d9-nkxcl.jpg,1,infertile
/content/testing/infertile.infertile1384 Small.png.4gbb6k1c.ingestion-6bf64f87d9-gzjsg.jpg,1,infertile
/content/testing/infertile.infertile1337 Small.png.4gbb6k6f.ingestion-6bf64f87d9-nkxcl.jpg,1,infertile
/content/testing/infertile.infertile-500.jpg.4gbb6kga.ingestion-6bf64f87d9-nkxcl.jpg,1,infertile
/content/testing/infertile.infertile-504.jpg.4gbb6kjc.ingestion-6bf64f87d9-gzjsg.jpg,1,infertile
/content/testing/infertile.infertile-262.jpg.4gbb6kkj.ingestion-6bf64f87d9-nkxcl.jpg,1,infertile
/content/testing/infertile.infertile-289.jpg.4gbb6kve.ingestion-6bf64f87d9-nkxcl.jpg,1,infertile
/content/testing/infertile.infertile-266.jpg.4gbb6l4a.ingestion-6bf64f87d9-gzjsg.jpg,1,infertile
/content/testing/infertile.infertile-935.jpg.4gbb6lds.ingestion-6bf64f87d9-gzjsg.jpg,1,infertile
/content/testing/infertile.infertile1164 Small.png.4gbb6lgj.ingestion-6bf64f87d9-q9rsg.jpg,1,infertile
/content/testing/infertile.infertile-100.jpg.4gbb6m8k.ingestion-6bf64f87d9-q9rsg.jpg,1,infertile
/content/testing/infertile.infertile-896.jpg.4gbb6map.ingestion-6bf64f87d9-q9rsg.jpg,1,infertile
/content/testing/infertile.infertile-76.jpg.4gbb6n4u.ingestion-6bf64f87d9-q9rsg.jpg,1,infertile
/content/testing/infertile.infertile-303.jpg.4gbb6nca.ingestion-6bf64f87d9-gzjsg.jpg,1,infertile
/content/testing/infertile.infertile-316.jpg.4gbb6ndh.ingestion-6bf64f87d9-nkxcl.jpg,1,infertile
/content/testing/infertile.infertile1170 Small.png.4gbb6nmp.ingestion-6bf64f87d9-nkxcl.jpg,1,infertile
/content/testing/infertile.infertile-465.jpg.4gbb6o2f.ingestion-6bf64f87d9-nkxcl.jpg,1,infertile
/content/testing/infertile.infertile-854.jpg.4gbb6ofd.ingestion-6bf64f87d9-nkxcl.jpg,1,infertile
/content/testing/infertile.infertile-673.jpg.4gbb6p97.ingestion-6bf64f87d9-q9rsg.jpg,1,infertile
/content/testing/infertile.infertile-897.jpg.4gbb6pep.ingestion-6bf64f87d9-gzjsg.jpg,1,infertile
/content/testing/infertile.infertile1373 Small.png.4gbb6pif.ingestion-6bf64f87d9-nkxcl.jpg,1,infertile
/content/testing/infertile.infertile-705.jpg.4gbb6qq4.ingestion-6bf64f87d9-q9rsg.jpg,1,infertile
/content/testing/infertile.infertile-739.jpg.4gbb6r3c.ingestion-6bf64f87d9-gzjsg.jpg,1,infertile
/content/testing/infertile.infertile-711.jpg.4gbb6rap.ingestion-6bf64f87d9-nkxcl.jpg,1,infertile
/content/testing/infertile.infertile-103.jpg.4gbb6rdr.ingestion-6bf64f87d9-gzjsg.jpg,1,infertile
/content/testing/infertile.infertile-665.jpg.4gbb6rt7.ingestion-6bf64f87d9-nkxcl.jpg,1,infertile
/content/testing/infertile.infertile1382 Small.png.4gbb6sif.ingestion-6bf64f87d9-nkxcl.jpg,1,infertile
/content/testing/infertile.infertile-467.jpg.4gbb6sqf.ingestion-6bf64f87d9-nkxcl.jpg,1,infertile
/content/testing/infertile.infertile-498.jpg.4gbb6ssk.ingestion-6bf64f87d9-q9rsg.jpg,1,infertile
/content/testing/infertile.infertile1476 Small.png.4gbb6tsu.ingestion-6bf64f87d9-nkxcl.jpg,1,infertile
/content/testing/infertile.infertile-880.jpg.4gbb6tv2.ingestion-6bf64f87d9-gzjsg.jpg,1,infertile
/content/testing/infertile.infertile-658.jpg.4gbb6u2q.ingestion-6bf64f87d9-q9rsg.jpg,1,infertile
/content/testing/infertile.infertile-923.jpg.4gbb6u32.ingestion-6bf64f87d9-gzjsg.jpg,1,infertile
/content/testing/infertile.infertile-937.jpg.4gbb6uj4.ingestion-6bf64f87d9-nkxcl.jpg,1,infertile
/content/testing/infertile.infertile1304 Small.png.4gbb6uj4.ingestion-6bf64f87d9-q9rsg.jpg,1,infertile
/content/testing/infertile.infertile1181 Small.png.4gbb6uj3.ingestion-6bf64f87d9-gzjsg.jpg,1,infertile
/content/testing/infertile.infertile-710.jpg.4gbb6uj6.ingestion-6bf64f87d9-nkxcl.jpg,1,infertile
/content/testing/fertile.fertile-393.jpg.4gqfhppn.ingestion-5774855475-lq9bd.jpg,1,fertile
/content/testing/fertile.fertile604.jpg.4gqfhq6p.ingestion-5774855475-lq9bd.jpg,1,fertile
/content/testing/fertile.fertile-387.jpg.4gqfhq75.ingestion-5774855475-bd8w2.jpg,1,fertile
/content/testing/fertile.fertile-10.jpg.4gqfhqvi.ingestion-5774855475-bd8w2.jpg,1,fertile
/content/testing/fertile.fertile764.jpg.4gqfhrgm.ingestion-5774855475-bgkc6.jpg,1,fertile
/content/testing/fertile.fertile994.jpg.4gqfhrk4.ingestion-5774855475-bd8w2.jpg,1,fertile
/content/testing/fertile.fertile758.jpg.4gqfhsdv.ingestion-5774855475-lq9bd.jpg,1,fertile
/content/testing/fertile.fertile-219.jpg.4gqfhsbv.ingestion-5774855475-bgkc6.jpg,1,fertile
/content/testing/fertile.fertile765.jpg.4gqfhspv.ingestion-5774855475-bgkc6.jpg,1,fertile
/content/testing/fertile.fertile1122.jpg.4gqfht2s.ingestion-5774855475-bd8w2.jpg,1,fertile
/content/testing/fertile.fertile-153.jpg.4gqfhtr5.ingestion-5774855475-bgkc6.jpg,1,fertile
/content/testing/fertile.fertile-39.jpg.4gqfhu3p.ingestion-5774855475-lq9bd.jpg,1,fertile
/content/testing/fertile.fertile-379.jpg.4gqfhu5h.ingestion-5774855475-lq9bd.jpg,1,fertile
/content/testing/fertile.fertile-386.jpg.4gqfhu83.ingestion-5774855475-bd8w2.jpg,1,fertile
/content/testing/fertile.fertile1120.jpg.4gqfi0dn.ingestion-5774855475-bgkc6.jpg,1,fertile
/content/testing/fertile.fertile-145.jpg.4gqfi0sc.ingestion-5774855475-bd8w2.jpg,1,fertile
/content/testing/fertile.fertile1054.jpg.4gqfi11v.ingestion-5774855475-lq9bd.jpg,1,fertile
/content/testing/fertile.fertile968.jpg.4gqfi1ce.ingestion-5774855475-bgkc6.jpg,1,fertile
/content/testing/fertile.fertile773.jpg.4gqfi1q8.ingestion-5774855475-bd8w2.jpg,1,fertile
/content/testing/fertile.fertile996.jpg.4gqfi1v0.ingestion-5774855475-bd8w2.jpg,1,fertile
/content/testing/fertile.fertile1096.jpg.4gqfi2jq.ingestion-5774855475-bd8w2.jpg,1,fertile
/content/testing/fertile.fertile772.jpg.4gqfi2jf.ingestion-5774855475-bgkc6.jpg,1,fertile
/content/testing/fertile.fertile1135.jpg.4gqfi2rb.ingestion-5774855475-bgkc6.jpg,1,fertile
/content/testing/fertile.fertile-408.jpg.4gqfi32s.ingestion-5774855475-lq9bd.jpg,1,fertile
/content/testing/fertile.fertile-187.jpg.4gqfi3qr.ingestion-5774855475-bgkc6.jpg,1,fertile
/content/testing/fertile.fertile-150.jpg.4gqfi3rp.ingestion-5774855475-bd8w2.jpg,1,fertile
/content/testing/fertile.fertile-193.jpg.4gqfi3t8.ingestion-5774855475-lq9bd.jpg,1,fertile
/content/testing/fertile.fertile-395.jpg.4gqfi56a.ingestion-5774855475-lq9bd.jpg,1,fertile
/content/testing/fertile.fertile-418.jpg.4gqfi56r.ingestion-5774855475-bd8w2.jpg,1,fertile
/content/testing/fertile.fertile-424.jpg.4gqfi5ar.ingestion-5774855475-bd8w2.jpg,1,fertile
/content/testing/fertile.fertile-183.jpg.4gqfi5d0.ingestion-5774855475-lq9bd.jpg,1,fertile
/content/testing/fertile.fertile-16.jpg.4gqfi5el.ingestion-5774855475-lq9bd.jpg,1,fertile
/content/testing/fertile.fertile1092.jpg.4gqfi5es.ingestion-5774855475-bd8w2.jpg,1,fertile
/content/testing/fertile.fertile-154.jpg.4gqfi5is.ingestion-5774855475-bgkc6.jpg,1,fertile
/content/testing/fertile.fertile1079.jpg.4gqfi611.ingestion-5774855475-bgkc6.jpg,1,fertile
/content/testing/fertile.fertile-237.jpg.4gqfi69k.ingestion-5774855475-bgkc6.jpg,1,fertile
/content/testing/fertile.fertile762.jpg.4gqfi6e8.ingestion-5774855475-lq9bd.jpg,1,fertile
/content/testing/fertile.fertile789.jpg.4gqfi6cc.ingestion-5774855475-bd8w2.jpg,1,fertile
/content/testing/fertile.fertile777.jpg.4gqfi6sm.ingestion-5774855475-bd8w2.jpg,1,fertile
/content/testing/fertile.fertile1093.jpg.4gqfi7a9.ingestion-5774855475-lq9bd.jpg,1,fertile
/content/testing/fertile.fertile-8.jpg.4gqfi7bf.ingestion-5774855475-bgkc6.jpg,1,fertile
/content/testing/fertile.fertile788.jpg.4gqfi7hk.ingestion-5774855475-bd8w2.jpg,1,fertile
/content/testing/fertile.fertile1087.jpg.4gqfi7jg.ingestion-5774855475-bgkc6.jpg,1,fertile
/content/testing/fertile.fertile1124.jpg.4gqfi7pv.ingestion-5774855475-bgkc6.jpg,1,fertile
/content/testing/fertile.fertile575.jpg.4gqfi8kn.ingestion-5774855475-lq9bd.jpg,1,fertile
/content/testing/fertile.fertile-182.jpg.4gqfi9g3.ingestion-5774855475-lq9bd.jpg,1,fertile
/content/testing/fertile.fertile-396.jpg.4gqfi9pa.ingestion-5774855475-lq9bd.jpg,1,fertile
/content/testing/fertile.fertile1132.jpg.4gqfiam8.ingestion-5774855475-bd8w2.jpg,1,fertile
/content/testing/fertile.fertile-15.jpg.4gqfiano.ingestion-5774855475-bgkc6.jpg,1,fertile
/content/testing/fertile.fertile-143.jpg.4gqfiatu.ingestion-5774855475-bgkc6.jpg,1,fertile
/content/testing/fertile.fertile1052.jpg.4gqfib1h.ingestion-5774855475-lq9bd.jpg,1,fertile
/content/testing/fertile.fertile760.jpg.4gqfickm.ingestion-5774855475-bd8w2.jpg,1,fertile
/content/testing/fertile.fertile-221.jpg.4gqfid83.ingestion-5774855475-lq9bd.jpg,1,fertile
/content/testing/fertile.fertile-220.jpg.4gqfidfp.ingestion-5774855475-bd8w2.jpg,1,fertile
/content/testing/fertile.fertile984.jpg.4gqfidj8.ingestion-5774855475-bd8w2.jpg,1,fertile
/content/testing/fertile.fertile1133.jpg.4gqfieir.ingestion-5774855475-bd8w2.jpg,1,fertile
/content/testing/fertile.fertile1127.jpg.4gqfif3g.ingestion-5774855475-bd8w2.jpg,1,fertile
/content/testing/fertile.fertile833.jpg.4gqfig7p.ingestion-5774855475-bd8w2.jpg,1,fertile
/content/testing/fertile.fertile-333.jpg.4gqfiglu.ingestion-5774855475-bd8w2.jpg,1,fertile
/content/testing/fertile.fertile628.jpg.4gqfih3f.ingestion-5774855475-bgkc6.jpg,1,fertile
/content/testing/fertile.fertile897.jpg.4gqfihb5.ingestion-5774855475-lq9bd.jpg,1,fertile
/content/testing/fertile.fertile-469.jpg.4gqfihqh.ingestion-5774855475-bgkc6.jpg,1,fertile
/content/testing/fertile.fertile-98.jpg.4gqfihv5.ingestion-5774855475-bd8w2.jpg,1,fertile
/content/testing/fertile.fertile-290.jpg.4gqfii1a.ingestion-5774855475-lq9bd.jpg,1,fertile
/content/testing/fertile.fertile-119.jpg.4gqfii67.ingestion-5774855475-bgkc6.jpg,1,fertile
/content/testing/fertile.fertile921.jpg.4gqfijai.ingestion-5774855475-lq9bd.jpg,1,fertile
/content/testing/fertile.fertile-252.jpg.4gqfijf5.ingestion-5774855475-bgkc6.jpg,1,fertile
/content/testing/fertile.fertile712.jpg.4gqfijj5.ingestion-5774855475-bgkc6.jpg,1,fertile
/content/testing/fertile.fertile-509.jpg.4gqfijus.ingestion-5774855475-lq9bd.jpg,1,fertile
/content/testing/fertile.fertile920.jpg.4gqfijuj.ingestion-5774855475-bd8w2.jpg,1,fertile
/content/testing/fertile.fertile706.jpg.4gqfikid.ingestion-5774855475-bd8w2.jpg,1,fertile
/content/testing/fertile.fertile-124.jpg.4gqfil0m.ingestion-5774855475-lq9bd.jpg,1,fertile
/content/testing/fertile.fertile-332.jpg.4gqfil1a.ingestion-5774855475-bd8w2.jpg,1,fertile
/content/testing/fertile.fertile-326.jpg.4gqfil00.ingestion-5774855475-bgkc6.jpg,1,fertile
/content/testing/fertile.fertile-99.jpg.4gqfil8m.ingestion-5774855475-lq9bd.jpg,1,fertile
/content/testing/fertile.fertile882.jpg.4gqfillu.ingestion-5774855475-lq9bd.jpg,1,fertile
/content/testing/fertile.fertile666.jpg.4gqfilos.ingestion-5774855475-bd8w2.jpg,1,fertile
/content/testing/fertile.fertile672.jpg.4gqfim0m.ingestion-5774855475-bgkc6.jpg,1,fertile
/content/testing/fertile.fertile-318.jpg.4gqfim5a.ingestion-5774855475-bd8w2.jpg,1,fertile
/content/testing/fertile.fertile857.jpg.4gqfim8m.ingestion-5774855475-bgkc6.jpg,1,fertile
/content/testing/fertile.fertile1023.jpg.4gqfimjq.ingestion-5774855475-bd8w2.jpg,1,fertile
/content/testing/fertile.fertile-456.jpg.4gqfimhu.ingestion-5774855475-lq9bd.jpg,1,fertile
/content/testing/fertile.fertile-132.jpg.4gqfimrp.ingestion-5774855475-lq9bd.jpg,1,fertile
/content/testing/fertile.fertile-58.jpg.4gqfimsu.ingestion-5774855475-bgkc6.jpg,1,fertile
/content/testing/fertile.fertile-279.jpg.4gqfin8d.ingestion-5774855475-lq9bd.jpg,1,fertile
/content/testing/fertile.fertile-245.jpg.4gqfind0.ingestion-5774855475-bgkc6.jpg,1,fertile
/content/testing/fertile.fertile739.jpg.4gqfinhu.ingestion-5774855475-bgkc6.jpg,1,fertile
/content/testing/fertile.fertile711.jpg.4gqfioke.ingestion-5774855475-lq9bd.jpg,1,fertile
/content/testing/fertile.fertile-65.jpg.4gqfioo3.ingestion-5774855475-lq9bd.jpg,1,fertile
/content/testing/fertile.fertile-309.jpg.4gqfips3.ingestion-5774855475-bgkc6.jpg,1,fertile
/content/testing/fertile.fertile-335.jpg.4gqfiqc3.ingestion-5774855475-bd8w2.jpg,1,fertile
/content/testing/fertile.fertile-490.jpg.4gqfiqgt.ingestion-5774855475-bd8w2.jpg,1,fertile
/content/testing/fertile.fertile-480.jpg.4gqfir1a.ingestion-5774855475-lq9bd.jpg,1,fertile
/content/testing/fertile.fertile701.jpg.4gqfiro3.ingestion-5774855475-bd8w2.jpg,1,fertile
/content/testing/fertile.fertile-283.jpg.4gqfisqr.ingestion-5774855475-bd8w2.jpg,1,fertile
/content/testing/fertile.fertile-446.jpg.4gqfiuvc.ingestion-5774855475-bd8w2.jpg,1,fertile
/content/testing/fertile.fertile-48.jpg.4gqfivla.ingestion-5774855475-lq9bd.jpg,1,fertile
/content/testing/fertile.fertile-60.jpg.4gqfivmh.ingestion-5774855475-bgkc6.jpg,1,fertile
/content/testing/fertile.fertile-322.jpg.4gqfj5sm.ingestion-5774855475-bd8w2.jpg,1,fertile
/content/testing/fertile.fertile-493.jpg.4gqfj60m.ingestion-5774855475-bgkc6.jpg,1,fertile
/content/testing/fertile.fertile845.jpg.4gqfj64a.ingestion-5774855475-bgkc6.jpg,1,fertile
/content/testing/fertile.fertile1031.jpg.4gqfj6fi.ingestion-5774855475-lq9bd.jpg,1,fertile
/content/testing/fertile.fertile-444.jpg.4gqfj6ta.ingestion-5774855475-lq9bd.jpg,1,fertile
/content/testing/fertile.fertile-62.jpg.4gqfj74d.ingestion-5774855475-lq9bd.jpg,1,fertile
/content/testing/fertile.fertile-134.jpg.4gqfj75a.ingestion-5774855475-lq9bd.jpg,1,fertile
/content/testing/fertile.fertile-256.jpg.4gqfjb1u.ingestion-5774855475-lq9bd.jpg,1,fertile
/content/testing/fertile.fertile931.jpg.4gqfjc52.ingestion-5774855475-bgkc6.jpg,1,fertile
/content/testing/fertile.fertile-525.jpg.4gqfjc7p.ingestion-5774855475-bgkc6.jpg,1,fertile
/content/testing/fertile.fertile-280.jpg.4gqfjc4h.ingestion-5774855475-lq9bd.jpg,1,fertile
/content/testing/fertile.fertile1018.jpg.4gqfjcfl.ingestion-5774855475-lq9bd.jpg,1,fertile
/content/testing/fertile.fertile-451.jpg.4gqfjctl.ingestion-5774855475-bgkc6.jpg,1,fertile
/content/testing/fertile.fertile-88.jpg.4gqfjdii.ingestion-5774855475-bgkc6.jpg,1,fertile
/content/testing/fertile.fertile-486.jpg.4gqfje0q.ingestion-5774855475-bgkc6.jpg,1,fertile
/content/testing/fertile.fertile-448.jpg.4gqfje7i.ingestion-5774855475-bgkc6.jpg,1,fertile
/content/testing/fertile.fertile-474.jpg.4gqfjf7p.ingestion-5774855475-lq9bd.jpg,1,fertile
/content/testing/fertile.fertile-85.jpg.4gqfjf9v.ingestion-5774855475-bd8w2.jpg,1,fertile
/content/testing/fertile.fertile-266.jpg.4gqfjfe8.ingestion-5774855475-bd8w2.jpg,1,fertile
/content/testing/fertile.fertile-138.jpg.4gqfjfe9.ingestion-5774855475-lq9bd.jpg,1,fertile
/content/testing/fertile.fertile-52.jpg.4gqfjg6a.ingestion-5774855475-bgkc6.jpg,1,fertile
/content/testing/fertile.fertile-267.jpg.4gqfjhve.ingestion-5774855475-lq9bd.jpg,1,fertile
/content/testing/fertile.fertile-298.jpg.4gqfji1u.ingestion-5774855475-lq9bd.jpg,1,fertile
/content/testing/fertile.fertile-313.jpg.4gqfjiub.ingestion-5774855475-bgkc6.jpg,1,fertile
/content/testing/fertile.fertile684.jpg.4gqfjiua.ingestion-5774855475-lq9bd.jpg,1,fertile
/content/testing/fertile.fertile-139.jpg.4gqfjiu8.ingestion-5774855475-bgkc6.jpg,1,fertile
/content/testing/fertile.fertile-90.jpg.4gqfjjlb.ingestion-5774855475-bd8w2.jpg,1,fertile
/content/testing/fertile.fertile647.jpg.4gqfjjn5.ingestion-5774855475-lq9bd.jpg,1,fertile
/content/testing/fertile.fertile-475.jpg.4gqfjjsn.ingestion-5774855475-bgkc6.jpg,1,fertile
/content/testing/fertile.fertile653.jpg.4gqfjk1u.ingestion-5774855475-bgkc6.jpg,1,fertile
/content/testing/fertile.fertile645.jpg.4gqfjk3f.ingestion-5774855475-lq9bd.jpg,1,fertile
/content/testing/fertile.fertile-339.jpg.4gqfjkj5.ingestion-5774855475-lq9bd.jpg,1,fertile
/content/testing/fertile.fertile1002.jpg.4gqfjl4f.ingestion-5774855475-lq9bd.jpg,1,fertile
/content/testing/fertile.fertile-86.jpg.4gqfjl9u.ingestion-5774855475-bd8w2.jpg,1,fertile
/content/testing/fertile.fertile-45.jpg.4gqfjlg3.ingestion-5774855475-bd8w2.jpg,1,fertile
/content/testing/fertile.fertile-503.jpg.4gqfjlpk.ingestion-5774855475-bd8w2.jpg,1,fertile
/content/testing/fertile.fertile916.jpg.4gqfjmn6.ingestion-5774855475-lq9bd.jpg,1,fertile
/content/testing/fertile.fertile903.jpg.4gqfjmom.ingestion-5774855475-lq9bd.jpg,1,fertile
/content/testing/fertile.fertile-516.jpg.4gqfjmuc.ingestion-5774855475-bd8w2.jpg,1,fertile
/content/testing/fertile.fertile-78.jpg.4gqfjn7q.ingestion-5774855475-lq9bd.jpg,1,fertile
/content/testing/fertile.fertile693.jpg.4gqfjo6h.ingestion-5774855475-bd8w2.jpg,1,fertile
/content/testing/fertile.fertile-310.jpg.4gqfjoa7.ingestion-5774855475-bd8w2.jpg,1,fertile
/content/testing/fertile.fertile-476.jpg.4gqfjot0.ingestion-5774855475-bgkc6.jpg,1,fertile
/content/testing/fertile.fertile863.jpg.4gqfjot1.ingestion-5774855475-bgkc6.jpg,1,fertile
/content/testing/fertile.fertile-300.jpg.4gqfjp5a.ingestion-5774855475-bd8w2.jpg,1,fertile
/content/testing/fertile.fertile-499.jpg.4gqfjp75.ingestion-5774855475-bgkc6.jpg,1,fertile
/content/testing/fertile.fertile867.jpg.4gqfjp9a.ingestion-5774855475-lq9bd.jpg,1,fertile
/content/testing/fertile.fertile1007.jpg.4gqfjpv6.ingestion-5774855475-bd8w2.jpg,1,fertile
/content/testing/fertile.fertile-274.jpg.4gqfjqbp.ingestion-5774855475-bd8w2.jpg,1,fertile
/content/testing/fertile.fertile-275.jpg.4gqfjqkm.ingestion-5774855475-bd8w2.jpg,1,fertile
/content/testing/fertile.fertile721.jpg.4gqfjr9k.ingestion-5774855475-bgkc6.jpg,1,fertile
/content/testing/fertile.fertile-103.jpg.4gqfjrj5.ingestion-5774855475-bgkc6.jpg,1,fertile
/content/testing/fertile.fertile872.jpg.4gqfjs1k.ingestion-5774855475-bgkc6.jpg,1,fertile
/content/testing/fertile.fertile643.jpg.4gqfjs43.ingestion-5774855475-bgkc6.jpg,1,fertile
/content/testing/fertile.fertile-498.jpg.4gqfjsim.ingestion-5774855475-bgkc6.jpg,1,fertile
/content/testing/fertile.fertile-459.jpg.4gqfjssm.ingestion-5774855475-bgkc6.jpg,1,fertile
/content/testing/fertile.fertile694.jpg.4gqfjsvp.ingestion-5774855475-lq9bd.jpg,1,fertile
/content/testing/fertile.fertile-94.jpg.4gqfjt43.ingestion-5774855475-lq9bd.jpg,1,fertile
/content/testing/fertile.fertile-276.jpg.4gqfju5k.ingestion-5774855475-bd8w2.jpg,1,fertile
/content/testing/fertile.fertile905.jpg.4gqfjuda.ingestion-5774855475-bd8w2.jpg,1,fertile
/content/testing/fertile.fertile736.jpg.4gqfjugd.ingestion-5774855475-bgkc6.jpg,1,fertile
/content/testing/fertile.fertile-539.jpg.4gqfjurf.ingestion-5774855475-lq9bd.jpg,1,fertile
/content/testing/fertile.fertile910.jpg.4gqfjus2.ingestion-5774855475-bd8w2.jpg,1,fertile
/content/testing/fertile.fertile-504.jpg.4gqfjv2h.ingestion-5774855475-bgkc6.jpg,1,fertile
/content/testing/fertile.fertile1011.jpg.4gqfjv37.ingestion-5774855475-bd8w2.jpg,1,fertile
/content/testing/fertile.fertile722.jpg.4gqfjvaq.ingestion-5774855475-bd8w2.jpg,1,fertile
/content/testing/fertile.fertile-302.jpg.4gqfjvm8.ingestion-5774855475-bgkc6.jpg,1,fertile
/content/testing/fertile.fertile-100.jpg.4gqfjvr8.ingestion-5774855475-lq9bd.jpg,1,fertile
/content/testing/fertile.fertile-316.jpg.4gqfjvvf.ingestion-5774855475-bd8w2.jpg,1,fertile
/content/testing/fertile.fertile-81.jpg.4gqfk0dc.ingestion-5774855475-lq9bd.jpg,1,fertile
/content/testing/fertile.fertile-56.jpg.4gqfk0cc.ingestion-5774855475-bd8w2.jpg,1,fertile
/content/testing/fertile.fertile-470.jpg.4gqfk0j6.ingestion-5774855475-lq9bd.jpg,1,fertile
/content/testing/fertile.fertile656.jpg.4gqfk0v5.ingestion-5774855475-bd8w2.jpg,1,fertile
/content/testing/fertile.fertile619.jpg.4gqfk1eo.ingestion-5774855475-lq9bd.jpg,1,fertile
/content/testing/fertile.fertile-359.jpg.4gqfk1mh.ingestion-5774855475-bd8w2.jpg,1,fertile
/content/testing/fertile.fertile-19.jpg.4gqfk1sn.ingestion-5774855475-bd8w2.jpg,1,fertile
/content/testing/fertile.fertile745.jpg.4gqfk20c.ingestion-5774855475-bd8w2.jpg,1,fertile
/content/testing/fertile.fertile-31.jpg.4gqfk21k.ingestion-5774855475-bd8w2.jpg,1,fertile
/content/testing/fertile.fertile584.jpg.4gqfk25t.ingestion-5774855475-bgkc6.jpg,1,fertile
/content/testing/fertile.fertile-211.jpg.4gqfk28c.ingestion-5774855475-bd8w2.jpg,1,fertile
/content/testing/fertile.fertile962.jpg.4gqfk2jg.ingestion-5774855475-bd8w2.jpg,1,fertile
/content/testing/fertile.fertile-238.jpg.4gqfk2m7.ingestion-5774855475-bd8w2.jpg,1,fertile
/content/testing/fertile.fertile792.jpg.4gqfk3dc.ingestion-5774855475-bgkc6.jpg,1,fertile
/content/testing/fertile.fertile1077.jpg.4gqfk3qt.ingestion-5774855475-bgkc6.jpg,1,fertile
/content/testing/fertile.fertile787.jpg.4gqfk4ge.ingestion-5774855475-lq9bd.jpg,1,fertile
/content/testing/fertile.fertile591.jpg.4gqfk4jp.ingestion-5774855475-bd8w2.jpg,1,fertile
/content/testing/fertile.fertile552.jpg.4gqfk4us.ingestion-5774855475-bd8w2.jpg,1,fertile
/content/testing/fertile.fertile-416.jpg.4gqfk5ea.ingestion-5774855475-bgkc6.jpg,1,fertile
/content/testing/fertile.fertile-402.jpg.4gqfk611.ingestion-5774855475-lq9bd.jpg,1,fertile
/content/testing/fertile.fertile829.jpg.4gqfk60m.ingestion-5774855475-bgkc6.jpg,1,fertile
/content/testing/fertile.fertile-399.jpg.4gqfk6f5.ingestion-5774855475-bd8w2.jpg,1,fertile
/content/testing/fertile.fertile626.jpg.4gqfk6jp.ingestion-5774855475-lq9bd.jpg,1,fertile
/content/testing/fertile.fertile-158.jpg.4gqfk78s.ingestion-5774855475-bgkc6.jpg,1,fertile
/content/testing/fertile.fertile746.jpg.4gqfk7c3.ingestion-5774855475-bgkc6.jpg,1,fertile
/content/testing/fertile.fertile587.jpg.4gqfk83f.ingestion-5774855475-lq9bd.jpg,1,fertile
/content/testing/fertile.fertile975.jpg.4gqfk85l.ingestion-5774855475-bgkc6.jpg,1,fertile
/content/testing/fertile.fertile-207.jpg.4gqfk88d.ingestion-5774855475-bgkc6.jpg,1,fertile
/content/testing/fertile.fertile-213.jpg.4gqfk8g5.ingestion-5774855475-lq9bd.jpg,1,fertile
/content/testing/fertile.fertile1048.jpg.4gqfka0r.ingestion-5774855475-lq9bd.jpg,1,fertile
/content/testing/fertile.fertile1128.jpg.4gqfkal2.ingestion-5774855475-lq9bd.jpg,1,fertile
/content/testing/fertile.fertile753.jpg.4gqfkan5.ingestion-5774855475-bgkc6.jpg,1,fertile
/content/testing/fertile.fertile1114.jpg.4gqfkal2.ingestion-5774855475-bgkc6.jpg,1,fertile
/content/testing/fertile.fertile-159.jpg.4gqfkb2t.ingestion-5774855475-bd8w2.jpg,1,fertile
/content/testing/fertile.fertile592.jpg.4gqfkb5a.ingestion-5774855475-bd8w2.jpg,1,fertile
/content/testing/fertile.fertile-415.jpg.4gqfkbo4.ingestion-5774855475-bgkc6.jpg,1,fertile
/content/testing/fertile.fertile810.jpg.4gqfkc61.ingestion-5774855475-lq9bd.jpg,1,fertile
/content/testing/fertile.fertile838.jpg.4gqfkcm0.ingestion-5774855475-bgkc6.jpg,1,fertile
/content/testing/fertile.fertile627.jpg.4gqfkcmm.ingestion-5774855475-lq9bd.jpg,1,fertile
/content/testing/fertile.fertile1104.jpg.4gqfkd4e.ingestion-5774855475-lq9bd.jpg,1,fertile
/content/testing/fertile.fertile-149.jpg.4gqfkd9a.ingestion-5774855475-bgkc6.jpg,1,fertile
/content/testing/fertile.fertile596.jpg.4gqfke72.ingestion-5774855475-bgkc6.jpg,1,fertile
/content/testing/fertile.fertile964.jpg.4gqfkec4.ingestion-5774855475-bgkc6.jpg,1,fertile
/content/testing/fertile.fertile959.jpg.4gqfkeiv.ingestion-5774855475-lq9bd.jpg,1,fertile
/content/testing/fertile.fertile-203.jpg.4gqfkeiu.ingestion-5774855475-lq9bd.jpg,1,fertile
/content/testing/fertile.fertile568.jpg.4gqfkf44.ingestion-5774855475-bgkc6.jpg,1,fertile
/content/testing/fertile.fertile597.jpg.4gqfkflk.ingestion-5774855475-lq9bd.jpg,1,fertile
/content/testing/fertile.fertile795.jpg.4gqfkfll.ingestion-5774855475-bd8w2.jpg,1,fertile
/content/testing/fertile.fertile805.jpg.4gqfkgs4.ingestion-5774855475-bgkc6.jpg,1,fertile
/content/testing/fertile.fertile636.jpg.4gqfkh0m.ingestion-5774855475-lq9bd.jpg,1,fertile
/content/testing/fertile.fertile620.jpg.4gqfkhng.ingestion-5774855475-bd8w2.jpg,1,fertile
/content/testing/fertile.fertile-406.jpg.4gqfkht0.ingestion-5774855475-bgkc6.jpg,1,fertile
/content/testing/fertile.fertile1107.jpg.4gqfkik4.ingestion-5774855475-bgkc6.jpg,1,fertile
/content/testing/fertile.fertile-34.jpg.4gqfkj16.ingestion-5774855475-lq9bd.jpg,1,fertile
/content/testing/fertile.fertile-360.jpg.4gqfkivg.ingestion-5774855475-bd8w2.jpg,1,fertile
/content/testing/fertile.fertile-3.jpg.4gqfkj4m.ingestion-5774855475-bd8w2.jpg,1,fertile
/content/testing/fertile.fertile967.jpg.4gqfkja8.ingestion-5774855475-bd8w2.jpg,1,fertile
/content/testing/fertile.fertile595.jpg.4gqfkjd9.ingestion-5774855475-bd8w2.jpg,1,fertile
/content/testing/fertile.fertile972.jpg.4gqfkjse.ingestion-5774855475-lq9bd.jpg,1,fertile
/content/testing/fertile.fertile741.jpg.4gqfkk05.ingestion-5774855475-bd8w2.jpg,1,fertile
/content/testing/fertile.fertile580.jpg.4gqfkk7p.ingestion-5774855475-bd8w2.jpg,1,fertile
/content/testing/fertile.fertile557.jpg.4gqfkkps.ingestion-5774855475-bgkc6.jpg,1,fertile
/content/testing/fertile.fertile-35.jpg.4gqfkljp.ingestion-5774855475-bgkc6.jpg,1,fertile
/content/testing/fertile.fertile-21.jpg.4gqfklko.ingestion-5774855475-bd8w2.jpg,1,fertile
/content/testing/fertile.fertile-375.jpg.4gqfklqi.ingestion-5774855475-lq9bd.jpg,1,fertile
/content/testing/fertile.fertile812.jpg.4gqfkm2r.ingestion-5774855475-bgkc6.jpg,1,fertile
/content/testing/fertile.fertile621.jpg.4gqfkm68.ingestion-5774855475-bd8w2.jpg,1,fertile
/content/testing/fertile.fertile-136.jpg.4gqfmkrs.ingestion-5774855475-bd8w2.jpg,1,fertile
/content/testing/fertile.fertile933.jpg.4gqfmkpa.ingestion-5774855475-bd8w2.jpg,1,fertile
/content/testing/fertile.fertile1410.jpg.4gqfvj39.ingestion-5774855475-lq9bd.jpg,1,fertile
/content/testing/fertile.fertile1417.jpg.4gqfvj3e.ingestion-5774855475-bd8w2.jpg,1,fertile
/content/testing/fertile.fertile1401.jpg.4gqfvjpk.ingestion-5774855475-bgkc6.jpg,1,fertile
/content/testing/fertile.fertile1407.jpg.4gqfvjr5.ingestion-5774855475-lq9bd.jpg,1,fertile
/content/testing/fertile.fertile1424.jpg.4gqfvjsn.ingestion-5774855475-lq9bd.jpg,1,fertile
/content/testing/fertile.fertile1423.jpg.4gqfvjsn.ingestion-5774855475-bgkc6.jpg,1,fertile
/content/testing/fertile.fertile1428.jpg.4gqfvk36.ingestion-5774855475-lq9bd.jpg,1,fertile
/content/testing/fertile.fertile1429.jpg.4gqfvk45.ingestion-5774855475-bgkc6.jpg,1,fertile
/content/testing/fertile.fertile1425.jpg.4gqfvk4m.ingestion-5774855475-lq9bd.jpg,1,fertile
/content/testing/fertile.fertile1437.jpg.4gqfvk9u.ingestion-5774855475-bgkc6.jpg,1,fertile
/content/testing/fertile.fertile1436.jpg.4gqfvk9v.ingestion-5774855475-lq9bd.jpg,1,fertile
/content/testing/fertile.fertile1439.jpg.4gqfvkcn.ingestion-5774855475-lq9bd.jpg,1,fertile
/content/testing/fertile.fertile1449.jpg.4gqfvkko.ingestion-5774855475-bgkc6.jpg,1,fertile
/content/testing/fertile.fertile1451.jpg.4gqfvku8.ingestion-5774855475-bd8w2.jpg,1,fertile
/content/testing/fertile.fertile1467.jpg.4gqfvll2.ingestion-5774855475-bgkc6.jpg,1,fertile
/content/testing/fertile.fertile1488.jpg.4gqfvmfo.ingestion-5774855475-bgkc6.jpg,1,fertile
/content/testing/fertile.fertile1490.jpg.4gqfvn6h.ingestion-5774855475-bgkc6.jpg,1,fertile
/content/testing/fertile.fertile1514.jpg.4gqfvpim.ingestion-5774855475-lq9bd.jpg,1,fertile
/content/testing/fertile.fertile1521.jpg.4gqfvpvm.ingestion-5774855475-bd8w2.jpg,1,fertile
/content/testing/fertile.fertile1548.jpg.4gqfvrfo.ingestion-5774855475-bgkc6.jpg,1,fertile
/content/testing/fertile.fertile1563.jpg.4gqfvsbo.ingestion-5774855475-lq9bd.jpg,1,fertile
/content/testing/fertile.fertile1568.jpg.4gqfvsqh.ingestion-5774855475-bgkc6.jpg,1,fertile
/content/testing/fertile.fertile1567.jpg.4gqfvspp.ingestion-5774855475-bd8w2.jpg,1,fertile
/content/testing/fertile.fertile1562.jpg.4gqfvumj.ingestion-5774855475-lq9bd.jpg,1,fertile
/content/testing/fertile.fertile1572.jpg.4gqfvveh.ingestion-5774855475-lq9bd.jpg,1,fertile
/content/testing/fertile.fertile1585.jpg.4gqfvvmt.ingestion-5774855475-bgkc6.jpg,1,fertile
/content/testing/fertile.fertile1586.jpg.4gqfvvoc.ingestion-5774855475-bd8w2.jpg,1,fertile
/content/testing/fertile.fertile1573.jpg.4gqg007p.ingestion-5774855475-bgkc6.jpg,1,fertile
/content/testing/fertile.fertile1584.jpg.4gqg00ha.ingestion-5774855475-bd8w2.jpg,1,fertile
/content/testing/fertile.fertile1579.jpg.4gqg00jf.ingestion-5774855475-lq9bd.jpg,1,fertile
/content/testing/fertile.fertile1597.jpg.4gqg00q8.ingestion-5774855475-bgkc6.jpg,1,fertile
/content/testing/fertile.fertile1596.jpg.4gqg0135.ingestion-5774855475-lq9bd.jpg,1,fertile
/content/testing/fertile.fertile1600.jpg.4gqg022h.ingestion-5774855475-bgkc6.jpg,1,fertile
/content/testing/fertile.fertile1617.jpg.4gqg02nh.ingestion-5774855475-bgkc6.jpg,1,fertile
/content/testing/fertile.fertile1611.jpg.4gqg037p.ingestion-5774855475-lq9bd.jpg,1,fertile
/content/testing/fertile.fertile1621.jpg.4gqg038m.ingestion-5774855475-lq9bd.jpg,1,fertile
/content/testing/fertile.fertile1628.jpg.4gqg04dk.ingestion-5774855475-bd8w2.jpg,1,fertile
/content/testing/fertile.fertile1635.jpg.4gqg04du.ingestion-5774855475-lq9bd.jpg,1,fertile
/content/testing/fertile.fertile1262.jpg.4gqg6rp6.ingestion-5774855475-lq9bd.jpg,1,fertile
/content/testing/fertile.fertile1266.jpg.4gqg6rv7.ingestion-5774855475-lq9bd.jpg,1,fertile
/content/testing/fertile.fertile1251.jpg.4gqg6s9t.ingestion-5774855475-bd8w2.jpg,1,fertile
/content/testing/fertile.fertile1256.jpg.4gqg6sf5.ingestion-5774855475-bd8w2.jpg,1,fertile
/content/testing/fertile.fertile1272.jpg.4gqg6sq7.ingestion-5774855475-bd8w2.jpg,1,fertile
/content/testing/fertile.fertile1260.jpg.4gqg6sq6.ingestion-5774855475-bd8w2.jpg,1,fertile
/content/testing/fertile.fertile1259.jpg.4gqg6sus.ingestion-5774855475-bgkc6.jpg,1,fertile
/content/testing/fertile.fertile1277.jpg.4gqg6tfp.ingestion-5774855475-lq9bd.jpg,1,fertile
/content/testing/fertile.fertile1279.jpg.4gqg6tng.ingestion-5774855475-bd8w2.jpg,1,fertile
/content/testing/fertile.fertile1286.jpg.4gqg6var.ingestion-5774855475-lq9bd.jpg,1,fertile
/content/testing/fertile.fertile1288.jpg.4gqg6vpb.ingestion-5774855475-bd8w2.jpg,1,fertile
/content/training/dead.dead-968.jpg.4gb9ejm9.ingestion-6bf64f87d9-gzjsg.jpg,1,dead
/content/training/dead.dead-798.jpg.4gb9ek36.ingestion-6bf64f87d9-nkxcl.jpg,1,dead
/content/training/dead.dead-1264 Small.png.4gb9ek3g.ingestion-6bf64f87d9-q9rsg.jpg,1,dead
/content/training/dead.dead-940.jpg.4gb9ekfn.ingestion-6bf64f87d9-q9rsg.jpg,1,dead
/content/training/dead.dead-565.jpg.4gb9ekjd.ingestion-6bf64f87d9-gzjsg.jpg,1,dead
/content/training/dead.dead-767.jpg.4gb9ekjd.ingestion-6bf64f87d9-q9rsg.jpg,1,dead
/content/training/dead.dead-1114 Small.png.4gb9ekip.ingestion-6bf64f87d9-q9rsg.jpg,1,dead
/content/training/dead.dead-217.jpg.4gb9ekk1.ingestion-6bf64f87d9-q9rsg.jpg,1,dead
/content/training/dead.dead-954.jpg.4gb9eku5.ingestion-6bf64f87d9-q9rsg.jpg,1,dead
/content/training/dead.dead-1391 Small.png.4gb9el01.ingestion-6bf64f87d9-gzjsg.jpg,1,dead
/content/training/dead.dead-571.jpg.4gb9el00.ingestion-6bf64f87d9-q9rsg.jpg,1,dead
/content/training/dead.dead-1444 Small.png.4gb9eku6.ingestion-6bf64f87d9-nkxcl.jpg,1,dead
/content/training/dead.dead-559.jpg.4gb9el0a.ingestion-6bf64f87d9-nkxcl.jpg,1,dead
/content/training/dead.dead-1052 Small.png.4gb9el0k.ingestion-6bf64f87d9-nkxcl.jpg,1,dead
/content/training/dead.dead-203.jpg.4gb9el18.ingestion-6bf64f87d9-nkxcl.jpg,1,dead
/content/training/dead.dead-1322 Small.png.4gb9el0u.ingestion-6bf64f87d9-gzjsg.jpg,1,dead
/content/training/dead.dead-93.jpg.4gb9el2f.ingestion-6bf64f87d9-nkxcl.jpg,1,dead
/content/training/dead.dead-834.jpg.4gb9el41.ingestion-6bf64f87d9-gzjsg.jpg,1,dead
/content/training/dead.dead-87.jpg.4gb9el42.ingestion-6bf64f87d9-nkxcl.jpg,1,dead
/content/training/dead.dead-808.jpg.4gb9eld8.ingestion-6bf64f87d9-q9rsg.jpg,1,dead
/content/training/dead.dead-175.jpg.4gb9elg0.ingestion-6bf64f87d9-gzjsg.jpg,1,dead
/content/training/dead.dead-149.jpg.4gb9elga.ingestion-6bf64f87d9-q9rsg.jpg,1,dead
/content/training/dead.dead-161.jpg.4gb9elgu.ingestion-6bf64f87d9-gzjsg.jpg,1,dead
/content/training/dead.dead-1385 Small.png.4gb9em0k.ingestion-6bf64f87d9-q9rsg.jpg,1,dead
/content/training/dead.dead-50.jpg.4gb9em1i.ingestion-6bf64f87d9-gzjsg.jpg,1,dead
/content/training/dead.dead-44.jpg.4gb9em3n.ingestion-6bf64f87d9-nkxcl.jpg,1,dead
/content/training/dead.dead-613.jpg.4gb9em3n.ingestion-6bf64f87d9-q9rsg.jpg,1,dead
/content/training/dead.dead-377.jpg.4gb9em58.ingestion-6bf64f87d9-q9rsg.jpg,1,dead
/content/training/dead.dead-1499 Small.png.4gb9em8b.ingestion-6bf64f87d9-nkxcl.jpg,1,dead
/content/training/dead.dead-411.jpg.4gb9em80.ingestion-6bf64f87d9-gzjsg.jpg,1,dead
/content/training/dead.dead-1450 Small.png.4gb9em9s.ingestion-6bf64f87d9-q9rsg.jpg,1,dead
/content/training/dead.dead-376.jpg.4gb9emck.ingestion-6bf64f87d9-nkxcl.jpg,1,dead
/content/training/dead.dead-410.jpg.4gb9emef.ingestion-6bf64f87d9-q9rsg.jpg,1,dead
/content/training/dead.dead-1100 Small.png.4gb9emef.ingestion-6bf64f87d9-gzjsg.jpg,1,dead
/content/training/dead.dead-439.jpg.4gb9emdi.ingestion-6bf64f87d9-nkxcl.jpg,1,dead
/content/training/dead.dead-1270 Small.png.4gb9emha.ingestion-6bf64f87d9-nkxcl.jpg,1,dead
/content/training/dead.dead-405.jpg.4gb9emhi.ingestion-6bf64f87d9-q9rsg.jpg,1,dead
/content/training/dead.dead-1046 Small.png.4gb9emj3.ingestion-6bf64f87d9-nkxcl.jpg,1,dead
/content/training/dead.dead-362.jpg.4gb9emkb.ingestion-6bf64f87d9-nkxcl.jpg,1,dead
/content/training/dead.dead-1471 Small.png.4gb9emou.ingestion-6bf64f87d9-nkxcl.jpg,1,dead
/content/training/dead.dead-389.jpg.4gb9emrm.ingestion-6bf64f87d9-gzjsg.jpg,1,dead
/content/training/dead.dead-612.jpg.4gb9emsu.ingestion-6bf64f87d9-nkxcl.jpg,1,dead
/content/training/dead.dead-174.jpg.4gb9en00.ingestion-6bf64f87d9-gzjsg.jpg,1,dead
/content/training/dead.dead-606.jpg.4gb9en58.ingestion-6bf64f87d9-gzjsg.jpg,1,dead
/content/training/dead.dead-79.jpg.4gb9en6f.ingestion-6bf64f87d9-nkxcl.jpg,1,dead
/content/training/dead.dead-148.jpg.4gb9en7n.ingestion-6bf64f87d9-q9rsg.jpg,1,dead
/content/training/dead.dead-86.jpg.4gb9en8u.ingestion-6bf64f87d9-gzjsg.jpg,1,dead
/content/training/dead.dead-92.jpg.4gb9engk.ingestion-6bf64f87d9-nkxcl.jpg,1,dead
/content/training/dead.dead-438.jpg.4gb9enfd.ingestion-6bf64f87d9-gzjsg.jpg,1,dead
/content/training/dead.dead-1192 Small.png.4gb9enk1.ingestion-6bf64f87d9-q9rsg.jpg,1,dead
/content/training/dead.dead-45.jpg.4gb9enl8.ingestion-6bf64f87d9-q9rsg.jpg,1,dead
/content/training/dead.dead-160.jpg.4gb9enou.ingestion-6bf64f87d9-nkxcl.jpg,1,dead
/content/training/dead.dead-51.jpg.4gb9enqp.ingestion-6bf64f87d9-q9rsg.jpg,1,dead
/content/training/dead.dead-821.jpg.4gb9enqf.ingestion-6bf64f87d9-gzjsg.jpg,1,dead
/content/training/dead.dead-809.jpg.4gb9eo0a.ingestion-6bf64f87d9-q9rsg.jpg,1,dead
/content/training/dead.dead-1135 Small.png.4gb9eo58.ingestion-6bf64f87d9-gzjsg.jpg,1,dead
/content/training/dead.dead-1317 Small.png.4gb9eo58.ingestion-6bf64f87d9-gzjsg.jpg,1,dead
/content/training/dead.dead-835.jpg.4gb9eo7d.ingestion-6bf64f87d9-q9rsg.jpg,1,dead
/content/training/dead.dead-1067 Small.png.4gb9eo80.ingestion-6bf64f87d9-gzjsg.jpg,1,dead
/content/training/dead.dead-766.jpg.4gb9eoa5.ingestion-6bf64f87d9-nkxcl.jpg,1,dead
/content/training/dead.dead-1073 Small.png.4gb9eoc0.ingestion-6bf64f87d9-gzjsg.jpg,1,dead
/content/training/dead.dead-1303 Small.png.4gb9eoca.ingestion-6bf64f87d9-q9rsg.jpg,1,dead
/content/training/dead.dead-1245 Small.png.4gb9eobn.ingestion-6bf64f87d9-q9rsg.jpg,1,dead
/content/training/dead.dead-969.jpg.4gb9eodi.ingestion-6bf64f87d9-nkxcl.jpg,1,dead
/content/training/dead.dead-941.jpg.4gb9eoip.ingestion-6bf64f87d9-q9rsg.jpg,1,dead
/content/training/dead.dead-564.jpg.4gb9eos3.ingestion-6bf64f87d9-gzjsg.jpg,1,dead
/content/training/dead.dead-570.jpg.4gb9eov3.ingestion-6bf64f87d9-q9rsg.jpg,1,dead
/content/training/dead.dead-1465 Small.png.4gb9ep28.ingestion-6bf64f87d9-nkxcl.jpg,1,dead
/content/training/dead.dead-1433 Small.png.4gb9ep4k.ingestion-6bf64f87d9-gzjsg.jpg,1,dead
/content/training/dead.dead-566.jpg.4gb9ep7m.ingestion-6bf64f87d9-q9rsg.jpg,1,dead
/content/training/dead.dead-799.jpg.4gb9ep9r.ingestion-6bf64f87d9-gzjsg.jpg,1,dead
/content/training/dead.dead-200.jpg.4gb9epcu.ingestion-6bf64f87d9-q9rsg.jpg,1,dead
/content/training/dead.dead-202.jpg.4gb9epe7.ingestion-6bf64f87d9-nkxcl.jpg,1,dead
/content/training/dead.dead-1009 Small.png.4gb9epep.ingestion-6bf64f87d9-gzjsg.jpg,1,dead
/content/training/dead.dead-214.jpg.4gb9epeq.ingestion-6bf64f87d9-gzjsg.jpg,1,dead
/content/training/dead.dead-1379 Small.png.4gb9epgb.ingestion-6bf64f87d9-nkxcl.jpg,1,dead
/content/training/dead.dead-228.jpg.4gb9epif.ingestion-6bf64f87d9-nkxcl.jpg,1,dead
/content/training/dead.dead-1186 Small.png.4gb9epip.ingestion-6bf64f87d9-gzjsg.jpg,1,dead
/content/training/dead.dead-943.jpg.4gb9epk0.ingestion-6bf64f87d9-gzjsg.jpg,1,dead
/content/training/dead.dead-1119 Small.png.4gb9epn3.ingestion-6bf64f87d9-nkxcl.jpg,1,dead
/content/training/dead.dead-558.jpg.4gb9epp8.ingestion-6bf64f87d9-gzjsg.jpg,1,dead
/content/training/dead.dead-1025 Small.png.4gb9eps0.ingestion-6bf64f87d9-nkxcl.jpg,1,dead
/content/training/dead.dead-1355 Small.png.4gb9epti.ingestion-6bf64f87d9-q9rsg.jpg,1,dead
/content/training/dead.dead-1269 Small.png.4gb9eps1.ingestion-6bf64f87d9-nkxcl.jpg,1,dead
/content/training/dead.dead-770.jpg.4gb9eq18.ingestion-6bf64f87d9-nkxcl.jpg,1,dead
/content/training/dead.dead-1449 Small.png.4gb9eq2p.ingestion-6bf64f87d9-q9rsg.jpg,1,dead
/content/training/dead.dead-957.jpg.4gb9eq4u.ingestion-6bf64f87d9-nkxcl.jpg,1,dead
/content/training/dead.dead-1213 Small.png.4gb9eqef.ingestion-6bf64f87d9-q9rsg.jpg,1,dead
/content/training/dead.dead-823.jpg.4gb9eqef.ingestion-6bf64f87d9-gzjsg.jpg,1,dead
/content/training/dead.dead-1031 Small.png.4gb9eqj3.ingestion-6bf64f87d9-gzjsg.jpg,1,dead
/content/training/dead.dead-764.jpg.4gb9eqk0.ingestion-6bf64f87d9-gzjsg.jpg,1,dead
/content/training/dead.dead-84.jpg.4gb9eql8.ingestion-6bf64f87d9-nkxcl.jpg,1,dead
/content/training/dead.dead-90.jpg.4gb9eqmf.ingestion-6bf64f87d9-q9rsg.jpg,1,dead
/content/training/dead.dead-638.jpg.4gb9eqp8.ingestion-6bf64f87d9-nkxcl.jpg,1,dead
/content/training/dead.dead-176.jpg.4gb9eqqf.ingestion-6bf64f87d9-q9rsg.jpg,1,dead
/content/training/dead.dead-1480 Small.png.4gb9eqti.ingestion-6bf64f87d9-nkxcl.jpg,1,dead
/content/training/dead.dead-189.jpg.4gb9eqts.ingestion-6bf64f87d9-q9rsg.jpg,1,dead
/content/training/dead.dead-610.jpg.4gb9eqvd.ingestion-6bf64f87d9-nkxcl.jpg,1,dead
/content/training/dead.dead-1177 Small.png.4gb9er1r.ingestion-6bf64f87d9-nkxcl.jpg,1,dead
/content/training/dead.dead-837.jpg.4gb9er25.ingestion-6bf64f87d9-q9rsg.jpg,1,dead
/content/training/dead.dead-604.jpg.4gb9er1i.ingestion-6bf64f87d9-q9rsg.jpg,1,dead
/content/training/dead.dead-162.jpg.4gb9er5i.ingestion-6bf64f87d9-nkxcl.jpg,1,dead
/content/training/dead.dead-1207 Small.png.4gb9er81.ingestion-6bf64f87d9-gzjsg.jpg,1,dead
/content/training/dead.dead-412.jpg.4gb9erck.ingestion-6bf64f87d9-q9rsg.jpg,1,dead
/content/training/dead.dead-360.jpg.4gb9erfn.ingestion-6bf64f87d9-nkxcl.jpg,1,dead
/content/training/dead.dead-47.jpg.4gb9erd8.ingestion-6bf64f87d9-gzjsg.jpg,1,dead
/content/training/dead.dead-406.jpg.4gb9ergu.ingestion-6bf64f87d9-q9rsg.jpg,1,dead
/content/training/dead.dead-361.jpg.4gb9eri5.ingestion-6bf64f87d9-gzjsg.jpg,1,dead
/content/training/dead.dead-407.jpg.4gb9erjd.ingestion-6bf64f87d9-nkxcl.jpg,1,dead
/content/training/dead.dead-1360 Small.png.4gb9erli.ingestion-6bf64f87d9-q9rsg.jpg,1,dead
/content/training/dead.dead-413.jpg.4gb9ermp.ingestion-6bf64f87d9-gzjsg.jpg,1,dead
/content/training/dead.dead-1082 Small.png.4gb9erp8.ingestion-6bf64f87d9-q9rsg.jpg,1,dead
/content/training/dead.dead-375.jpg.4gb9erqf.ingestion-6bf64f87d9-q9rsg.jpg,1,dead
/content/training/dead.dead-1010 Small.png.4gb9erti.ingestion-6bf64f87d9-nkxcl.jpg,1,dead
/content/training/dead.dead-1427 Small.png.4gb9es0k.ingestion-6bf64f87d9-gzjsg.jpg,1,dead
/content/training/dead.dead-348.jpg.4gb9es2f.ingestion-6bf64f87d9-nkxcl.jpg,1,dead
/content/training/dead.dead-605.jpg.4gb9es73.ingestion-6bf64f87d9-gzjsg.jpg,1,dead
/content/training/dead.dead-1156 Small.png.4gb9esfd.ingestion-6bf64f87d9-nkxcl.jpg,1,dead
/content/training/dead.dead-91.jpg.4gb9esjn.ingestion-6bf64f87d9-nkxcl.jpg,1,dead
/content/training/dead.dead-349.jpg.4gb9esmf.ingestion-6bf64f87d9-q9rsg.jpg,1,dead
/content/training/dead.dead-822.jpg.4gb9esm5.ingestion-6bf64f87d9-gzjsg.jpg,1,dead
/content/training/dead.dead-1295 Small.png.4gb9esuq.ingestion-6bf64f87d9-nkxcl.jpg,1,dead
/content/training/dead.dead-52.jpg.4gb9esv3.ingestion-6bf64f87d9-q9rsg.jpg,1,dead
/content/training/dead.dead-163.jpg.4gb9et25.ingestion-6bf64f87d9-nkxcl.jpg,1,dead
/content/training/dead.dead-611.jpg.4gb9et33.ingestion-6bf64f87d9-gzjsg.jpg,1,dead
/content/training/dead.dead-1406 Small.png.4gb9et7d.ingestion-6bf64f87d9-gzjsg.jpg,1,dead
/content/training/dead.dead-639.jpg.4gb9et6p.ingestion-6bf64f87d9-q9rsg.jpg,1,dead
/content/training/dead.dead-956.jpg.4gb9et6f.ingestion-6bf64f87d9-q9rsg.jpg,1,dead
/content/training/dead.dead-836.jpg.4gb9eta5.ingestion-6bf64f87d9-q9rsg.jpg,1,dead
/content/training/dead.dead-771.jpg.4gb9etck.ingestion-6bf64f87d9-gzjsg.jpg,1,dead
/content/training/dead.dead-46.jpg.4gb9et3d.ingestion-6bf64f87d9-nkxcl.jpg,1,dead
/content/training/dead.dead-765.jpg.4gb9etf3.ingestion-6bf64f87d9-nkxcl.jpg,1,dead
/content/training/dead.dead-215.jpg.4gb9etgb.ingestion-6bf64f87d9-gzjsg.jpg,1,dead
/content/training/dead.dead-1412 Small.png.4gb9etkk.ingestion-6bf64f87d9-nkxcl.jpg,1,dead
/content/training/dead.dead-201.jpg.4gb9etlr.ingestion-6bf64f87d9-gzjsg.jpg,1,dead
/content/training/dead.dead-229.jpg.4gb9etn3.ingestion-6bf64f87d9-nkxcl.jpg,1,dead
/content/training/dead.dead-942.jpg.4gb9etnd.ingestion-6bf64f87d9-gzjsg.jpg,1,dead
/content/training/dead.dead-1248 Small.png.4gb9etsb.ingestion-6bf64f87d9-nkxcl.jpg,1,dead
/content/training/dead.dead-1232 Small.png.4gb9etsc.ingestion-6bf64f87d9-nkxcl.jpg,1,dead
/content/training/dead.dead-1468 Small.png.4gb9etvp.ingestion-6bf64f87d9-gzjsg.jpg,1,dead
/content/training/dead.dead-1281 Small.png.4gb9etvq.ingestion-6bf64f87d9-q9rsg.jpg,1,dead
/content/training/dead.dead-567.jpg.4gb9eu0u.ingestion-6bf64f87d9-q9rsg.jpg,1,dead
/content/training/dead.dead-1004 Small.png.4gb9eu18.ingestion-6bf64f87d9-gzjsg.jpg,1,dead
/content/training/dead.dead-1142 Small.png.4gb9eu4a.ingestion-6bf64f87d9-q9rsg.jpg,1,dead
/content/training/dead.dead-588.jpg.4gb9eu9i.ingestion-6bf64f87d9-nkxcl.jpg,1,dead
/content/training/dead.dead-1311 Small.png.4gb9eue5.ingestion-6bf64f87d9-nkxcl.jpg,1,dead
/content/training/dead.dead-946.jpg.4gb9eurf.ingestion-6bf64f87d9-q9rsg.jpg,1,dead
/content/training/dead.dead-952.jpg.4gb9eurf.ingestion-6bf64f87d9-gzjsg.jpg,1,dead
/content/training/dead.dead-761.jpg.4gb9eusu.ingestion-6bf64f87d9-q9rsg.jpg,1,dead
/content/training/dead.dead-775.jpg.4gb9ev1r.ingestion-6bf64f87d9-q9rsg.jpg,1,dead
/content/training/dead.dead-1374 Small.png.4gb9ev3d.ingestion-6bf64f87d9-gzjsg.jpg,1,dead
/content/training/dead.dead-598.jpg.4gb9ev5i.ingestion-6bf64f87d9-q9rsg.jpg,1,dead
/content/training/dead.dead-1061 Small.png.4gb9ev6p.ingestion-6bf64f87d9-gzjsg.jpg,1,dead
/content/training/dead.dead-81.jpg.4gb9ev5i.ingestion-6bf64f87d9-q9rsg.jpg,1,dead
/content/training/dead.dead-1257 Small.png.4gb9ev9i.ingestion-6bf64f87d9-q9rsg.jpg,1,dead
/content/training/dead.dead-577.jpg.4gb9eve6.ingestion-6bf64f87d9-nkxcl.jpg,1,dead
/content/training/dead.dead-239.jpg.4gb9evi6.ingestion-6bf64f87d9-nkxcl.jpg,1,dead
/content/training/dead.dead-95.jpg.4gb9evh8.ingestion-6bf64f87d9-nkxcl.jpg,1,dead
/content/training/dead.dead-211.jpg.4gb9evkk.ingestion-6bf64f87d9-q9rsg.jpg,1,dead
/content/training/dead.dead-1194 Small.png.4gb9evj3.ingestion-6bf64f87d9-nkxcl.jpg,1,dead
/content/training/dead.dead-832.jpg.4gb9evm5.ingestion-6bf64f87d9-q9rsg.jpg,1,dead
/content/training/dead.dead-198.jpg.4gb9evmf.ingestion-6bf64f87d9-gzjsg.jpg,1,dead
/content/training/dead.dead-1239 Small.png.4gb9evpi.ingestion-6bf64f87d9-gzjsg.jpg,1,dead
/content/training/dead.dead-826.jpg.4gb9evqp.ingestion-6bf64f87d9-nkxcl.jpg,1,dead
/content/training/dead.dead-167.jpg.4gb9f01i.ingestion-6bf64f87d9-q9rsg.jpg,1,dead
/content/training/dead.dead-1463 Small.png.4gb9f03d.ingestion-6bf64f87d9-q9rsg.jpg,1,dead
/content/training/dead.dead-601.jpg.4gb9f040.ingestion-6bf64f87d9-gzjsg.jpg,1,dead
/content/training/dead.dead-629.jpg.4gb9f06p.ingestion-6bf64f87d9-q9rsg.jpg,1,dead
/content/training/dead.dead-1243 Small.png.4gb9f0di.ingestion-6bf64f87d9-gzjsg.jpg,1,dead
/content/training/dead.dead-371.jpg.4gb9f0gu.ingestion-6bf64f87d9-q9rsg.jpg,1,dead
/content/training/dead.dead-42.jpg.4gb9f0if.ingestion-6bf64f87d9-q9rsg.jpg,1,dead
/content/training/dead.dead-417.jpg.4gb9f0jm.ingestion-6bf64f87d9-gzjsg.jpg,1,dead
/content/training/dead.dead-615.jpg.4gb9f0kk.ingestion-6bf64f87d9-gzjsg.jpg,1,dead
/content/training/dead.dead-56.jpg.4gb9f0ou.ingestion-6bf64f87d9-nkxcl.jpg,1,dead
/content/training/dead.dead-1218 Small.png.4gb9f0s0.ingestion-6bf64f87d9-q9rsg.jpg,1,dead
/content/training/dead.dead-1305 Small.png.4gb9f0sk.ingestion-6bf64f87d9-gzjsg.jpg,1,dead
/content/training/dead.dead-1075 Small.png.4gb9f12f.ingestion-6bf64f87d9-nkxcl.jpg,1,dead
/content/training/dead.dead-1133 Small.png.4gb9f0vn.ingestion-6bf64f87d9-q9rsg.jpg,1,dead
/content/training/dead.dead-403.jpg.4gb9f15s.ingestion-6bf64f87d9-nkxcl.jpg,1,dead
/content/training/dead.dead-364.jpg.4gb9f13m.ingestion-6bf64f87d9-gzjsg.jpg,1,dead
/content/training/dead.dead-359.jpg.4gb9f18k.ingestion-6bf64f87d9-gzjsg.jpg,1,dead
/content/training/dead.dead-416.jpg.4gb9f19r.ingestion-6bf64f87d9-gzjsg.jpg,1,dead
/content/training/dead.dead-358.jpg.4gb9f1c1.ingestion-6bf64f87d9-nkxcl.jpg,1,dead
/content/training/dead.dead-402.jpg.4gb9f1fn.ingestion-6bf64f87d9-gzjsg.jpg,1,dead
/content/training/dead.dead-1324 Small.png.4gb9f1h9.ingestion-6bf64f87d9-nkxcl.jpg,1,dead
/content/training/dead.dead-1442 Small.png.4gb9f1n3.ingestion-6bf64f87d9-q9rsg.jpg,1,dead
/content/training/dead.dead-370.jpg.4gb9f1p8.ingestion-6bf64f87d9-nkxcl.jpg,1,dead
/content/training/dead.dead-1262 Small.png.4gb9f1qp.ingestion-6bf64f87d9-gzjsg.jpg,1,dead
/content/training/dead.dead-1112 Small.png.4gb9f1vd.ingestion-6bf64f87d9-nkxcl.jpg,1,dead
/content/training/dead.dead-172.jpg.4gb9f20a.ingestion-6bf64f87d9-gzjsg.jpg,1,dead
/content/training/dead.dead-628.jpg.4gb9f23d.ingestion-6bf64f87d9-gzjsg.jpg,1,dead
/content/training/dead.dead-827.jpg.4gb9f233.ingestion-6bf64f87d9-q9rsg.jpg,1,dead
/content/training/dead.dead-833.jpg.4gb9f24k.ingestion-6bf64f87d9-gzjsg.jpg,1,dead
/content/training/dead.dead-166.jpg.4gb9f265.ingestion-6bf64f87d9-q9rsg.jpg,1,dead
/content/training/dead.dead-94.jpg.4gb9f25r.ingestion-6bf64f87d9-nkxcl.jpg,1,dead
/content/training/dead.dead-1054 Small.png.4gb9f26p.ingestion-6bf64f87d9-gzjsg.jpg,1,dead
/content/training/dead.dead-57.jpg.4gb9f2a6.ingestion-6bf64f87d9-nkxcl.jpg,1,dead
/content/training/dead.dead-600.jpg.4gb9f2bn.ingestion-6bf64f87d9-q9rsg.jpg,1,dead
/content/training/dead.dead-614.jpg.4gb9f2cb.ingestion-6bf64f87d9-nkxcl.jpg,1,dead
/content/training/dead.dead-774.jpg.4gb9f2bd.ingestion-6bf64f87d9-nkxcl.jpg,1,dead
/content/training/dead.dead-43.jpg.4gb9f2g1.ingestion-6bf64f87d9-q9rsg.jpg,1,dead
/content/training/dead.dead-947.jpg.4gb9f2ig.ingestion-6bf64f87d9-q9rsg.jpg,1,dead
/content/training/dead.dead-748.jpg.4gb9f2r3.ingestion-6bf64f87d9-gzjsg.jpg,1,dead
/content/training/dead.dead-760.jpg.4gb9f328.ingestion-6bf64f87d9-q9rsg.jpg,1,dead
/content/training/dead.dead-1276 Small.png.4gb9f36f.ingestion-6bf64f87d9-gzjsg.jpg,1,dead
/content/training/dead.dead-1040 Small.png.4gb9f3bm.ingestion-6bf64f87d9-gzjsg.jpg,1,dead
/content/training/dead.dead-1089 Small.png.4gb9f3d0.ingestion-6bf64f87d9-nkxcl.jpg,1,dead
/content/training/dead.dead-212.jpg.4gb9f3fm.ingestion-6bf64f87d9-gzjsg.jpg,1,dead
/content/training/dead.dead-1293 Small.png.4gb9f3ef.ingestion-6bf64f87d9-q9rsg.jpg,1,dead
/content/training/dead.dead-1330 Small.png.4gb9f3g0.ingestion-6bf64f87d9-q9rsg.jpg,1,dead
/content/training/dead.dead-977 Small.png.4gb9f3jd.ingestion-6bf64f87d9-nkxcl.jpg,1,dead
/content/training/dead.dead-1106 Small.png.4gb9f3i5.ingestion-6bf64f87d9-gzjsg.jpg,1,dead
/content/training/dead.dead-238.jpg.4gb9f3ka.ingestion-6bf64f87d9-q9rsg.jpg,1,dead
/content/training/dead.dead-576.jpg.4gb9f3ku.ingestion-6bf64f87d9-gzjsg.jpg,1,dead
/content/training/dead.dead-589.jpg.4gb9f3p8.ingestion-6bf64f87d9-nkxcl.jpg,1,dead
/content/training/dead.dead-210.jpg.4gb9f3nd.ingestion-6bf64f87d9-nkxcl.jpg,1,dead
/content/training/dead.dead-1383 Small.png.4gb9f3r3.ingestion-6bf64f87d9-q9rsg.jpg,1,dead
/content/training/dead.dead-1400 Small.png.4gb9f3u6.ingestion-6bf64f87d9-nkxcl.jpg,1,dead
/content/training/dead.dead-560.jpg.4gb9f3v3.ingestion-6bf64f87d9-q9rsg.jpg,1,dead
/content/training/dead.dead-96.jpg.4gb9f440.ingestion-6bf64f87d9-q9rsg.jpg,1,dead
/content/training/dead.dead-819.jpg.4gb9f473.ingestion-6bf64f87d9-nkxcl.jpg,1,dead
/content/training/dead.dead-82.jpg.4gb9f481.ingestion-6bf64f87d9-q9rsg.jpg,1,dead
/content/training/dead.dead-1016 Small.png.4gb9f4hi.ingestion-6bf64f87d9-nkxcl.jpg,1,dead
/content/training/dead.dead-206.jpg.4gb9f4sb.ingestion-6bf64f87d9-nkxcl.jpg,1,dead
/content/training/dead.dead-825.jpg.4gb9f4ti.ingestion-6bf64f87d9-gzjsg.jpg,1,dead
/content/training/dead.dead-831.jpg.4gb9f4v3.ingestion-6bf64f87d9-nkxcl.jpg,1,dead
/content/training/dead.dead-1220 Small.png.4gb9f51r.ingestion-6bf64f87d9-gzjsg.jpg,1,dead
/content/training/dead.dead-951.jpg.4gb9f541.ingestion-6bf64f87d9-q9rsg.jpg,1,dead
/content/training/dead.dead-986 Small.png.4gb9f53n.ingestion-6bf64f87d9-nkxcl.jpg,1,dead
/content/training/dead.dead-1199 Small.png.4gb9f540.ingestion-6bf64f87d9-gzjsg.jpg,1,dead
/content/training/dead.dead-1366 Small.png.4gb9f58k.ingestion-6bf64f87d9-gzjsg.jpg,1,dead
/content/training/dead.dead-1150 Small.png.4gb9f58u.ingestion-6bf64f87d9-nkxcl.jpg,1,dead
/content/training/dead.dead-1144 Small.png.4gb9f56p.ingestion-6bf64f87d9-q9rsg.jpg,1,dead
/content/training/dead.dead-945.jpg.4gb9f59i.ingestion-6bf64f87d9-q9rsg.jpg,1,dead
/content/training/dead.dead-170.jpg.4gb9f5ap.ingestion-6bf64f87d9-gzjsg.jpg,1,dead
/content/training/dead.dead-602.jpg.4gb9f5ef.ingestion-6bf64f87d9-q9rsg.jpg,1,dead
/content/training/dead.dead-55.jpg.4gb9f5i5.ingestion-6bf64f87d9-gzjsg.jpg,1,dead
/content/training/dead.dead-776.jpg.4gb9f5ds.ingestion-6bf64f87d9-nkxcl.jpg,1,dead
/content/training/dead.dead-69.jpg.4gb9f5ku.ingestion-6bf64f87d9-q9rsg.jpg,1,dead
/content/training/dead.dead-399.jpg.4gb9f5pi.ingestion-6bf64f87d9-q9rsg.jpg,1,dead
/content/training/dead.dead-1372 Small.png.4gb9f5ts.ingestion-6bf64f87d9-nkxcl.jpg,1,dead
/content/training/dead.dead-400.jpg.4gb9f5v3.ingestion-6bf64f87d9-q9rsg.jpg,1,dead
/content/training/dead.dead-1287 Small.png.4gb9f61r.ingestion-6bf64f87d9-nkxcl.jpg,1,dead
/content/training/dead.dead-372.jpg.4gb9f633.ingestion-6bf64f87d9-q9rsg.jpg,1,dead
/content/training/dead.dead-41.jpg.4gb9f65i.ingestion-6bf64f87d9-q9rsg.jpg,1,dead
/content/training/dead.dead-616.jpg.4gb9f673.ingestion-6bf64f87d9-gzjsg.jpg,1,dead
/content/training/dead.dead-1308 Small.png.4gb9f68k.ingestion-6bf64f87d9-q9rsg.jpg,1,dead
/content/training/dead.dead-429.jpg.4gb9f69r.ingestion-6bf64f87d9-gzjsg.jpg,1,dead
/content/training/dead.dead-158.jpg.4gb9f6b3.ingestion-6bf64f87d9-gzjsg.jpg,1,dead
/content/training/dead.dead-415.jpg.4gb9f6ca.ingestion-6bf64f87d9-nkxcl.jpg,1,dead
/content/training/dead.dead-1234 Small.png.4gb9f6ep.ingestion-6bf64f87d9-nkxcl.jpg,1,dead
/content/training/dead.dead-1078 Small.png.4gb9f6ga.ingestion-6bf64f87d9-gzjsg.jpg,1,dead
/content/training/dead.dead-366.jpg.4gb9f6jn.ingestion-6bf64f87d9-nkxcl.jpg,1,dead
/content/training/dead.dead-1414 Small.png.4gb9f6n3.ingestion-6bf64f87d9-gzjsg.jpg,1,dead
/content/training/dead.dead-398.jpg.4gb9f6pr.ingestion-6bf64f87d9-q9rsg.jpg,1,dead
/content/training/dead.dead-68.jpg.4gb9f6uf.ingestion-6bf64f87d9-q9rsg.jpg,1,dead
/content/training/dead.dead-159.jpg.4gb9f6vm.ingestion-6bf64f87d9-gzjsg.jpg,1,dead
/content/training/dead.dead-617.jpg.4gb9f72f.ingestion-6bf64f87d9-q9rsg.jpg,1,dead
/content/training/dead.dead-603.jpg.4gb9f77d.ingestion-6bf64f87d9-q9rsg.jpg,1,dead
/content/training/dead.dead-401.jpg.4gb9f781.ingestion-6bf64f87d9-nkxcl.jpg,1,dead
/content/training/dead.dead-830.jpg.4gb9f7b3.ingestion-6bf64f87d9-nkxcl.jpg,1,dead
/content/training/dead.dead-1353 Small.png.4gb9f7d8.ingestion-6bf64f87d9-q9rsg.jpg,1,dead
/content/training/dead.dead-1165 Small.png.4gb9f7f4.ingestion-6bf64f87d9-gzjsg.jpg,1,dead
/content/training/dead.dead-1215 Small.png.4gb9f7gu.ingestion-6bf64f87d9-gzjsg.jpg,1,dead
/content/training/dead.dead-83.jpg.4gb9f7li.ingestion-6bf64f87d9-gzjsg.jpg,1,dead
/content/training/dead.dead-171.jpg.4gb9f7m7.ingestion-6bf64f87d9-nkxcl.jpg,1,dead
/content/training/dead.dead-54.jpg.4gb9f7p8.ingestion-6bf64f87d9-nkxcl.jpg,1,dead
/content/training/dead.dead-818.jpg.4gb9f7qh.ingestion-6bf64f87d9-q9rsg.jpg,1,dead
/content/training/dead.dead-165.jpg.4gb9f7s0.ingestion-6bf64f87d9-gzjsg.jpg,1,dead
/content/training/dead.dead-97.jpg.4gb9f7rd.ingestion-6bf64f87d9-gzjsg.jpg,1,dead
/content/training/dead.dead-777.jpg.4gb9f825.ingestion-6bf64f87d9-nkxcl.jpg,1,dead
/content/training/dead.dead-1090 Small.png.4gb9f835.ingestion-6bf64f87d9-gzjsg.jpg,1,dead
/content/training/dead.dead-944.jpg.4gb9f85k.ingestion-6bf64f87d9-q9rsg.jpg,1,dead
/content/training/dead.dead-950.jpg.4gb9f86p.ingestion-6bf64f87d9-gzjsg.jpg,1,dead
/content/training/dead.dead-788.jpg.4gb9f880.ingestion-6bf64f87d9-nkxcl.jpg,1,dead
/content/training/dead.dead-1037 Small.png.4gb9f8a5.ingestion-6bf64f87d9-q9rsg.jpg,1,dead
/content/training/dead.dead-1201 Small.png.4gb9f8bd.ingestion-6bf64f87d9-gzjsg.jpg,1,dead
/content/training/dead.dead-1435 Small.png.4gb9f8d0.ingestion-6bf64f87d9-nkxcl.jpg,1,dead
/content/training/dead.dead-1084 Small.png.4gb9f8kb.ingestion-6bf64f87d9-q9rsg.jpg,1,dead
/content/training/dead.dead-213.jpg.4gb9f8o0.ingestion-6bf64f87d9-gzjsg.jpg,1,dead
/content/training/dead.dead-248.jpg.4gb9f8sl.ingestion-6bf64f87d9-gzjsg.jpg,1,dead
/content/training/dead.dead-512.jpg.4gb9f94b.ingestion-6bf64f87d9-q9rsg.jpg,1,dead
/content/training/dead.dead-561.jpg.4gb9f96p.ingestion-6bf64f87d9-q9rsg.jpg,1,dead
/content/training/dead.dead-260.jpg.4gb9f980.ingestion-6bf64f87d9-nkxcl.jpg,1,dead
/content/training/dead.dead-937.jpg.4gb9f99r.ingestion-6bf64f87d9-q9rsg.jpg,1,dead
/content/training/dead.dead-923.jpg.4gb9f9c0.ingestion-6bf64f87d9-gzjsg.jpg,1,dead
/content/training/dead.dead-1171 Small.png.4gb9f9ef.ingestion-6bf64f87d9-q9rsg.jpg,1,dead
/content/training/dead.dead-1347 Small.png.4gb9f9hs.ingestion-6bf64f87d9-q9rsg.jpg,1,dead
/content/training/dead.dead-1384 Small.png.4gb9f9jn.ingestion-6bf64f87d9-nkxcl.jpg,1,dead
/content/training/dead.dead-1498 Small.png.4gb9f9ku.ingestion-6bf64f87d9-q9rsg.jpg,1,dead
/content/training/dead.dead-1451 Small.png.4gb9f9mf.ingestion-6bf64f87d9-gzjsg.jpg,1,dead
/content/training/dead.dead-506.jpg.4gb9f9o0.ingestion-6bf64f87d9-gzjsg.jpg,1,dead
/content/training/dead.dead-1271 Small.png.4gb9f9p8.ingestion-6bf64f87d9-nkxcl.jpg,1,dead
/content/training/dead.dead-1047 Small.png.4gb9f9qg.ingestion-6bf64f87d9-q9rsg.jpg,1,dead
/content/training/dead.dead-738.jpg.4gb9f9r3.ingestion-6bf64f87d9-gzjsg.jpg,1,dead
/content/training/dead.dead-704.jpg.4gb9fa3d.ingestion-6bf64f87d9-q9rsg.jpg,1,dead
/content/training/dead.dead-1323 Small.png.4gb9fa5i.ingestion-6bf64f87d9-gzjsg.jpg,1,dead
/content/training/dead.dead-102.jpg.4gb9fagk.ingestion-6bf64f87d9-nkxcl.jpg,1,dead
/content/training/dead.dead-880.jpg.4gb9faka.ingestion-6bf64f87d9-nkxcl.jpg,1,dead
/content/training/dead.dead-670.jpg.4gb9famp.ingestion-6bf64f87d9-q9rsg.jpg,1,dead
/content/training/dead.dead-116.jpg.4gb9fali.ingestion-6bf64f87d9-nkxcl.jpg,1,dead
/content/training/dead.dead-1337 Small.png.4gb9faou.ingestion-6bf64f87d9-q9rsg.jpg,1,dead
/content/training/dead.dead-1115 Small.png.4gb9fapr.ingestion-6bf64f87d9-gzjsg.jpg,1,dead
/content/training/dead.dead-894.jpg.4gb9fb0u.ingestion-6bf64f87d9-q9rsg.jpg,1,dead
/content/training/dead.dead-1359 Small.png.4gb9fb0k.ingestion-6bf64f87d9-nkxcl.jpg,1,dead
/content/training/dead.dead-33.jpg.4gb9fb3d.ingestion-6bf64f87d9-gzjsg.jpg,1,dead
/content/training/dead.dead-857.jpg.4gb9fb3n.ingestion-6bf64f87d9-nkxcl.jpg,1,dead
/content/training/dead.dead-658.jpg.4gb9fb5r.ingestion-6bf64f87d9-q9rsg.jpg,1,dead
/content/training/dead.dead-27.jpg.4gb9fb80.ingestion-6bf64f87d9-gzjsg.jpg,1,dead
/content/training/dead.dead-300.jpg.4gb9fb98.ingestion-6bf64f87d9-nkxcl.jpg,1,dead
/content/training/dead.dead-472.jpg.4gb9fbcu.ingestion-6bf64f87d9-gzjsg.jpg,1,dead
/content/training/dead.dead-473.jpg.4gb9fbro.ingestion-6bf64f87d9-q9rsg.jpg,1,dead
/content/training/dead.dead-1445 Small.png.4gb9fbs1.ingestion-6bf64f87d9-gzjsg.jpg,1,dead
/content/training/dead.dead-1029 Small.png.4gb9fbrn.ingestion-6bf64f87d9-q9rsg.jpg,1,dead
/content/training/dead.dead-1390 Small.png.4gb9fbu6.ingestion-6bf64f87d9-q9rsg.jpg,1,dead
/content/training/dead.dead-301.jpg.4gb9fc0k.ingestion-6bf64f87d9-q9rsg.jpg,1,dead
/content/training/dead.dead-467.jpg.4gb9fc19.ingestion-6bf64f87d9-gzjsg.jpg,1,dead
/content/training/dead.dead-328.jpg.4gb9fc4a.ingestion-6bf64f87d9-gzjsg.jpg,1,dead
/content/training/dead.dead-1244 Small.png.4gb9fc5i.ingestion-6bf64f87d9-q9rsg.jpg,1,dead
/content/training/dead.dead-466.jpg.4gb9fc5j.ingestion-6bf64f87d9-q9rsg.jpg,1,dead
/content/training/dead.dead-117.jpg.4gb9fc5k.ingestion-6bf64f87d9-gzjsg.jpg,1,dead
/content/training/dead.dead-671.jpg.4gb9fc6f.ingestion-6bf64f87d9-nkxcl.jpg,1,dead
/content/training/dead.dead-1008 Small.png.4gb9fc80.ingestion-6bf64f87d9-gzjsg.jpg,1,dead
/content/training/dead.dead-1134 Small.png.4gb9fcf3.ingestion-6bf64f87d9-nkxcl.jpg,1,dead
/content/training/dead.dead-895.jpg.4gb9fcnn.ingestion-6bf64f87d9-nkxcl.jpg,1,dead
/content/training/dead.dead-103.jpg.4gb9fcp8.ingestion-6bf64f87d9-gzjsg.jpg,1,dead
/content/training/dead.dead-329.jpg.4gb9fcs1.ingestion-6bf64f87d9-nkxcl.jpg,1,dead
/content/training/dead.dead-665.jpg.4gb9fct8.ingestion-6bf64f87d9-nkxcl.jpg,1,dead
/content/training/dead.dead-498.jpg.4gb9fcsu.ingestion-6bf64f87d9-gzjsg.jpg,1,dead
/content/training/dead.dead-881.jpg.4gb9fcrd.ingestion-6bf64f87d9-gzjsg.jpg,1,dead
/content/training/dead.dead-1072 Small.png.4gb9fctr.ingestion-6bf64f87d9-q9rsg.jpg,1,dead
/content/training/dead.dead-1378 Small.png.4gb9fd0k.ingestion-6bf64f87d9-q9rsg.jpg,1,dead
/content/training/dead.dead-659.jpg.4gb9fd4k.ingestion-6bf64f87d9-nkxcl.jpg,1,dead
/content/training/dead.dead-705.jpg.4gb9fd6s.ingestion-6bf64f87d9-gzjsg.jpg,1,dead
/content/training/dead.dead-842.jpg.4gb9fd65.ingestion-6bf64f87d9-q9rsg.jpg,1,dead
/content/training/dead.dead-998 Small.png.4gb9fd9r.ingestion-6bf64f87d9-q9rsg.jpg,1,dead
/content/training/dead.dead-1470 Small.png.4gb9fdc2.ingestion-6bf64f87d9-nkxcl.jpg,1,dead
/content/training/dead.dead-739.jpg.4gb9fdbd.ingestion-6bf64f87d9-gzjsg.jpg,1,dead
/content/training/dead.dead-856.jpg.4gb9fdd8.ingestion-6bf64f87d9-nkxcl.jpg,1,dead
/content/training/dead.dead-711.jpg.4gb9fde6.ingestion-6bf64f87d9-nkxcl.jpg,1,dead
/content/training/dead.dead-936.jpg.4gb9fdip.ingestion-6bf64f87d9-nkxcl.jpg,1,dead
/content/training/dead.dead-1316 Small.png.4gb9fe2f.ingestion-6bf64f87d9-q9rsg.jpg,1,dead
/content/training/dead.dead-1030 Small.png.4gb9fe40.ingestion-6bf64f87d9-gzjsg.jpg,1,dead
/content/training/dead.dead-1193 Small.png.4gb9fe58.ingestion-6bf64f87d9-q9rsg.jpg,1,dead
/content/training/dead.dead-922.jpg.4gb9fe7d.ingestion-6bf64f87d9-gzjsg.jpg,1,dead
/content/training/dead.dead-275.jpg.4gb9feh8.ingestion-6bf64f87d9-nkxcl.jpg,1,dead
/content/training/dead.dead-513.jpg.4gb9fej3.ingestion-6bf64f87d9-q9rsg.jpg,1,dead
/content/training/dead.dead-539.jpg.4gb9fei6.ingestion-6bf64f87d9-nkxcl.jpg,1,dead
/content/training/dead.dead-1066 Small.png.4gb9felr.ingestion-6bf64f87d9-nkxcl.jpg,1,dead
/content/training/dead.dead-263.jpg.4gb9feka.ingestion-6bf64f87d9-q9rsg.jpg,1,dead
/content/training/dead.dead-1120 Small.png.4gb9fend.ingestion-6bf64f87d9-nkxcl.jpg,1,dead
/content/training/dead.dead-1299 Small.png.4gb9fen3.ingestion-6bf64f87d9-q9rsg.jpg,1,dead
/content/training/dead.dead-1250 Small.png.4gb9fen3.ingestion-6bf64f87d9-gzjsg.jpg,1,dead
/content/training/dead.dead-505.jpg.4gb9feok.ingestion-6bf64f87d9-gzjsg.jpg,1,dead
/content/training/dead.dead-288.jpg.4gb9fep9.ingestion-6bf64f87d9-q9rsg.jpg,1,dead
/content/training/dead.dead-1495 Small.png.4gb9fesa.ingestion-6bf64f87d9-gzjsg.jpg,1,dead
/content/training/dead.dead-1176 Small.png.4gb9ff01.ingestion-6bf64f87d9-nkxcl.jpg,1,dead
/content/training/dead.dead-1340 Small.png.4gb9ff2p.ingestion-6bf64f87d9-gzjsg.jpg,1,dead
/content/training/dead.dead-511.jpg.4gb9ff8a.ingestion-6bf64f87d9-nkxcl.jpg,1,dead
/content/training/dead.dead-277.jpg.4gb9ff8u.ingestion-6bf64f87d9-q9rsg.jpg,1,dead
/content/training/dead.dead-920.jpg.4gb9ffap.ingestion-6bf64f87d9-nkxcl.jpg,1,dead
/content/training/dead.dead-1426 Small.png.4gb9ffaf.ingestion-6bf64f87d9-gzjsg.jpg,1,dead
/content/training/dead.dead-673.jpg.4gb9ffhi.ingestion-6bf64f87d9-gzjsg.jpg,1,dead
/content/training/dead.dead-840.jpg.4gb9ffm5.ingestion-6bf64f87d9-nkxcl.jpg,1,dead
/content/training/dead.dead-707.jpg.4gb9ffl8.ingestion-6bf64f87d9-nkxcl.jpg,1,dead
/content/training/dead.dead-868.jpg.4gb9fg0u.ingestion-6bf64f87d9-q9rsg.jpg,1,dead
/content/training/dead.dead-897.jpg.4gb9fg35.ingestion-6bf64f87d9-gzjsg.jpg,1,dead
/content/training/dead.dead-854.jpg.4gb9fg4a.ingestion-6bf64f87d9-gzjsg.jpg,1,dead
/content/training/dead.dead-883.jpg.4gb9fg5s.ingestion-6bf64f87d9-nkxcl.jpg,1,dead
/content/training/dead.dead-115.jpg.4gb9fg73.ingestion-6bf64f87d9-q9rsg.jpg,1,dead
/content/training/dead.dead-698.jpg.4gb9fg4k.ingestion-6bf64f87d9-gzjsg.jpg,1,dead
/content/training/dead.dead-101.jpg.4gb9fg80.ingestion-6bf64f87d9-gzjsg.jpg,1,dead
/content/training/dead.dead-1118 Small.png.4gb9fgb3.ingestion-6bf64f87d9-q9rsg.jpg,1,dead
/content/training/dead.dead-1268 Small.png.4gb9fgj3.ingestion-6bf64f87d9-nkxcl.jpg,1,dead
/content/training/dead.dead-18.jpg.4gb9fgku.ingestion-6bf64f87d9-q9rsg.jpg,1,dead
/content/training/dead.dead-129.jpg.4gb9fgn3.ingestion-6bf64f87d9-q9rsg.jpg,1,dead
/content/training/dead.dead-24.jpg.4gb9fgli.ingestion-6bf64f87d9-gzjsg.jpg,1,dead
/content/training/dead.dead-1481 Small.png.4gb9fgr3.ingestion-6bf64f87d9-gzjsg.jpg,1,dead
/content/training/dead.dead-317.jpg.4gb9fgr3.ingestion-6bf64f87d9-nkxcl.jpg,1,dead
/content/training/dead.dead-471.jpg.4gb9fgtr.ingestion-6bf64f87d9-gzjsg.jpg,1,dead
/content/training/dead.dead-1212 Small.png.4gb9fgsk.ingestion-6bf64f87d9-q9rsg.jpg,1,dead
/content/training/dead.dead-667.jpg.4gb9fh41.ingestion-6bf64f87d9-nkxcl.jpg,1,dead
/content/training/dead.dead-1354 Small.png.4gb9fh58.ingestion-6bf64f87d9-q9rsg.jpg,1,dead
/content/training/dead.dead-1162 Small.png.4gb9fh8u.ingestion-6bf64f87d9-q9rsg.jpg,1,dead
/content/training/dead.dead-1448 Small.png.4gb9fh8b.ingestion-6bf64f87d9-nkxcl.jpg,1,dead
/content/training/dead.dead-302.jpg.4gb9fh9r.ingestion-6bf64f87d9-q9rsg.jpg,1,dead
/content/training/dead.dead-470.jpg.4gb9fhck.ingestion-6bf64f87d9-nkxcl.jpg,1,dead
/content/training/dead.dead-1280 Small.png.4gb9fhhj.ingestion-6bf64f87d9-nkxcl.jpg,1,dead
/content/training/dead.dead-465.jpg.4gb9fhjd.ingestion-6bf64f87d9-nkxcl.jpg,1,dead
/content/training/dead.dead-303.jpg.4gb9fhq5.ingestion-6bf64f87d9-gzjsg.jpg,1,dead
/content/training/dead.dead-464.jpg.4gb9fhsa.ingestion-6bf64f87d9-nkxcl.jpg,1,dead
/content/training/dead.dead-672.jpg.4gb9fhvd.ingestion-6bf64f87d9-gzjsg.jpg,1,dead
/content/training/dead.dead-882.jpg.4gb9fi1u.ingestion-6bf64f87d9-q9rsg.jpg,1,dead
/content/training/dead.dead-458.jpg.4gb9fi2f.ingestion-6bf64f87d9-q9rsg.jpg,1,dead
/content/training/dead.dead-896.jpg.4gb9fi3p.ingestion-6bf64f87d9-gzjsg.jpg,1,dead
/content/training/dead.dead-1249 Small.png.4gb9fi2f.ingestion-6bf64f87d9-gzjsg.jpg,1,dead
/content/training/dead.dead-128.jpg.4gb9fi6f.ingestion-6bf64f87d9-q9rsg.jpg,1,dead
/content/training/dead.dead-1139 Small.png.4gb9fi7d.ingestion-6bf64f87d9-q9rsg.jpg,1,dead
/content/training/dead.dead-666.jpg.4gb9fi98.ingestion-6bf64f87d9-q9rsg.jpg,1,dead
/content/training/dead.dead-1143 Small.png.4gb9fi8u.ingestion-6bf64f87d9-gzjsg.jpg,1,dead
/content/training/dead.dead-1469 Small.png.4gb9fib5.ingestion-6bf64f87d9-nkxcl.jpg,1,dead
/content/training/dead.dead-31.jpg.4gb9fid8.ingestion-6bf64f87d9-gzjsg.jpg,1,dead
/content/training/dead.dead-25.jpg.4gb9fidi.ingestion-6bf64f87d9-nkxcl.jpg,1,dead
/content/training/dead.dead-712.jpg.4gb9fir3.ingestion-6bf64f87d9-q9rsg.jpg,1,dead
/content/training/dead.dead-1375 Small.png.4gb9fiup.ingestion-6bf64f87d9-q9rsg.jpg,1,dead
/content/training/dead.dead-706.jpg.4gb9fiti.ingestion-6bf64f87d9-nkxcl.jpg,1,dead
/content/training/dead.dead-1361 Small.png.4gb9fj0a.ingestion-6bf64f87d9-q9rsg.jpg,1,dead
/content/training/dead.dead-699.jpg.4gb9fj4k.ingestion-6bf64f87d9-q9rsg.jpg,1,dead
/content/training/dead.dead-510.jpg.4gb9fja5.ingestion-6bf64f87d9-q9rsg.jpg,1,dead
/content/training/dead.dead-921.jpg.4gb9fj8u.ingestion-6bf64f87d9-nkxcl.jpg,1,dead
/content/training/dead.dead-841.jpg.4gb9fjca.ingestion-6bf64f87d9-nkxcl.jpg,1,dead
/content/training/dead.dead-262.jpg.4gb9fje5.ingestion-6bf64f87d9-nkxcl.jpg,1,dead
/content/training/dead.dead-1233 Small.png.4gb9fjfd.ingestion-6bf64f87d9-gzjsg.jpg,1,dead
/content/training/dead.dead-1227 Small.png.4gb9fjg1.ingestion-6bf64f87d9-nkxcl.jpg,1,dead
/content/training/dead.dead-504.jpg.4gb9fjh8.ingestion-6bf64f87d9-q9rsg.jpg,1,dead
/content/training/dead.dead-909.jpg.4gb9fjkb.ingestion-6bf64f87d9-nkxcl.jpg,1,dead
/content/training/dead.dead-1157 Small.png.4gb9fjk0.ingestion-6bf64f87d9-gzjsg.jpg,1,dead
/content/training/dead.dead-935.jpg.4gb9fjp8.ingestion-6bf64f87d9-q9rsg.jpg,1,dead
/content/training/dead.dead-1148 Small.png.4gb9fju5.ingestion-6bf64f87d9-gzjsg.jpg,1,dead
/content/training/dead.dead-299.jpg.4gb9fjvd.ingestion-6bf64f87d9-nkxcl.jpg,1,dead
/content/training/dead.dead-1407 Small.png.4gb9fk4k.ingestion-6bf64f87d9-gzjsg.jpg,1,dead
/content/training/dead.dead-272.jpg.4gb9fk7d.ingestion-6bf64f87d9-q9rsg.jpg,1,dead
/content/training/dead.dead-919.jpg.4gb9fkcu.ingestion-6bf64f87d9-gzjsg.jpg,1,dead
/content/training/dead.dead-1294 Small.png.4gb9fkbn.ingestion-6bf64f87d9-nkxcl.jpg,1,dead
/content/training/dead.dead-289.jpg.4gb9fkdi.ingestion-6bf64f87d9-gzjsg.jpg,1,dead
/content/training/dead.dead-1181 Small.png.4gb9fkh8.ingestion-6bf64f87d9-nkxcl.jpg,1,dead
/content/training/dead.dead-925.jpg.4gb9fkjn.ingestion-6bf64f87d9-gzjsg.jpg,1,dead
/content/training/dead.dead-1462 Small.png.4gb9fki6.ingestion-6bf64f87d9-q9rsg.jpg,1,dead
/content/training/dead.dead-1418 Small.png.4gb9fkl8.ingestion-6bf64f87d9-nkxcl.jpg,1,dead
/content/training/dead.dead-500.jpg.4gb9fkmf.ingestion-6bf64f87d9-gzjsg.jpg,1,dead
/content/training/dead.dead-528.jpg.4gb9fksl.ingestion-6bf64f87d9-nkxcl.jpg,1,dead
/content/training/dead.dead-266.jpg.4gb9fks1.ingestion-6bf64f87d9-nkxcl.jpg,1,dead
/content/training/dead.dead-1074 Small.png.4gb9fl1i.ingestion-6bf64f87d9-nkxcl.jpg,1,dead
/content/training/dead.dead-1304 Small.png.4gb9fl1i.ingestion-6bf64f87d9-q9rsg.jpg,1,dead
/content/training/dead.dead-845.jpg.4gb9fl4a.ingestion-6bf64f87d9-gzjsg.jpg,1,dead
/content/training/dead.dead-110.jpg.4gb9fl5i.ingestion-6bf64f87d9-nkxcl.jpg,1,dead
/content/training/dead.dead-1132 Small.png.4gb9fl9s.ingestion-6bf64f87d9-q9rsg.jpg,1,dead
/content/training/dead.dead-931.jpg.4gb9flaf.ingestion-6bf64f87d9-gzjsg.jpg,1,dead
/content/training/dead.dead-676.jpg.4gb9fl8b.ingestion-6bf64f87d9-gzjsg.jpg,1,dead
/content/training/dead.dead-879.jpg.4gb9flbd.ingestion-6bf64f87d9-gzjsg.jpg,1,dead
/content/training/dead.dead-702.jpg.4gb9flb3.ingestion-6bf64f87d9-nkxcl.jpg,1,dead
/content/training/dead.dead-104.jpg.4gb9flmp.ingestion-6bf64f87d9-q9rsg.jpg,1,dead
/content/training/dead.dead-1310 Small.png.4gb9floa.ingestion-6bf64f87d9-gzjsg.jpg,1,dead
/content/training/dead.dead-892.jpg.4gb9fm6r.ingestion-6bf64f87d9-nkxcl.jpg,1,dead
/content/training/dead.dead-448.jpg.4gb9fm6u.ingestion-6bf64f87d9-nkxcl.jpg,1,dead
/content/training/dead.dead-35.jpg.4gb9fmep.ingestion-6bf64f87d9-gzjsg.jpg,1,dead
/content/training/dead.dead-662.jpg.4gb9fmgu.ingestion-6bf64f87d9-nkxcl.jpg,1,dead
/content/training/dead.dead-1256 Small.png.4gb9fmj3.ingestion-6bf64f87d9-q9rsg.jpg,1,dead
/content/training/dead.dead-886.jpg.4gb9fmj3.ingestion-6bf64f87d9-gzjsg.jpg,1,dead
/content/training/dead.dead-307.jpg.4gb9fmka.ingestion-6bf64f87d9-nkxcl.jpg,1,dead
/content/training/dead.dead-312.jpg.4gb9fmn3.ingestion-6bf64f87d9-nkxcl.jpg,1,dead
/content/training/dead.dead-474.jpg.4gb9fmnd.ingestion-6bf64f87d9-q9rsg.jpg,1,dead
/content/training/dead.dead-306.jpg.4gb9fmpr.ingestion-6bf64f87d9-q9rsg.jpg,1,dead
/content/training/dead.dead-1195 Small.png.4gb9fmt8.ingestion-6bf64f87d9-gzjsg.jpg,1,dead
/content/training/dead.dead-1476 Small.png.4gb9fmv3.ingestion-6bf64f87d9-gzjsg.jpg,1,dead
/content/training/dead.dead-475.jpg.4gb9fn0m.ingestion-6bf64f87d9-gzjsg.jpg,1,dead
/content/training/dead.dead-1331 Small.png.4gb9fn1a.ingestion-6bf64f87d9-q9rsg.jpg,1,dead
/content/training/dead.dead-1107 Small.png.4gb9fn1r.ingestion-6bf64f87d9-gzjsg.jpg,1,dead
/content/training/dead.dead-461.jpg.4gb9fn7d.ingestion-6bf64f87d9-q9rsg.jpg,1,dead
/content/training/dead.dead-893.jpg.4gb9fnc0.ingestion-6bf64f87d9-gzjsg.jpg,1,dead
/content/training/dead.dead-105.jpg.4gb9fni5.ingestion-6bf64f87d9-nkxcl.jpg,1,dead
/content/training/dead.dead-111.jpg.4gb9fnjd.ingestion-6bf64f87d9-q9rsg.jpg,1,dead
/content/training/dead.dead-1277 Small.png.4gb9fnnn.ingestion-6bf64f87d9-nkxcl.jpg,1,dead
/content/training/dead.dead-677.jpg.4gb9fnmf.ingestion-6bf64f87d9-nkxcl.jpg,1,dead
/content/training/dead.dead-1088 Small.png.4gb9fnq5.ingestion-6bf64f87d9-gzjsg.jpg,1,dead
/content/training/dead.dead-844.jpg.4gb9fnou.ingestion-6bf64f87d9-q9rsg.jpg,1,dead
/content/training/dead.dead-688.jpg.4gb9fnrd.ingestion-6bf64f87d9-gzjsg.jpg,1,dead
/content/training/dead.dead-1457 Small.png.4gb9fo25.ingestion-6bf64f87d9-nkxcl.jpg,1,dead
/content/training/dead.dead-139.jpg.4gb9fo25.ingestion-6bf64f87d9-q9rsg.jpg,1,dead
/content/training/dead.dead-34.jpg.4gb9fo5r.ingestion-6bf64f87d9-q9rsg.jpg,1,dead
/content/training/dead.dead-717.jpg.4gb9fo98.ingestion-6bf64f87d9-q9rsg.jpg,1,dead
/content/training/dead.dead-20.jpg.4gb9fo9r.ingestion-6bf64f87d9-gzjsg.jpg,1,dead
/content/training/dead.dead-703.jpg.4gb9fock.ingestion-6bf64f87d9-nkxcl.jpg,1,dead
/content/training/dead.dead-878.jpg.4gb9fohr.ingestion-6bf64f87d9-gzjsg.jpg,1,dead
/content/training/dead.dead-1169 Small.png.4gb9foo1.ingestion-6bf64f87d9-q9rsg.jpg,1,dead
/content/training/dead.dead-1263 Small.png.4gb9for3.ingestion-6bf64f87d9-nkxcl.jpg,1,dead
/content/training/dead.dead-1219 Small.png.4gb9fp18.ingestion-6bf64f87d9-gzjsg.jpg,1,dead
/content/training/dead.dead-1439 Small.png.4gb9fp2p.ingestion-6bf64f87d9-q9rsg.jpg,1,dead
/content/training/dead.dead-501.jpg.4gb9fp40.ingestion-6bf64f87d9-gzjsg.jpg,1,dead
/content/training/dead.dead-930.jpg.4gb9fp4k.ingestion-6bf64f87d9-q9rsg.jpg,1,dead
/content/training/dead.dead-924.jpg.4gb9fp6f.ingestion-6bf64f87d9-gzjsg.jpg,1,dead
/content/training/dead.dead-918.jpg.4gb9fp8k.ingestion-6bf64f87d9-nkxcl.jpg,1,dead
/content/training/dead.dead-298.jpg.4gb9fpbd.ingestion-6bf64f87d9-gzjsg.jpg,1,dead
/content/training/dead.dead-529.jpg.4gb9fpdi.ingestion-6bf64f87d9-gzjsg.jpg,1,dead
/content/training/dead.dead-1003 Small.png.4gb9fpga.ingestion-6bf64f87d9-gzjsg.jpg,1,dead
/content/training/dead.dead-271.jpg.4gb9fpif.ingestion-6bf64f87d9-nkxcl.jpg,1,dead
/content/training/dead.dead-1113 Small.png.4gb9fpjn.ingestion-6bf64f87d9-gzjsg.jpg,1,dead
/content/training/dead.dead-503.jpg.4gb9fpoa.ingestion-6bf64f87d9-nkxcl.jpg,1,dead
/content/training/dead.dead-267.jpg.4gb9fpqf.ingestion-6bf64f87d9-q9rsg.jpg,1,dead
/content/training/dead.dead-926.jpg.4gb9fq0a.ingestion-6bf64f87d9-gzjsg.jpg,1,dead
/content/training/dead.dead-987 Small.png.4gb9fq33.ingestion-6bf64f87d9-nkxcl.jpg,1,dead
/content/training/dead.dead-1309 Small.png.4gb9fq65.ingestion-6bf64f87d9-nkxcl.jpg,1,dead
/content/training/dead.dead-1286 Small.png.4gb9fqb3.ingestion-6bf64f87d9-nkxcl.jpg,1,dead
/content/training/dead.dead-265.jpg.4gb9fq9s.ingestion-6bf64f87d9-q9rsg.jpg,1,dead
/content/training/dead.dead-1235 Small.png.4gb9fqd8.ingestion-6bf64f87d9-gzjsg.jpg,1,dead
/content/training/dead.dead-846.jpg.4gb9fqef.ingestion-6bf64f87d9-gzjsg.jpg,1,dead
/content/training/dead.dead-1145 Small.png.4gb9fqga.ingestion-6bf64f87d9-q9rsg.jpg,1,dead
/content/training/dead.dead-932.jpg.4gb9fqhs.ingestion-6bf64f87d9-q9rsg.jpg,1,dead
/content/training/dead.dead-701.jpg.4gb9fqn3.ingestion-6bf64f87d9-gzjsg.jpg,1,dead
/content/training/dead.dead-1079 Small.png.4gb9fqr3.ingestion-6bf64f87d9-q9rsg.jpg,1,dead
/content/training/dead.dead-113.jpg.4gb9fqu5.ingestion-6bf64f87d9-q9rsg.jpg,1,dead
/content/training/dead.dead-1401 Small.png.4gb9fr33.ingestion-6bf64f87d9-q9rsg.jpg,1,dead
/content/training/dead.dead-661.jpg.4gb9fr40.ingestion-6bf64f87d9-q9rsg.jpg,1,dead
/content/training/dead.dead-36.jpg.4gb9fr3d.ingestion-6bf64f87d9-nkxcl.jpg,1,dead
/content/training/dead.dead-1292 Small.png.4gb9fr1i.ingestion-6bf64f87d9-q9rsg.jpg,1,dead
/content/training/dead.dead-22.jpg.4gb9fr4k.ingestion-6bf64f87d9-nkxcl.jpg,1,dead
/content/training/dead.dead-1367 Small.png.4gb9fr9s.ingestion-6bf64f87d9-nkxcl.jpg,1,dead
/content/training/dead.dead-477.jpg.4gb9frub.ingestion-6bf64f87d9-gzjsg.jpg,1,dead
/content/training/dead.dead-476.jpg.4gb9fs40.ingestion-6bf64f87d9-gzjsg.jpg,1,dead
/content/training/dead.dead-1420 Small.png.4gb9fs5k.ingestion-6bf64f87d9-nkxcl.jpg,1,dead
/content/training/dead.dead-649.jpg.4gb9fs8a.ingestion-6bf64f87d9-gzjsg.jpg,1,dead
/content/training/dead.dead-1198 Small.png.4gb9fs9i.ingestion-6bf64f87d9-nkxcl.jpg,1,dead
/content/training/dead.dead-1221 Small.png.4gb9fsbn.ingestion-6bf64f87d9-gzjsg.jpg,1,dead
/content/training/dead.dead-1017 Small.png.4gb9fsbn.ingestion-6bf64f87d9-nkxcl.jpg,1,dead
/content/training/dead.dead-463.jpg.4gb9fsf3.ingestion-6bf64f87d9-gzjsg.jpg,1,dead
/content/training/dead.dead-311.jpg.4gb9fsfn.ingestion-6bf64f87d9-nkxcl.jpg,1,dead
/content/training/dead.dead-1085 Small.png.4gb9fsgu.ingestion-6bf64f87d9-nkxcl.jpg,1,dead
/content/training/dead.dead-338.jpg.4gb9fsfe.ingestion-6bf64f87d9-gzjsg.jpg,1,dead
/content/training/dead.dead-890.jpg.4gb9fsip.ingestion-6bf64f87d9-q9rsg.jpg,1,dead
/content/training/dead.dead-339.jpg.4gb9fsgv.ingestion-6bf64f87d9-nkxcl.jpg,1,dead
/content/training/dead.dead-462.jpg.4gb9fsjd.ingestion-6bf64f87d9-q9rsg.jpg,1,dead
/content/training/dead.dead-884.jpg.4gb9fsrd.ingestion-6bf64f87d9-nkxcl.jpg,1,dead
/content/training/dead.dead-489.jpg.4gb9fsvn.ingestion-6bf64f87d9-nkxcl.jpg,1,dead
/content/training/dead.dead-106.jpg.4gb9ft3n.ingestion-6bf64f87d9-gzjsg.jpg,1,dead
/content/training/dead.dead-1200 Small.png.4gb9ft4u.ingestion-6bf64f87d9-nkxcl.jpg,1,dead
/content/training/dead.dead-853.jpg.4gb9ft9i.ingestion-6bf64f87d9-nkxcl.jpg,1,dead
/content/training/dead.dead-1493 Small.png.4gb9ftbd.ingestion-6bf64f87d9-nkxcl.jpg,1,dead
/content/training/dead.dead-847.jpg.4gb9ftc0.ingestion-6bf64f87d9-q9rsg.jpg,1,dead
/content/training/dead.dead-1346 Small.png.4gb9ftgu.ingestion-6bf64f87d9-gzjsg.jpg,1,dead
/content/training/dead.dead-674.jpg.4gb9ftli.ingestion-6bf64f87d9-nkxcl.jpg,1,dead
/content/training/dead.dead-927.jpg.4gb9ftl8.ingestion-6bf64f87d9-gzjsg.jpg,1,dead
/content/training/dead.dead-37.jpg.4gb9ftt8.ingestion-6bf64f87d9-gzjsg.jpg,1,dead
/content/training/dead.dead-728.jpg.4gb9fu1i.ingestion-6bf64f87d9-gzjsg.jpg,1,dead
/content/training/dead.dead-264.jpg.4gb9fu2p.ingestion-6bf64f87d9-q9rsg.jpg,1,dead
/content/training/dead.dead-502.jpg.4gb9fu4k.ingestion-6bf64f87d9-gzjsg.jpg,1,dead
/content/training/dead.dead-270.jpg.4gb9fu7m.ingestion-6bf64f87d9-q9rsg.jpg,1,dead
/content/training/dead.dead-1022 Small.png.4gb9fubd.ingestion-6bf64f87d9-gzjsg.jpg,1,dead
/content/training/dead.dead-933.jpg.4gb9fu9i.ingestion-6bf64f87d9-q9rsg.jpg,1,dead
/content/training/dead.dead-1352 Small.png.4gb9fue6.ingestion-6bf64f87d9-nkxcl.jpg,1,dead
/content/training/dead.dead-1164 Small.png.4gb9fug0.ingestion-6bf64f87d9-q9rsg.jpg,1,dead
/content/training/dead.dead-1487 Small.png.4gb9fuip.ingestion-6bf64f87d9-gzjsg.jpg,1,dead
/content/training/dead.dead-296.jpg.4gb9fuka.ingestion-6bf64f87d9-q9rsg.jpg,1,dead
/content/training/dead.dead-1328 Small.png.4gb9fuok.ingestion-6bf64f87d9-gzjsg.jpg,1,dead
/content/training/dead.dead-516.jpg.4gb9fum6.ingestion-6bf64f87d9-nkxcl.jpg,1,dead
/content/training/dead.dead-1434 Small.png.4gb9fuq6.ingestion-6bf64f87d9-nkxcl.jpg,1,dead
/content/training/dead.dead-1058 Small.png.4gb9fv18.ingestion-6bf64f87d9-gzjsg.jpg,1,dead
/content/training/dead.dead-241.jpg.4gb9fv81.ingestion-6bf64f87d9-q9rsg.jpg,1,dead
/content/training/dead.dead-1229 Small.png.4gb9fv9s.ingestion-6bf64f87d9-nkxcl.jpg,1,dead
/content/training/dead.dead-1409 Small.png.4gb9fvbd.ingestion-6bf64f87d9-nkxcl.jpg,1,dead
/content/training/dead.dead-1190 Small.png.4gb9fvep.ingestion-6bf64f87d9-nkxcl.jpg,1,dead
/content/training/dead.dead-1315 Small.png.4gb9fvga.ingestion-6bf64f87d9-gzjsg.jpg,1,dead
/content/training/dead.dead-1159 Small.png.4gb9fvka.ingestion-6bf64f87d9-q9rsg.jpg,1,dead
/content/training/dead.dead-269.jpg.4gb9fvli.ingestion-6bf64f87d9-nkxcl.jpg,1,dead
/content/training/dead.dead-255.jpg.4gb9fvqp.ingestion-6bf64f87d9-q9rsg.jpg,1,dead
/content/training/dead.dead-533.jpg.4gb9fvsa.ingestion-6bf64f87d9-gzjsg.jpg,1,dead
/content/training/dead.dead-1123 Small.png.4gb9g018.ingestion-6bf64f87d9-q9rsg.jpg,1,dead
/content/training/dead.dead-902.jpg.4gb9g07n.ingestion-6bf64f87d9-nkxcl.jpg,1,dead
/content/training/dead.dead-719.jpg.4gb9g0c1.ingestion-6bf64f87d9-nkxcl.jpg,1,dead
/content/training/dead.dead-645.jpg.4gb9g0bd.ingestion-6bf64f87d9-q9rsg.jpg,1,dead
/content/training/dead.dead-862.jpg.4gb9g0hi.ingestion-6bf64f87d9-nkxcl.jpg,1,dead
/content/training/dead.dead-123.jpg.4gb9g0gu.ingestion-6bf64f87d9-q9rsg.jpg,1,dead
/content/training/dead.dead-876.jpg.4gb9g0hs.ingestion-6bf64f87d9-q9rsg.jpg,1,dead
/content/training/dead.dead-686.jpg.4gb9g0mp.ingestion-6bf64f87d9-gzjsg.jpg,1,dead
/content/training/dead.dead-692.jpg.4gb9g0oa.ingestion-6bf64f87d9-nkxcl.jpg,1,dead
/content/training/dead.dead-1247 Small.png.4gb9g0pi.ingestion-6bf64f87d9-gzjsg.jpg,1,dead
/content/training/dead.dead-1301 Small.png.4gb9g0r3.ingestion-6bf64f87d9-nkxcl.jpg,1,dead
/content/training/dead.dead-1137 Small.png.4gb9g0s0.ingestion-6bf64f87d9-gzjsg.jpg,1,dead
/content/training/dead.dead-137.jpg.4gb9g0su.ingestion-6bf64f87d9-nkxcl.jpg,1,dead
/content/training/dead.dead-484.jpg.4gb9g10m.ingestion-6bf64f87d9-q9rsg.jpg,1,dead
/content/training/dead.dead-452.jpg.4gb9g13p.ingestion-6bf64f87d9-nkxcl.jpg,1,dead
/content/training/dead.dead-309.jpg.4gb9g1ck.ingestion-6bf64f87d9-nkxcl.jpg,1,dead
/content/training/dead.dead-447.jpg.4gb9g1e5.ingestion-6bf64f87d9-q9rsg.jpg,1,dead
/content/training/dead.dead-320.jpg.4gb9g1fm.ingestion-6bf64f87d9-gzjsg.jpg,1,dead
/content/training/dead.dead-453.jpg.4gb9g1k0.ingestion-6bf64f87d9-gzjsg.jpg,1,dead
/content/training/dead.dead-308.jpg.4gb9g1mp.ingestion-6bf64f87d9-q9rsg.jpg,1,dead
/content/training/dead.dead-6.jpg.4gb9g1t8.ingestion-6bf64f87d9-gzjsg.jpg,1,dead
/content/training/dead.dead-1467 Small.png.4gb9g1t8.ingestion-6bf64f87d9-q9rsg.jpg,1,dead
/content/training/dead.dead-1184 Small.png.4gb9g201.ingestion-6bf64f87d9-nkxcl.jpg,1,dead
/content/training/dead.dead-1266 Small.png.4gb9g1vn.ingestion-6bf64f87d9-gzjsg.jpg,1,dead
/content/training/dead.dead-334.jpg.4gb9g218.ingestion-6bf64f87d9-q9rsg.jpg,1,dead
/content/training/dead.dead-321.jpg.4gb9g23d.ingestion-6bf64f87d9-gzjsg.jpg,1,dead
/content/training/dead.dead-1116 Small.png.4gb9g22f.ingestion-6bf64f87d9-q9rsg.jpg,1,dead
/content/training/dead.dead-335.jpg.4gb9g241.ingestion-6bf64f87d9-nkxcl.jpg,1,dead
/content/training/dead.dead-136.jpg.4gb9g27d.ingestion-6bf64f87d9-nkxcl.jpg,1,dead
/content/training/dead.dead-491.jpg.4gb9g2bn.ingestion-6bf64f87d9-nkxcl.jpg,1,dead
/content/training/dead.dead-446.jpg.4gb9g281.ingestion-6bf64f87d9-nkxcl.jpg,1,dead
/content/training/dead.dead-1099 Small.png.4gb9g2di.ingestion-6bf64f87d9-q9rsg.jpg,1,dead
/content/training/dead.dead-644.jpg.4gb9g2gk.ingestion-6bf64f87d9-q9rsg.jpg,1,dead
/content/training/dead.dead-122.jpg.4gb9g2hi.ingestion-6bf64f87d9-gzjsg.jpg,1,dead
/content/training/dead.dead-678.jpg.4gb9g2ip.ingestion-6bf64f87d9-nkxcl.jpg,1,dead
/content/training/dead.dead-1320 Small.png.4gb9g2l8.ingestion-6bf64f87d9-gzjsg.jpg,1,dead
/content/training/dead.dead-687.jpg.4gb9g2o0.ingestion-6bf64f87d9-nkxcl.jpg,1,dead
/content/training/dead.dead-888.jpg.4gb9g2t8.ingestion-6bf64f87d9-q9rsg.jpg,1,dead
/content/training/dead.dead-863.jpg.4gb9g2uf.ingestion-6bf64f87d9-q9rsg.jpg,1,dead
/content/training/dead.dead-1208 Small.png.4gb9g31s.ingestion-6bf64f87d9-nkxcl.jpg,1,dead
/content/training/dead.dead-13.jpg.4gb9g333.ingestion-6bf64f87d9-nkxcl.jpg,1,dead
/content/training/dead.dead-730.jpg.4gb9g34a.ingestion-6bf64f87d9-q9rsg.jpg,1,dead
/content/training/dead.dead-693.jpg.4gb9g3ca.ingestion-6bf64f87d9-gzjsg.jpg,1,dead
/content/training/dead.dead-917.jpg.4gb9g3f3.ingestion-6bf64f87d9-q9rsg.jpg,1,dead
/content/training/dead.dead-1334 Small.png.4gb9g3gk.ingestion-6bf64f87d9-gzjsg.jpg,1,dead
/content/training/dead.dead-877.jpg.4gb9g3k1.ingestion-6bf64f87d9-nkxcl.jpg,1,dead
/content/training/dead.dead-1500 Small.png.4gb9g3jd.ingestion-6bf64f87d9-gzjsg.jpg,1,dead
/content/training/dead.dead-724.jpg.4gb9g3ls.ingestion-6bf64f87d9-gzjsg.jpg,1,dead
/content/training/dead.dead-1178 Small.png.4gb9g3ti.ingestion-6bf64f87d9-q9rsg.jpg,1,dead
/content/training/dead.dead-718.jpg.4gb9g3t8.ingestion-6bf64f87d9-nkxcl.jpg,1,dead
/content/training/dead.dead-254.jpg.4gb9g3rd.ingestion-6bf64f87d9-nkxcl.jpg,1,dead
/content/training/dead.dead-1452 Small.png.4gb9g41i.ingestion-6bf64f87d9-gzjsg.jpg,1,dead
/content/training/dead.dead-903.jpg.4gb9g43n.ingestion-6bf64f87d9-nkxcl.jpg,1,dead
/content/training/dead.dead-526.jpg.4gb9g465.ingestion-6bf64f87d9-nkxcl.jpg,1,dead
/content/training/dead.dead-297.jpg.4gb9g48a.ingestion-6bf64f87d9-q9rsg.jpg,1,dead
/content/training/dead.dead-240.jpg.4gb9g498.ingestion-6bf64f87d9-q9rsg.jpg,1,dead
/content/training/dead.dead-283.jpg.4gb9g473.ingestion-6bf64f87d9-nkxcl.jpg,1,dead
/content/training/dead.dead-996 Small.png.4gb9g4ap.ingestion-6bf64f87d9-gzjsg.jpg,1,dead
/content/training/dead.dead-295.jpg.4gb9g4d8.ingestion-6bf64f87d9-q9rsg.jpg,1,dead
/content/training/dead.dead-1428 Small.png.4gb9g4h8.ingestion-6bf64f87d9-q9rsg.jpg,1,dead
/content/training/dead.dead-518.jpg.4gb9g4if.ingestion-6bf64f87d9-nkxcl.jpg,1,dead
/content/training/dead.dead-532.jpg.4gb9g4j3.ingestion-6bf64f87d9-gzjsg.jpg,1,dead
/content/training/dead.dead-1272 Small.png.4gb9g4kk.ingestion-6bf64f87d9-nkxcl.jpg,1,dead
/content/training/dead.dead-268.jpg.4gb9g4o0.ingestion-6bf64f87d9-q9rsg.jpg,1,dead
/content/training/dead.dead-242.jpg.4gb9g4nd.ingestion-6bf64f87d9-gzjsg.jpg,1,dead
/content/training/dead.dead-524.jpg.4gb9g4p8.ingestion-6bf64f87d9-nkxcl.jpg,1,dead
/content/training/dead.dead-1044 Small.png.4gb9g4qq.ingestion-6bf64f87d9-gzjsg.jpg,1,dead
/content/training/dead.dead-915.jpg.4gb9g540.ingestion-6bf64f87d9-nkxcl.jpg,1,dead
/content/training/dead.dead-1297 Small.png.4gb9g573.ingestion-6bf64f87d9-gzjsg.jpg,1,dead
/content/training/dead.dead-1154 Small.png.4gb9g5aq.ingestion-6bf64f87d9-q9rsg.jpg,1,dead
/content/training/dead.dead-732.jpg.4gb9g5fd.ingestion-6bf64f87d9-q9rsg.jpg,1,dead
/content/training/dead.dead-861.jpg.4gb9g5k1.ingestion-6bf64f87d9-q9rsg.jpg,1,dead
/content/training/dead.dead-901.jpg.4gb9g5q9.ingestion-6bf64f87d9-gzjsg.jpg,1,dead
/content/training/dead.dead-929.jpg.4gb9g5tm.ingestion-6bf64f87d9-q9rsg.jpg,1,dead
/content/training/dead.dead-685.jpg.4gb9g5rd.ingestion-6bf64f87d9-gzjsg.jpg,1,dead
/content/training/dead.dead-1068 Small.png.4gb9g5ug.ingestion-6bf64f87d9-nkxcl.jpg,1,dead
/content/training/dead.dead-108.jpg.4gb9g5vm.ingestion-6bf64f87d9-q9rsg.jpg,1,dead
/content/training/dead.dead-1318 Small.png.4gb9g60a.ingestion-6bf64f87d9-q9rsg.jpg,1,dead
/content/training/dead.dead-1404 Small.png.4gb9g643.ingestion-6bf64f87d9-nkxcl.jpg,1,dead
/content/training/dead.dead-875.jpg.4gb9g65i.ingestion-6bf64f87d9-gzjsg.jpg,1,dead
/content/training/dead.dead-849.jpg.4gb9g665.ingestion-6bf64f87d9-gzjsg.jpg,1,dead
/content/training/dead.dead-134.jpg.4gb9g658.ingestion-6bf64f87d9-nkxcl.jpg,1,dead
/content/training/dead.dead-120.jpg.4gb9g67d.ingestion-6bf64f87d9-q9rsg.jpg,1,dead
/content/training/dead.dead-691.jpg.4gb9g680.ingestion-6bf64f87d9-nkxcl.jpg,1,dead
/content/training/dead.dead-646.jpg.4gb9g698.ingestion-6bf64f87d9-gzjsg.jpg,1,dead
/content/training/dead.dead-39.jpg.4gb9g6ck.ingestion-6bf64f87d9-nkxcl.jpg,1,dead
/content/training/dead.dead-652.jpg.4gb9g6cu.ingestion-6bf64f87d9-gzjsg.jpg,1,dead
/content/training/dead.dead-11.jpg.4gb9g6i6.ingestion-6bf64f87d9-nkxcl.jpg,1,dead
/content/training/dead.dead-478.jpg.4gb9g78u.ingestion-6bf64f87d9-q9rsg.jpg,1,dead
/content/training/dead.dead-487.jpg.4gb9g79i.ingestion-6bf64f87d9-gzjsg.jpg,1,dead
/content/training/dead.dead-1431 Small.png.4gb9g79k.ingestion-6bf64f87d9-nkxcl.jpg,1,dead
/content/training/dead.dead-323.jpg.4gb9g79l.ingestion-6bf64f87d9-q9rsg.jpg,1,dead
/content/training/dead.dead-1230 Small.png.4gb9g7gk.ingestion-6bf64f87d9-gzjsg.jpg,1,dead
/content/training/dead.dead-1189 Small.png.4gb9g7jn.ingestion-6bf64f87d9-q9rsg.jpg,1,dead
/content/training/dead.dead-451.jpg.4gb9g7i5.ingestion-6bf64f87d9-gzjsg.jpg,1,dead
/content/training/dead.dead-1376 Small.png.4gb9g7ka.ingestion-6bf64f87d9-nkxcl.jpg,1,dead
/content/training/dead.dead-479.jpg.4gb9g7lr.ingestion-6bf64f87d9-nkxcl.jpg,1,dead
/content/training/dead.dead-444.jpg.4gb9g7qf.ingestion-6bf64f87d9-nkxcl.jpg,1,dead
/content/training/dead.dead-336.jpg.4gb9g7pi.ingestion-6bf64f87d9-gzjsg.jpg,1,dead
/content/training/dead.dead-337.jpg.4gb9g7pi.ingestion-6bf64f87d9-gzjsg.jpg,1,dead
/content/training/dead.dead-5.jpg.4gb9g7r3.ingestion-6bf64f87d9-nkxcl.jpg,1,dead
/content/training/dead.dead-322.jpg.4gb9g7r3.ingestion-6bf64f87d9-q9rsg.jpg,1,dead
/content/training/dead.dead-486.jpg.4gb9g7u5.ingestion-6bf64f87d9-gzjsg.jpg,1,dead
/content/training/dead.dead-4.jpg.4gb9g7r3.ingestion-6bf64f87d9-gzjsg.jpg,1,dead
/content/training/dead.dead-121.jpg.4gb9g81i.ingestion-6bf64f87d9-q9rsg.jpg,1,dead
/content/training/dead.dead-1211 Small.png.4gb9g84u.ingestion-6bf64f87d9-nkxcl.jpg,1,dead
/content/training/dead.dead-647.jpg.4gb9g865.ingestion-6bf64f87d9-q9rsg.jpg,1,dead
/content/training/dead.dead-653.jpg.4gb9g87d.ingestion-6bf64f87d9-gzjsg.jpg,1,dead
/content/training/dead.dead-492.jpg.4gb9g8gu.ingestion-6bf64f87d9-nkxcl.jpg,1,dead
/content/training/dead.dead-1482 Small.png.4gb9g8ip.ingestion-6bf64f87d9-gzjsg.jpg,1,dead
/content/training/dead.dead-109.jpg.4gb9g8k0.ingestion-6bf64f87d9-nkxcl.jpg,1,dead
/content/training/dead.dead-10.jpg.4gb9g8p8.ingestion-6bf64f87d9-gzjsg.jpg,1,dead
/content/training/dead.dead-733.jpg.4gb9g8ts.ingestion-6bf64f87d9-q9rsg.jpg,1,dead
/content/training/dead.dead-928.jpg.4gb9g91i.ingestion-6bf64f87d9-nkxcl.jpg,1,dead
/content/training/dead.dead-1357 Small.png.4gb9g933.ingestion-6bf64f87d9-gzjsg.jpg,1,dead
/content/training/dead.dead-38.jpg.4gb9g966.ingestion-6bf64f87d9-nkxcl.jpg,1,dead
/content/training/dead.dead-1161 Small.png.4gb9g96p.ingestion-6bf64f87d9-q9rsg.jpg,1,dead
/content/training/dead.dead-1343 Small.png.4gb9g98a.ingestion-6bf64f87d9-nkxcl.jpg,1,dead
/content/training/dead.dead-1033 Small.png.4gb9g9a5.ingestion-6bf64f87d9-q9rsg.jpg,1,dead
/content/training/dead.dead-690.jpg.4gb9g9ap.ingestion-6bf64f87d9-gzjsg.jpg,1,dead
/content/training/dead.dead-860.jpg.4gb9g9ef.ingestion-6bf64f87d9-q9rsg.jpg,1,dead
/content/training/dead.dead-727.jpg.4gb9g9j3.ingestion-6bf64f87d9-gzjsg.jpg,1,dead
/content/training/dead.dead-1496 Small.png.4gb9g9ls.ingestion-6bf64f87d9-q9rsg.jpg,1,dead
/content/training/dead.dead-1175 Small.png.4gb9g9ou.ingestion-6bf64f87d9-gzjsg.jpg,1,dead
/content/training/dead.dead-519.jpg.4gb9g9rd.ingestion-6bf64f87d9-nkxcl.jpg,1,dead
/content/training/dead.dead-914.jpg.4gb9g9ti.ingestion-6bf64f87d9-gzjsg.jpg,1,dead
/content/training/dead.dead-900.jpg.4gb9ga18.ingestion-6bf64f87d9-nkxcl.jpg,1,dead
/content/training/dead.dead-280.jpg.4gb9ga2f.ingestion-6bf64f87d9-q9rsg.jpg,1,dead
/content/training/dead.dead-1425 Small.png.4gb9ga3n.ingestion-6bf64f87d9-gzjsg.jpg,1,dead
/content/training/dead.dead-284.jpg.4gb9ga7d.ingestion-6bf64f87d9-q9rsg.jpg,1,dead
/content/training/dead.dead-531.jpg.4gb9ga81.ingestion-6bf64f87d9-gzjsg.jpg,1,dead
/content/training/dead.dead-257.jpg.4gb9gaa6.ingestion-6bf64f87d9-nkxcl.jpg,1,dead
/content/training/dead.dead-521.jpg.4gb9gabd.ingestion-6bf64f87d9-nkxcl.jpg,1,dead
/content/training/dead.dead-247.jpg.4gb9gad8.ingestion-6bf64f87d9-q9rsg.jpg,1,dead
/content/training/dead.dead-253.jpg.4gb9gaef.ingestion-6bf64f87d9-gzjsg.jpg,1,dead
/content/training/dead.dead-294.jpg.4gb9gai6.ingestion-6bf64f87d9-nkxcl.jpg,1,dead
/content/training/dead.dead-1080 Small.png.4gb9gafd.ingestion-6bf64f87d9-q9rsg.jpg,1,dead
/content/training/dead.dead-1440 Small.png.4gb9gal8.ingestion-6bf64f87d9-gzjsg.jpg,1,dead
/content/training/dead.dead-1339 Small.png.4gb9gann.ingestion-6bf64f87d9-nkxcl.jpg,1,dead
/content/training/dead.dead-938.jpg.4gb9gaqr.ingestion-6bf64f87d9-gzjsg.jpg,1,dead
/content/training/dead.dead-290.jpg.4gb9gasu.ingestion-6bf64f87d9-gzjsg.jpg,1,dead
/content/training/dead.dead-737.jpg.4gb9gb2r.ingestion-6bf64f87d9-q9rsg.jpg,1,dead
/content/training/dead.dead-723.jpg.4gb9gb1a.ingestion-6bf64f87d9-nkxcl.jpg,1,dead
/content/training/dead.dead-1489 Small.png.4gb9gbaf.ingestion-6bf64f87d9-q9rsg.jpg,1,dead
/content/training/dead.dead-1395 Small.png.4gb9gbdi.ingestion-6bf64f87d9-nkxcl.jpg,1,dead
/content/training/dead.dead-680.jpg.4gb9gbip.ingestion-6bf64f87d9-nkxcl.jpg,1,dead
/content/training/dead.dead-1110 Small.png.4gb9gbl8.ingestion-6bf64f87d9-gzjsg.jpg,1,dead
/content/training/dead.dead-904.jpg.4gb9gbj3.ingestion-6bf64f87d9-nkxcl.jpg,1,dead
/content/training/dead.dead-1332 Small.png.4gb9gbkk.ingestion-6bf64f87d9-q9rsg.jpg,1,dead
/content/training/dead.dead-910.jpg.4gb9gbl8.ingestion-6bf64f87d9-q9rsg.jpg,1,dead
/content/training/dead.dead-870.jpg.4gb9gbmf.ingestion-6bf64f87d9-gzjsg.jpg,1,dead
/content/training/dead.dead-1326 Small.png.4gb9gbo0.ingestion-6bf64f87d9-gzjsg.jpg,1,dead
/content/training/dead.dead-1260 Small.png.4gb9gbou.ingestion-6bf64f87d9-q9rsg.jpg,1,dead
/content/training/dead.dead-1274 Small.png.4gb9gbup.ingestion-6bf64f87d9-gzjsg.jpg,1,dead
/content/training/dead.dead-694.jpg.4gb9gbvd.ingestion-6bf64f87d9-nkxcl.jpg,1,dead
/content/training/dead.dead-858.jpg.4gb9gbvn.ingestion-6bf64f87d9-gzjsg.jpg,1,dead
/content/training/dead.dead-657.jpg.4gb9gc3n.ingestion-6bf64f87d9-nkxcl.jpg,1,dead
/content/training/dead.dead-119.jpg.4gb9gcsa.ingestion-6bf64f87d9-nkxcl.jpg,1,dead
/content/training/dead.dead-1038 Small.png.4gb9gcu5.ingestion-6bf64f87d9-q9rsg.jpg,1,dead
/content/training/dead.dead-455.jpg.4gb9gd0u.ingestion-6bf64f87d9-nkxcl.jpg,1,dead
/content/training/dead.dead-468.jpg.4gb9gd25.ingestion-6bf64f87d9-q9rsg.jpg,1,dead
/content/training/dead.dead-14.jpg.4gb9gd5s.ingestion-6bf64f87d9-nkxcl.jpg,1,dead
/content/training/dead.dead-28.jpg.4gb9gd6f.ingestion-6bf64f87d9-q9rsg.jpg,1,dead
/content/training/dead.dead-125.jpg.4gb9gd73.ingestion-6bf64f87d9-gzjsg.jpg,1,dead
/content/training/dead.dead-333.jpg.4gb9gd98.ingestion-6bf64f87d9-nkxcl.jpg,1,dead
/content/training/dead.dead-441.jpg.4gb9gdb3.ingestion-6bf64f87d9-gzjsg.jpg,1,dead
/content/training/dead.dead-327.jpg.4gb9gdaf.ingestion-6bf64f87d9-q9rsg.jpg,1,dead
/content/training/dead.dead-496.jpg.4gb9gde5.ingestion-6bf64f87d9-gzjsg.jpg,1,dead
/content/training/dead.dead-1348 Small.png.4gb9gdef.ingestion-6bf64f87d9-nkxcl.jpg,1,dead
/content/training/dead.dead-1454 Small.png.4gb9gdga.ingestion-6bf64f87d9-q9rsg.jpg,1,dead
/content/training/dead.dead-469.jpg.4gb9gdga.ingestion-6bf64f87d9-gzjsg.jpg,1,dead
/content/training/dead.dead-1063 Small.png.4gb9gdgb.ingestion-6bf64f87d9-nkxcl.jpg,1,dead
/content/training/dead.dead-1255 Small.png.4gb9gdip.ingestion-6bf64f87d9-nkxcl.jpg,1,dead
/content/training/dead.dead-1125 Small.png.4gb9gdlr.ingestion-6bf64f87d9-q9rsg.jpg,1,dead
/content/training/dead.dead-1313 Small.png.4gb9gdls.ingestion-6bf64f87d9-q9rsg.jpg,1,dead
/content/training/dead.dead-483.jpg.4gb9gdq5.ingestion-6bf64f87d9-q9rsg.jpg,1,dead
/content/training/dead.dead-1475 Small.png.4gb9gdut.ingestion-6bf64f87d9-q9rsg.jpg,1,dead
/content/training/dead.dead-326.jpg.4gb9ge33.ingestion-6bf64f87d9-gzjsg.jpg,1,dead
/content/training/dead.dead-118.jpg.4gb9ge1r.ingestion-6bf64f87d9-nkxcl.jpg,1,dead
/content/training/dead.dead-454.jpg.4gb9gebd.ingestion-6bf64f87d9-gzjsg.jpg,1,dead
/content/training/dead.dead-130.jpg.4gb9gef3.ingestion-6bf64f87d9-nkxcl.jpg,1,dead
/content/training/dead.dead-865.jpg.4gb9gegu.ingestion-6bf64f87d9-gzjsg.jpg,1,dead
/content/training/dead.dead-29.jpg.4gb9gek1.ingestion-6bf64f87d9-nkxcl.jpg,1,dead
/content/training/dead.dead-859.jpg.4gb9gemp.ingestion-6bf64f87d9-gzjsg.jpg,1,dead
/content/training/dead.dead-1196 Small.png.4gb9geoa.ingestion-6bf64f87d9-gzjsg.jpg,1,dead
/content/training/dead.dead-497.jpg.4gb9gehr.ingestion-6bf64f87d9-gzjsg.jpg,1,dead
/content/training/dead.dead-1369 Small.png.4gb9geqg.ingestion-6bf64f87d9-q9rsg.jpg,1,dead
/content/training/dead.dead-15.jpg.4gb9ger3.ingestion-6bf64f87d9-gzjsg.jpg,1,dead
/content/training/dead.dead-642.jpg.4gb9get8.ingestion-6bf64f87d9-nkxcl.jpg,1,dead
/content/training/dead.dead-124.jpg.4gb9gevd.ingestion-6bf64f87d9-q9rsg.jpg,1,dead
/content/training/dead.dead-722.jpg.4gb9geuf.ingestion-6bf64f87d9-nkxcl.jpg,1,dead
/content/training/dead.dead-871.jpg.4gb9gf5i.ingestion-6bf64f87d9-nkxcl.jpg,1,dead
/content/training/dead.dead-939.jpg.4gb9gf8a.ingestion-6bf64f87d9-gzjsg.jpg,1,dead
/content/training/dead.dead-695.jpg.4gb9gf8u.ingestion-6bf64f87d9-nkxcl.jpg,1,dead
/content/training/dead.dead-989 Small.png.4gb9gfaf.ingestion-6bf64f87d9-gzjsg.jpg,1,dead
/content/training/dead.dead-520.jpg.4gb9gfef.ingestion-6bf64f87d9-nkxcl.jpg,1,dead
/content/training/dead.dead-246.jpg.4gb9gffn.ingestion-6bf64f87d9-q9rsg.jpg,1,dead
/content/training/dead.dead-911.jpg.4gb9gfhs.ingestion-6bf64f87d9-q9rsg.jpg,1,dead
/content/training/dead.dead-905.jpg.4gb9gfng.ingestion-6bf64f87d9-gzjsg.jpg,1,dead
/content/training/dead.dead-1182 Small.png.4gb9gfov.ingestion-6bf64f87d9-nkxcl.jpg,1,dead
/content/training/dead.dead-1461 Small.png.4gb9gftt.ingestion-6bf64f87d9-q9rsg.jpg,1,dead
/content/training/dead.dead-508.jpg.4gb9gg03.ingestion-6bf64f87d9-nkxcl.jpg,1,dead
/content/training/dead.dead-534.jpg.4gb9gg0k.ingestion-6bf64f87d9-gzjsg.jpg,1,dead
/content/training/dead.dead-1131 Small.png.4gb9gg7n.ingestion-6bf64f87d9-nkxcl.jpg,1,dead
/content/training/dead.dead-1288 Small.png.4gb9gg9i.ingestion-6bf64f87d9-gzjsg.jpg,1,dead
/content/training/dead.dead-1484 Small.png.4gb9gg8u.ingestion-6bf64f87d9-gzjsg.jpg,1,dead
/content/training/dead.dead-291.jpg.4gb9gg9k.ingestion-6bf64f87d9-q9rsg.jpg,1,dead
/content/training/dead.dead-1077 Small.png.4gb9ggdi.ingestion-6bf64f87d9-q9rsg.jpg,1,dead
/content/training/dead.dead-293.jpg.4gb9ggef.ingestion-6bf64f87d9-nkxcl.jpg,1,dead
/content/training/dead.dead-1398 Small.png.4gb9ggk1.ingestion-6bf64f87d9-q9rsg.jpg,1,dead
/content/training/dead.dead-1351 Small.png.4gb9ggku.ingestion-6bf64f87d9-gzjsg.jpg,1,dead
/content/training/dead.dead-287.jpg.4gb9ggo1.ingestion-6bf64f87d9-nkxcl.jpg,1,dead
/content/training/dead.dead-1167 Small.png.4gb9ggpi.ingestion-6bf64f87d9-q9rsg.jpg,1,dead
/content/training/dead.dead-1217 Small.png.4gb9ggqp.ingestion-6bf64f87d9-nkxcl.jpg,1,dead
/content/training/dead.dead-1437 Small.png.4gb9ggvd.ingestion-6bf64f87d9-q9rsg.jpg,1,dead
/content/training/dead.dead-720.jpg.4gb9gh2p.ingestion-6bf64f87d9-nkxcl.jpg,1,dead
/content/training/dead.dead-708.jpg.4gb9gh40.ingestion-6bf64f87d9-q9rsg.jpg,1,dead
/content/training/dead.dead-250.jpg.4gb9gh4a.ingestion-6bf64f87d9-nkxcl.jpg,1,dead
/content/training/dead.dead-244.jpg.4gb9gh5r.ingestion-6bf64f87d9-q9rsg.jpg,1,dead
/content/training/dead.dead-278.jpg.4gb9ghaf.ingestion-6bf64f87d9-nkxcl.jpg,1,dead
/content/training/dead.dead-1092 Small.png.4gb9ghck.ingestion-6bf64f87d9-q9rsg.jpg,1,dead
/content/training/dead.dead-913.jpg.4gb9ghep.ingestion-6bf64f87d9-gzjsg.jpg,1,dead
/content/training/dead.dead-907.jpg.4gb9ghgu.ingestion-6bf64f87d9-nkxcl.jpg,1,dead
/content/training/dead.dead-734.jpg.4gb9ghlr.ingestion-6bf64f87d9-gzjsg.jpg,1,dead
/content/training/dead.dead-697.jpg.4gb9ghmf.ingestion-6bf64f87d9-nkxcl.jpg,1,dead
/content/training/dead.dead-683.jpg.4gb9ghm5.ingestion-6bf64f87d9-gzjsg.jpg,1,dead
/content/training/dead.dead-1109 Small.png.4gb9ghou.ingestion-6bf64f87d9-q9rsg.jpg,1,dead
/content/training/dead.dead-126.jpg.4gb9ghpi.ingestion-6bf64f87d9-gzjsg.jpg,1,dead
/content/training/dead.dead-1423 Small.png.4gb9ghoa.ingestion-6bf64f87d9-nkxcl.jpg,1,dead
/content/training/dead.dead-640.jpg.4gb9ghps.ingestion-6bf64f87d9-nkxcl.jpg,1,dead
/content/training/dead.dead-481.jpg.4gb9gi80.ingestion-6bf64f87d9-q9rsg.jpg,1,dead
/content/training/dead.dead-1035 Small.png.4gb9gifd.ingestion-6bf64f87d9-nkxcl.jpg,1,dead
/content/training/dead.dead-330.jpg.4gb9gigu.ingestion-6bf64f87d9-q9rsg.jpg,1,dead
/content/training/dead.dead-17.jpg.4gb9gij3.ingestion-6bf64f87d9-q9rsg.jpg,1,dead
/content/training/dead.dead-1203 Small.png.4gb9gikk.ingestion-6bf64f87d9-nkxcl.jpg,1,dead
/content/training/dead.dead-2.jpg.4gb9gilr.ingestion-6bf64f87d9-q9rsg.jpg,1,dead
/content/training/dead.dead-132.jpg.4gb9gisk.ingestion-6bf64f87d9-nkxcl.jpg,1,dead
/content/training/dead.dead-1086 Small.png.4gb9giup.ingestion-6bf64f87d9-q9rsg.jpg,1,dead
/content/training/dead.dead-668.jpg.4gb9giup.ingestion-6bf64f87d9-gzjsg.jpg,1,dead
/content/training/dead.dead-978 Small.png.4gb9givd.ingestion-6bf64f87d9-nkxcl.jpg,1,dead
/content/training/dead.dead-495.jpg.4gb9givd.ingestion-6bf64f87d9-gzjsg.jpg,1,dead
/content/training/dead.dead-442.jpg.4gb9gj01.ingestion-6bf64f87d9-q9rsg.jpg,1,dead
/content/training/dead.dead-456.jpg.4gb9gj2f.ingestion-6bf64f87d9-gzjsg.jpg,1,dead
/content/training/dead.dead-331.jpg.4gb9gj58.ingestion-6bf64f87d9-gzjsg.jpg,1,dead
/content/training/dead.dead-1459 Small.png.4gb9gj8a.ingestion-6bf64f87d9-gzjsg.jpg,1,dead
/content/training/dead.dead-1490 Small.png.4gb9gj9i.ingestion-6bf64f87d9-nkxcl.jpg,1,dead
/content/training/dead.dead-457.jpg.4gb9gjap.ingestion-6bf64f87d9-q9rsg.jpg,1,dead
/content/training/dead.dead-1173 Small.png.4gb9gjd8.ingestion-6bf64f87d9-q9rsg.jpg,1,dead
/content/training/dead.dead-325.jpg.4gb9gjga.ingestion-6bf64f87d9-nkxcl.jpg,1,dead
/content/training/dead.dead-319.jpg.4gb9gjm5.ingestion-6bf64f87d9-q9rsg.jpg,1,dead
/content/training/dead.dead-3.jpg.4gb9gjok.ingestion-6bf64f87d9-nkxcl.jpg,1,dead
/content/training/dead.dead-480.jpg.4gb9gjrd.ingestion-6bf64f87d9-q9rsg.jpg,1,dead
/content/training/dead.dead-669.jpg.4gb9gjsu.ingestion-6bf64f87d9-gzjsg.jpg,1,dead
/content/training/dead.dead-443.jpg.4gb9gk4u.ingestion-6bf64f87d9-gzjsg.jpg,1,dead
/content/training/dead.dead-899.jpg.4gb9gk65.ingestion-6bf64f87d9-gzjsg.jpg,1,dead
/content/training/dead.dead-1128 Small.png.4gb9gk8u.ingestion-6bf64f87d9-q9rsg.jpg,1,dead
/content/training/dead.dead-1402 Small.png.4gb9gk9i.ingestion-6bf64f87d9-gzjsg.jpg,1,dead
/content/training/dead.dead-1014 Small.png.4gb9gkfd.ingestion-6bf64f87d9-nkxcl.jpg,1,dead
/content/training/dead.dead-1291 Small.png.4gb9gkgu.ingestion-6bf64f87d9-gzjsg.jpg,1,dead
/content/training/dead.dead-494.jpg.4gb9gkhi.ingestion-6bf64f87d9-nkxcl.jpg,1,dead
/content/training/dead.dead-866.jpg.4gb9gkip.ingestion-6bf64f87d9-q9rsg.jpg,1,dead
/content/training/dead.dead-133.jpg.4gb9gkli.ingestion-6bf64f87d9-q9rsg.jpg,1,dead
/content/training/dead.dead-682.jpg.4gb9gkoa.ingestion-6bf64f87d9-q9rsg.jpg,1,dead
/content/training/dead.dead-16.jpg.4gb9gkqp.ingestion-6bf64f87d9-q9rsg.jpg,1,dead
/content/training/dead.dead-641.jpg.4gb9gkr3.ingestion-6bf64f87d9-nkxcl.jpg,1,dead
/content/training/dead.dead-1222 Small.png.4gb9gl1u.ingestion-6bf64f87d9-gzjsg.jpg,1,dead
/content/training/dead.dead-721.jpg.4gb9gl4a.ingestion-6bf64f87d9-q9rsg.jpg,1,dead
/content/training/dead.dead-709.jpg.4gb9gl34.ingestion-6bf64f87d9-nkxcl.jpg,1,dead
/content/training/dead.dead-696.jpg.4gb9gl65.ingestion-6bf64f87d9-gzjsg.jpg,1,dead
/content/training/dead.dead-735.jpg.4gb9gl7d.ingestion-6bf64f87d9-nkxcl.jpg,1,dead
/content/training/dead.dead-1152 Small.png.4gb9glfd.ingestion-6bf64f87d9-gzjsg.jpg,1,dead
/content/training/dead.dead-1478 Small.png.4gb9glhs.ingestion-6bf64f87d9-nkxcl.jpg,1,dead
/content/training/dead.dead-279.jpg.4gb9glga.ingestion-6bf64f87d9-gzjsg.jpg,1,dead
/content/training/dead.dead-245.jpg.4gb9glku.ingestion-6bf64f87d9-q9rsg.jpg,1,dead
/content/training/dead.dead-1370 Small.png.4gb9gljm.ingestion-6bf64f87d9-gzjsg.jpg,1,dead
/content/training/dead.dead-1416 Small.png.4gb9glm5.ingestion-6bf64f87d9-gzjsg.jpg,1,dead
/content/training/dead.dead-523.jpg.4gb9glnd.ingestion-6bf64f87d9-nkxcl.jpg,1,dead
/content/training/dead.dead-906.jpg.4gb9glvd.ingestion-6bf64f87d9-gzjsg.jpg,1,dead
/content/training/dead.dead-984 Small.png.4gb9gm0u.ingestion-6bf64f87d9-nkxcl.jpg,1,dead
/content/training/dead.dead-912.jpg.4gb9gm33.ingestion-6bf64f87d9-q9rsg.jpg,1,dead
/content/training/dead.dead-1285 Small.png.4gb9gm5s.ingestion-6bf64f87d9-nkxcl.jpg,1,dead
/content/training/dead.dead-537.jpg.4gb9gmck.ingestion-6bf64f87d9-q9rsg.jpg,1,dead
/content/training/dead.dead-251.jpg.4gb9gmcu.ingestion-6bf64f87d9-gzjsg.jpg,1,dead
/content/training/dead.dead-286.jpg.4gb9gmi6.ingestion-6bf64f87d9-nkxcl.jpg,1,dead
/content/training/dead.dead-292.jpg.4gb9gmkk.ingestion-6bf64f87d9-q9rsg.jpg,1,dead
/content/training/dead.dead-975.jpg.4gb9gmli.ingestion-6bf64f87d9-q9rsg.jpg,1,dead
/content/training/dead.dead-593.jpg.4gb9gmm5.ingestion-6bf64f87d9-gzjsg.jpg,1,dead
/content/training/dead.dead-1300 Small.png.4gb9gmoa.ingestion-6bf64f87d9-q9rsg.jpg,1,dead
/content/training/dead.dead-578.jpg.4gb9gmsb.ingestion-6bf64f87d9-nkxcl.jpg,1,dead
/content/training/dead.dead-550.jpg.4gb9gmu5.ingestion-6bf64f87d9-q9rsg.jpg,1,dead
/content/training/dead.dead-1246 Small.png.4gb9gn18.ingestion-6bf64f87d9-gzjsg.jpg,1,dead
/content/training/dead.dead-222.jpg.4gb9gn40.ingestion-6bf64f87d9-q9rsg.jpg,1,dead
/content/training/dead.dead-236.jpg.4gb9gn3d.ingestion-6bf64f87d9-nkxcl.jpg,1,dead
/content/training/dead.dead-544.jpg.4gb9gn6p.ingestion-6bf64f87d9-nkxcl.jpg,1,dead
/content/training/dead.dead-791.jpg.4gb9gnb3.ingestion-6bf64f87d9-nkxcl.jpg,1,dead
/content/training/dead.dead-961.jpg.4gb9gnaf.ingestion-6bf64f87d9-gzjsg.jpg,1,dead
/content/training/dead.dead-785.jpg.4gb9gnbd.ingestion-6bf64f87d9-gzjsg.jpg,1,dead
/content/training/dead.dead-1185 Small.png.4gb9gnds.ingestion-6bf64f87d9-gzjsg.jpg,1,dead
/content/training/dead.dead-1466 Small.png.4gb9gnfn.ingestion-6bf64f87d9-nkxcl.jpg,1,dead
/content/training/dead.dead-197.jpg.4gb9go8m.ingestion-6bf64f87d9-q9rsg.jpg,1,dead
/content/training/dead.dead-183.jpg.4gb9go8m.ingestion-6bf64f87d9-gzjsg.jpg,1,dead
/content/training/dead.dead-140.jpg.4gb9go8n.ingestion-6bf64f87d9-nkxcl.jpg,1,dead
/content/training/dead.dead-632.jpg.4gb9go8o.ingestion-6bf64f87d9-q9rsg.jpg,1,dead
/content/training/dead.dead-626.jpg.4gb9godi.ingestion-6bf64f87d9-nkxcl.jpg,1,dead
/content/training/dead.dead-1252 Small.png.4gb9gof3.ingestion-6bf64f87d9-gzjsg.jpg,1,dead
/content/training/dead.dead-801.jpg.4gb9goi5.ingestion-6bf64f87d9-gzjsg.jpg,1,dead
/content/training/dead.dead-1191 Small.png.4gb9goli.ingestion-6bf64f87d9-q9rsg.jpg,1,dead
/content/training/dead.dead-815.jpg.4gb9goka.ingestion-6bf64f87d9-nkxcl.jpg,1,dead
/content/training/dead.dead-59.jpg.4gb9gop8.ingestion-6bf64f87d9-q9rsg.jpg,1,dead
/content/training/dead.dead-1228 Small.png.4gb9goou.ingestion-6bf64f87d9-nkxcl.jpg,1,dead
/content/training/dead.dead-65.jpg.4gb9goqp.ingestion-6bf64f87d9-gzjsg.jpg,1,dead
/content/training/dead.dead-381.jpg.4gb9goup.ingestion-6bf64f87d9-nkxcl.jpg,1,dead
/content/training/dead.dead-168.jpg.4gb9gopi.ingestion-6bf64f87d9-nkxcl.jpg,1,dead
/content/training/dead.dead-418.jpg.4gb9gp1i.ingestion-6bf64f87d9-gzjsg.jpg,1,dead
/content/training/dead.dead-424.jpg.4gb9gp2p.ingestion-6bf64f87d9-nkxcl.jpg,1,dead
/content/training/dead.dead-342.jpg.4gb9gp5r.ingestion-6bf64f87d9-q9rsg.jpg,1,dead
/content/training/dead.dead-1122 Small.png.4gb9gpd8.ingestion-6bf64f87d9-gzjsg.jpg,1,dead
/content/training/dead.dead-431.jpg.4gb9gpef.ingestion-6bf64f87d9-nkxcl.jpg,1,dead
/content/training/dead.dead-395.jpg.4gb9gpfd.ingestion-6bf64f87d9-nkxcl.jpg,1,dead
/content/training/dead.dead-425.jpg.4gb9gpk1.ingestion-6bf64f87d9-nkxcl.jpg,1,dead
/content/training/dead.dead-343.jpg.4gb9gpku.ingestion-6bf64f87d9-q9rsg.jpg,1,dead
/content/training/dead.dead-1209 Small.png.4gb9gpmg.ingestion-6bf64f87d9-gzjsg.jpg,1,dead
/content/training/dead.dead-419.jpg.4gb9gpnn.ingestion-6bf64f87d9-nkxcl.jpg,1,dead
/content/training/dead.dead-430.jpg.4gb9gpts.ingestion-6bf64f87d9-nkxcl.jpg,1,dead
/content/training/dead.dead-633.jpg.4gb9gpv4.ingestion-6bf64f87d9-q9rsg.jpg,1,dead
/content/training/dead.dead-1386 Small.png.4gb9gq18.ingestion-6bf64f87d9-q9rsg.jpg,1,dead
/content/training/dead.dead-357.jpg.4gb9gq35.ingestion-6bf64f87d9-gzjsg.jpg,1,dead
/content/training/dead.dead-1179 Small.png.4gb9gq4k.ingestion-6bf64f87d9-q9rsg.jpg,1,dead
/content/training/dead.dead-1453 Small.png.4gb9gq65.ingestion-6bf64f87d9-gzjsg.jpg,1,dead
/content/training/dead.dead-70.jpg.4gb9gqa4.ingestion-6bf64f87d9-nkxcl.jpg,1,dead
/content/training/dead.dead-627.jpg.4gb9gq8u.ingestion-6bf64f87d9-gzjsg.jpg,1,dead
/content/training/dead.dead-380.jpg.4gb9gqep.ingestion-6bf64f87d9-gzjsg.jpg,1,dead
/content/training/dead.dead-64.jpg.4gb9gqgu.ingestion-6bf64f87d9-nkxcl.jpg,1,dead
/content/training/dead.dead-1429 Small.png.4gb9gqli.ingestion-6bf64f87d9-nkxcl.jpg,1,dead
/content/training/dead.dead-1273 Small.png.4gb9gqn3.ingestion-6bf64f87d9-gzjsg.jpg,1,dead
/content/training/dead.dead-196.jpg.4gb9gqpr.ingestion-6bf64f87d9-gzjsg.jpg,1,dead
/content/training/dead.dead-182.jpg.4gb9gqrn.ingestion-6bf64f87d9-nkxcl.jpg,1,dead
/content/training/dead.dead-1045 Small.png.4gb9gqti.ingestion-6bf64f87d9-q9rsg.jpg,1,dead
/content/training/dead.dead-814.jpg.4gb9gqsu.ingestion-6bf64f87d9-q9rsg.jpg,1,dead
/content/training/dead.dead-753.jpg.4gb9gr25.ingestion-6bf64f87d9-q9rsg.jpg,1,dead
/content/training/dead.dead-1335 Small.png.4gb9gr4k.ingestion-6bf64f87d9-nkxcl.jpg,1,dead
/content/training/dead.dead-784.jpg.4gb9gr3m.ingestion-6bf64f87d9-gzjsg.jpg,1,dead
/content/training/dead.dead-169.jpg.4gb9gr8a.ingestion-6bf64f87d9-q9rsg.jpg,1,dead
/content/training/dead.dead-828.jpg.4gb9grcu.ingestion-6bf64f87d9-q9rsg.jpg,1,dead
/content/training/dead.dead-800.jpg.4gb9grgk.ingestion-6bf64f87d9-gzjsg.jpg,1,dead
/content/training/dead.dead-747.jpg.4gb9grj3.ingestion-6bf64f87d9-nkxcl.jpg,1,dead
/content/training/dead.dead-974.jpg.4gb9grli.ingestion-6bf64f87d9-gzjsg.jpg,1,dead
/content/training/dead.dead-1117 Small.png.4gb9grou.ingestion-6bf64f87d9-nkxcl.jpg,1,dead
/content/training/dead.dead-948.jpg.4gb9grqp.ingestion-6bf64f87d9-q9rsg.jpg,1,dead
/content/training/dead.dead-792.jpg.4gb9gtpr.ingestion-6bf64f87d9-nkxcl.jpg,1,dead
/content/training/dead.dead-590.jpg.4gb9gtsa.ingestion-6bf64f87d9-nkxcl.jpg,1,dead
/content/training/dead.dead-584.jpg.4gb9gu7m.ingestion-6bf64f87d9-nkxcl.jpg,1,dead
/content/training/dead.dead-786.jpg.4gb9gu7c.ingestion-6bf64f87d9-gzjsg.jpg,1,dead
/content/training/dead.dead-1231 Small.png.4gb9guaf.ingestion-6bf64f87d9-gzjsg.jpg,1,dead
/content/training/dead.dead-221.jpg.4gb9guk0.ingestion-6bf64f87d9-q9rsg.jpg,1,dead
/content/training/dead.dead-1141 Small.png.4gb9guku.ingestion-6bf64f87d9-nkxcl.jpg,1,dead
/content/training/dead.dead-1377 Small.png.4gb9guku.ingestion-6bf64f87d9-q9rsg.jpg,1,dead
/content/training/dead.dead-745.jpg.4gb9gunm.ingestion-6bf64f87d9-q9rsg.jpg,1,dead
/content/training/dead.dead-983 Small.png.4gb9gum5.ingestion-6bf64f87d9-nkxcl.jpg,1,dead
/content/training/dead.dead-1188 Small.png.4gb9guok.ingestion-6bf64f87d9-gzjsg.jpg,1,dead
/content/training/dead.dead-962.jpg.4gb9gunn.ingestion-6bf64f87d9-nkxcl.jpg,1,dead
/content/training/dead.dead-209.jpg.4gb9gund.ingestion-6bf64f87d9-q9rsg.jpg,1,dead
/content/training/dead.dead-1282 Small.png.4gb9guoa.ingestion-6bf64f87d9-gzjsg.jpg,1,dead
/content/training/dead.dead-779.jpg.4gb9guoa.ingestion-6bf64f87d9-nkxcl.jpg,1,dead
/content/training/dead.dead-816.jpg.4gb9gvsc.ingestion-6bf64f87d9-gzjsg.jpg,1,dead
/content/training/dead.dead-194.jpg.4gb9h0ck.ingestion-6bf64f87d9-nkxcl.jpg,1,dead
/content/training/dead.dead-751.jpg.4gb9h0cc.ingestion-6bf64f87d9-q9rsg.jpg,1,dead
/content/training/dead.dead-802.jpg.4gb9h10a.ingestion-6bf64f87d9-gzjsg.jpg,1,dead
/content/training/dead.dead-180.jpg.4gb9h14k.ingestion-6bf64f87d9-q9rsg.jpg,1,dead
/content/training/dead.dead-1363 Small.png.4gb9h14k.ingestion-6bf64f87d9-nkxcl.jpg,1,dead
/content/training/dead.dead-1225 Small.png.4gb9h158.ingestion-6bf64f87d9-q9rsg.jpg,1,dead
/content/training/dead.dead-619.jpg.4gb9h15i.ingestion-6bf64f87d9-q9rsg.jpg,1,dead
/content/training/dead.dead-157.jpg.4gb9h14k.ingestion-6bf64f87d9-gzjsg.jpg,1,dead
/content/training/dead.dead-631.jpg.4gb9h157.ingestion-6bf64f87d9-nkxcl.jpg,1,dead
/content/training/dead.dead-1013 Small.png.4gb9h180.ingestion-6bf64f87d9-gzjsg.jpg,1,dead
/content/training/dead.dead-625.jpg.4gb9h1af.ingestion-6bf64f87d9-gzjsg.jpg,1,dead
/content/training/dead.dead-143.jpg.4gb9h1b3.ingestion-6bf64f87d9-q9rsg.jpg,1,dead
/content/training/dead.dead-355.jpg.4gb9h1hi.ingestion-6bf64f87d9-gzjsg.jpg,1,dead
/content/training/dead.dead-1155 Small.png.4gb9h1j3.ingestion-6bf64f87d9-nkxcl.jpg,1,dead
/content/training/dead.dead-433.jpg.4gb9h1ip.ingestion-6bf64f87d9-q9rsg.jpg,1,dead
/content/training/dead.dead-1319 Small.png.4gb9h1i5.ingestion-6bf64f87d9-q9rsg.jpg,1,dead
/content/training/dead.dead-1405 Small.png.4gb9h1ku.ingestion-6bf64f87d9-nkxcl.jpg,1,dead
/content/training/dead.dead-369.jpg.4gb9h1j3.ingestion-6bf64f87d9-gzjsg.jpg,1,dead
/content/training/dead.dead-427.jpg.4gb9h1ph.ingestion-6bf64f87d9-nkxcl.jpg,1,dead
/content/training/dead.dead-426.jpg.4gb9h1sa.ingestion-6bf64f87d9-gzjsg.jpg,1,dead
/content/training/dead.dead-432.jpg.4gb9h1ti.ingestion-6bf64f87d9-nkxcl.jpg,1,dead
/content/training/dead.dead-1032 Small.png.4gb9h23m.ingestion-6bf64f87d9-q9rsg.jpg,1,dead
/content/training/dead.dead-397.jpg.4gb9h26f.ingestion-6bf64f87d9-nkxcl.jpg,1,dead
/content/training/dead.dead-1296 Small.png.4gb9h26f.ingestion-6bf64f87d9-nkxcl.jpg,1,dead
/content/training/dead.dead-1069 Small.png.4gb9h2b3.ingestion-6bf64f87d9-gzjsg.jpg,1,dead
/content/training/dead.dead-1342 Small.png.4gb9h2ck.ingestion-6bf64f87d9-nkxcl.jpg,1,dead
/content/training/dead.dead-624.jpg.4gb9h2dr.ingestion-6bf64f87d9-q9rsg.jpg,1,dead
/content/training/dead.dead-73.jpg.4gb9h2ga.ingestion-6bf64f87d9-gzjsg.jpg,1,dead
/content/training/dead.dead-340.jpg.4gb9h2gk.ingestion-6bf64f87d9-q9rsg.jpg,1,dead
/content/training/dead.dead-383.jpg.4gb9h2li.ingestion-6bf64f87d9-nkxcl.jpg,1,dead
/content/training/dead.dead-368.jpg.4gb9h2ku.ingestion-6bf64f87d9-gzjsg.jpg,1,dead
/content/training/dead.dead-618.jpg.4gb9h2o0.ingestion-6bf64f87d9-q9rsg.jpg,1,dead
/content/training/dead.dead-181.jpg.4gb9h2pi.ingestion-6bf64f87d9-gzjsg.jpg,1,dead
/content/training/dead.dead-1204 Small.png.4gb9h2pr.ingestion-6bf64f87d9-gzjsg.jpg,1,dead
/content/training/dead.dead-1497 Small.png.4gb9h2rd.ingestion-6bf64f87d9-q9rsg.jpg,1,dead
/content/training/dead.dead-1174 Small.png.4gb9h2tr.ingestion-6bf64f87d9-gzjsg.jpg,1,dead
/content/training/dead.dead-156.jpg.4gb9h34u.ingestion-6bf64f87d9-q9rsg.jpg,1,dead
/content/training/dead.dead-67.jpg.4gb9h373.ingestion-6bf64f87d9-gzjsg.jpg,1,dead
/content/training/dead.dead-98.jpg.4gb9h38a.ingestion-6bf64f87d9-nkxcl.jpg,1,dead
/content/training/dead.dead-750.jpg.4gb9h3ap.ingestion-6bf64f87d9-gzjsg.jpg,1,dead
/content/training/dead.dead-793.jpg.4gb9h3if.ingestion-6bf64f87d9-q9rsg.jpg,1,dead
/content/training/dead.dead-787.jpg.4gb9h3k1.ingestion-6bf64f87d9-gzjsg.jpg,1,dead
/content/training/dead.dead-1338 Small.png.4gb9h3o0.ingestion-6bf64f87d9-gzjsg.jpg,1,dead
/content/training/dead.dead-803.jpg.4gb9h3ob.ingestion-6bf64f87d9-nkxcl.jpg,1,dead
/content/training/dead.dead-1048 Small.png.4gb9h3up.ingestion-6bf64f87d9-gzjsg.jpg,1,dead
/content/training/dead.dead-744.jpg.4gb9h3vm.ingestion-6bf64f87d9-nkxcl.jpg,1,dead
/content/training/dead.dead-1095 Small.png.4gb9h440.ingestion-6bf64f87d9-q9rsg.jpg,1,dead
/content/training/dead.dead-1430 Small.png.4gb9h480.ingestion-6bf64f87d9-gzjsg.jpg,1,dead
/content/training/dead.dead-220.jpg.4gb9h45i.ingestion-6bf64f87d9-q9rsg.jpg,1,dead
/content/training/dead.dead-778.jpg.4gb9h49r.ingestion-6bf64f87d9-nkxcl.jpg,1,dead
/content/training/dead.dead-963.jpg.4gb9h4b2.ingestion-6bf64f87d9-nkxcl.jpg,1,dead
/content/training/dead.dead-1356 Small.png.4gb9h4cu.ingestion-6bf64f87d9-gzjsg.jpg,1,dead
/content/training/dead.dead-552.jpg.4gb9h4dr.ingestion-6bf64f87d9-nkxcl.jpg,1,dead
/content/training/dead.dead-546.jpg.4gb9h4ga.ingestion-6bf64f87d9-nkxcl.jpg,1,dead
/content/training/dead.dead-208.jpg.4gb9h4hi.ingestion-6bf64f87d9-gzjsg.jpg,1,dead
/content/training/dead.dead-1210 Small.png.4gb9h4hi.ingestion-6bf64f87d9-nkxcl.jpg,1,dead
/content/training/dead.dead-591.jpg.4gb9h4li.ingestion-6bf64f87d9-gzjsg.jpg,1,dead
/content/training/dead.dead-581.jpg.4gb9h4oa.ingestion-6bf64f87d9-gzjsg.jpg,1,dead
/content/training/dead.dead-218.jpg.4gb9h535.ingestion-6bf64f87d9-nkxcl.jpg,1,dead
/content/training/dead.dead-797.jpg.4gb9h57m.ingestion-6bf64f87d9-nkxcl.jpg,1,dead
/content/training/dead.dead-967.jpg.4gb9h5bm.ingestion-6bf64f87d9-nkxcl.jpg,1,dead
/content/training/dead.dead-542.jpg.4gb9h5ah.ingestion-6bf64f87d9-gzjsg.jpg,1,dead
/content/training/dead.dead-595.jpg.4gb9h5li.ingestion-6bf64f87d9-gzjsg.jpg,1,dead
/content/training/dead.dead-230.jpg.4gb9h5kc.ingestion-6bf64f87d9-q9rsg.jpg,1,dead
/content/training/dead.dead-1380 Small.png.4gb9h5jm.ingestion-6bf64f87d9-nkxcl.jpg,1,dead
/content/training/dead.dead-973.jpg.4gb9h5lr.ingestion-6bf64f87d9-nkxcl.jpg,1,dead
/content/training/dead.dead-1275 Small.png.4gb9h5sa.ingestion-6bf64f87d9-gzjsg.jpg,1,dead
/content/training/dead.dead-783.jpg.4gb9h5tr.ingestion-6bf64f87d9-q9rsg.jpg,1,dead
/content/training/dead.dead-768.jpg.4gb9h60a.ingestion-6bf64f87d9-nkxcl.jpg,1,dead
/content/training/dead.dead-224.jpg.4gb9h5v3.ingestion-6bf64f87d9-q9rsg.jpg,1,dead
/content/training/dead.dead-191.jpg.4gb9h632.ingestion-6bf64f87d9-q9rsg.jpg,1,dead
/content/training/dead.dead-1455 Small.png.4gb9h64u.ingestion-6bf64f87d9-gzjsg.jpg,1,dead
/content/training/dead.dead-556.jpg.4gb9h63m.ingestion-6bf64f87d9-gzjsg.jpg,1,dead
/content/training/dead.dead-813.jpg.4gb9h680.ingestion-6bf64f87d9-nkxcl.jpg,1,dead
/content/training/dead.dead-88.jpg.4gb9h698.ingestion-6bf64f87d9-q9rsg.jpg,1,dead
/content/training/dead.dead-740.jpg.4gb9h69i.ingestion-6bf64f87d9-q9rsg.jpg,1,dead
/content/training/dead.dead-1488 Small.png.4gb9h6f3.ingestion-6bf64f87d9-q9rsg.jpg,1,dead
/content/training/dead.dead-1441 Small.png.4gb9h6hr.ingestion-6bf64f87d9-nkxcl.jpg,1,dead
/content/training/dead.dead-608.jpg.4gb9h6qf.ingestion-6bf64f87d9-nkxcl.jpg,1,dead
/content/training/dead.dead-620.jpg.4gb9h6p8.ingestion-6bf64f87d9-gzjsg.jpg,1,dead
/content/training/dead.dead-185.jpg.4gb9h6s0.ingestion-6bf64f87d9-gzjsg.jpg,1,dead
/content/training/dead.dead-807.jpg.4gb9h72f.ingestion-6bf64f87d9-gzjsg.jpg,1,dead
/content/training/dead.dead-422.jpg.4gb9h765.ingestion-6bf64f87d9-nkxcl.jpg,1,dead
/content/training/dead.dead-63.jpg.4gb9h77c.ingestion-6bf64f87d9-gzjsg.jpg,1,dead
/content/training/dead.dead-344.jpg.4gb9h780.ingestion-6bf64f87d9-q9rsg.jpg,1,dead
/content/training/dead.dead-1261 Small.png.4gb9h79r.ingestion-6bf64f87d9-gzjsg.jpg,1,dead
/content/training/dead.dead-146.jpg.4gb9h7ck.ingestion-6bf64f87d9-nkxcl.jpg,1,dead
/content/training/dead.dead-1394 Small.png.4gb9h7ca.ingestion-6bf64f87d9-gzjsg.jpg,1,dead
/content/training/dead.dead-393.jpg.4gb9h7ga.ingestion-6bf64f87d9-q9rsg.jpg,1,dead
/content/training/dead.dead-378.jpg.4gb9h7fm.ingestion-6bf64f87d9-gzjsg.jpg,1,dead
/content/training/dead.dead-350.jpg.4gb9h7ip.ingestion-6bf64f87d9-nkxcl.jpg,1,dead
/content/training/dead.dead-379.jpg.4gb9h7k0.ingestion-6bf64f87d9-q9rsg.jpg,1,dead
/content/training/dead.dead-423.jpg.4gb9h7m5.ingestion-6bf64f87d9-gzjsg.jpg,1,dead
/content/training/dead.dead-345.jpg.4gb9h7ok.ingestion-6bf64f87d9-nkxcl.jpg,1,dead
/content/training/dead.dead-1111 Small.png.4gb9h7qp.ingestion-6bf64f87d9-nkxcl.jpg,1,dead
/content/training/dead.dead-351.jpg.4gb9h7ph.ingestion-6bf64f87d9-q9rsg.jpg,1,dead
/content/training/dead.dead-1327 Small.png.4gb9h7rm.ingestion-6bf64f87d9-q9rsg.jpg,1,dead
/content/training/dead.dead-609.jpg.4gb9h858.ingestion-6bf64f87d9-q9rsg.jpg,1,dead
/content/training/dead.dead-621.jpg.4gb9h87m.ingestion-6bf64f87d9-nkxcl.jpg,1,dead
/content/training/dead.dead-76.jpg.4gb9h88u.ingestion-6bf64f87d9-q9rsg.jpg,1,dead
/content/training/dead.dead-153.jpg.4gb9h8cu.ingestion-6bf64f87d9-q9rsg.jpg,1,dead
/content/training/dead.dead-635.jpg.4gb9h8bm.ingestion-6bf64f87d9-nkxcl.jpg,1,dead
/content/training/dead.dead-1240 Small.png.4gb9h8fm.ingestion-6bf64f87d9-nkxcl.jpg,1,dead
/content/training/dead.dead-1183 Small.png.4gb9h8ip.ingestion-6bf64f87d9-nkxcl.jpg,1,dead
/content/training/dead.dead-1460 Small.png.4gb9h8l8.ingestion-6bf64f87d9-q9rsg.jpg,1,dead
/content/training/dead.dead-89.jpg.4gb9h8k0.ingestion-6bf64f87d9-gzjsg.jpg,1,dead
/content/training/dead.dead-392.jpg.4gb9h8qp.ingestion-6bf64f87d9-nkxcl.jpg,1,dead
/content/training/dead.dead-184.jpg.4gb9h8qf.ingestion-6bf64f87d9-gzjsg.jpg,1,dead
/content/training/dead.dead-62.jpg.4gb9h8su.ingestion-6bf64f87d9-gzjsg.jpg,1,dead
/content/training/dead.dead-190.jpg.4gb9h8vm.ingestion-6bf64f87d9-gzjsg.jpg,1,dead
/content/training/dead.dead-1289 Small.png.4gb9h92f.ingestion-6bf64f87d9-gzjsg.jpg,1,dead
/content/training/dead.dead-769.jpg.4gb9h92f.ingestion-6bf64f87d9-q9rsg.jpg,1,dead
/content/training/dead.dead-806.jpg.4gb9h933.ingestion-6bf64f87d9-q9rsg.jpg,1,dead
/content/training/dead.dead-1312 Small.png.4gb9h94k.ingestion-6bf64f87d9-gzjsg.jpg,1,dead
/content/training/dead.dead-812.jpg.4gb9h9a5.ingestion-6bf64f87d9-q9rsg.jpg,1,dead
/content/training/dead.dead-1076 Small.png.4gb9h99r.ingestion-6bf64f87d9-nkxcl.jpg,1,dead
/content/training/dead.dead-972.jpg.4gb9h9cu.ingestion-6bf64f87d9-q9rsg.jpg,1,dead
/content/training/dead.dead-1306 Small.png.4gb9h9fc.ingestion-6bf64f87d9-nkxcl.jpg,1,dead
/content/training/dead.dead-219.jpg.4gb9h9mf.ingestion-6bf64f87d9-nkxcl.jpg,1,dead
/content/training/dead.dead-1474 Small.png.4gb9h9o0.ingestion-6bf64f87d9-q9rsg.jpg,1,dead
/content/training/dead.dead-741.jpg.4gb9h9sa.ingestion-6bf64f87d9-gzjsg.jpg,1,dead
/content/training/dead.dead-231.jpg.4gb9h9th.ingestion-6bf64f87d9-q9rsg.jpg,1,dead
/content/training/dead.dead-1254 Small.png.4gb9ha1r.ingestion-6bf64f87d9-nkxcl.jpg,1,dead
/content/training/dead.dead-543.jpg.4gb9ha2p.ingestion-6bf64f87d9-q9rsg.jpg,1,dead
/content/training/dead.dead-966.jpg.4gb9ha3d.ingestion-6bf64f87d9-gzjsg.jpg,1,dead
/content/training/dead.dead-580.jpg.4gb9ha65.ingestion-6bf64f87d9-nkxcl.jpg,1,dead
/content/training/dead.dead-796.jpg.4gb9ha6p.ingestion-6bf64f87d9-nkxcl.jpg,1,dead
/content/training/dead.dead-557.jpg.4gb9ha8k.ingestion-6bf64f87d9-nkxcl.jpg,1,dead
/content/training/dead.dead-1197 Small.png.4gb9ha83.ingestion-6bf64f87d9-gzjsg.jpg,1,dead
/content/training/dead.dead-594.jpg.4gb9haap.ingestion-6bf64f87d9-gzjsg.jpg,1,dead
/content/training/dead.dead-225.jpg.4gb9ha8u.ingestion-6bf64f87d9-gzjsg.jpg,1,dead
/content/training/dead.dead-582.jpg.4gb9hag0.ingestion-6bf64f87d9-q9rsg.jpg,1,dead
/content/training/dead.dead-233.jpg.4gb9hbef.ingestion-6bf64f87d9-gzjsg.jpg,1,dead
/content/training/dead.dead-596.jpg.4gb9hbef.ingestion-6bf64f87d9-nkxcl.jpg,1,dead
/content/training/dead.dead-555.jpg.4gb9hbes.ingestion-6bf64f87d9-q9rsg.jpg,1,dead
/content/training/dead.dead-1491 Small.png.4gb9hbgu.ingestion-6bf64f87d9-gzjsg.jpg,1,dead
/content/training/dead.dead-1278 Small.png.4gb9hbip.ingestion-6bf64f87d9-q9rsg.jpg,1,dead
/content/training/dead.dead-227.jpg.4gb9hbj2.ingestion-6bf64f87d9-gzjsg.jpg,1,dead
/content/training/dead.dead-541.jpg.4gb9hbmf.ingestion-6bf64f87d9-nkxcl.jpg,1,dead
/content/training/dead.dead-1087 Small.png.4gb9hbmf.ingestion-6bf64f87d9-gzjsg.jpg,1,dead
/content/training/dead.dead-964.jpg.4gb9hbo0.ingestion-6bf64f87d9-nkxcl.jpg,1,dead
/content/training/dead.dead-970.jpg.4gb9hbqp.ingestion-6bf64f87d9-q9rsg.jpg,1,dead
/content/training/dead.dead-780.jpg.4gb9hbpr.ingestion-6bf64f87d9-gzjsg.jpg,1,dead
/content/training/dead.dead-1458 Small.png.4gb9hbqq.ingestion-6bf64f87d9-q9rsg.jpg,1,dead
/content/training/dead.dead-1422 Small.png.4gb9hbqp.ingestion-6bf64f87d9-nkxcl.jpg,1,dead
/content/training/dead.dead-1172 Small.png.4gb9hbt7.ingestion-6bf64f87d9-nkxcl.jpg,1,dead
/content/training/dead.dead-743.jpg.4gb9hbuf.ingestion-6bf64f87d9-gzjsg.jpg,1,dead
/content/training/dead.dead-1202 Small.png.4gb9hc1i.ingestion-6bf64f87d9-q9rsg.jpg,1,dead
/content/training/dead.dead-569.jpg.4gb9hbok.ingestion-6bf64f87d9-gzjsg.jpg,1,dead
/content/training/dead.dead-1344 Small.png.4gb9hc9i.ingestion-6bf64f87d9-q9rsg.jpg,1,dead
/content/training/dead.dead-74.jpg.4gb9hckk.ingestion-6bf64f87d9-q9rsg.jpg,1,dead
/content/training/dead.dead-838.jpg.4gb9hcmp.ingestion-6bf64f87d9-gzjsg.jpg,1,dead
/content/training/dead.dead-1216 Small.png.4gb9hco0.ingestion-6bf64f87d9-nkxcl.jpg,1,dead
/content/training/dead.dead-151.jpg.4gb9hcqp.ingestion-6bf64f87d9-q9rsg.jpg,1,dead
/content/training/dead.dead-637.jpg.4gb9hcsa.ingestion-6bf64f87d9-gzjsg.jpg,1,dead
/content/training/dead.dead-186.jpg.4gb9hcuf.ingestion-6bf64f87d9-q9rsg.jpg,1,dead
/content/training/dead.dead-804.jpg.4gb9hd1r.ingestion-6bf64f87d9-q9rsg.jpg,1,dead
/content/training/dead.dead-1350 Small.png.4gb9hd5r.ingestion-6bf64f87d9-nkxcl.jpg,1,dead
/content/training/dead.dead-810.jpg.4gb9hd65.ingestion-6bf64f87d9-q9rsg.jpg,1,dead
/content/training/dead.dead-179.jpg.4gb9hd4u.ingestion-6bf64f87d9-gzjsg.jpg,1,dead
/content/training/dead.dead-1399 Small.png.4gb9hd4u.ingestion-6bf64f87d9-gzjsg.jpg,1,dead
/content/training/dead.dead-1485 Small.png.4gb9hdbm.ingestion-6bf64f87d9-nkxcl.jpg,1,dead
/content/training/dead.dead-623.jpg.4gb9hdc0.ingestion-6bf64f87d9-gzjsg.jpg,1,dead
/content/training/dead.dead-1436 Small.png.4gb9hdb2.ingestion-6bf64f87d9-q9rsg.jpg,1,dead
/content/training/dead.dead-390.jpg.4gb9hde6.ingestion-6bf64f87d9-gzjsg.jpg,1,dead
/content/training/dead.dead-1166 Small.png.4gb9hdca.ingestion-6bf64f87d9-gzjsg.jpg,1,dead
/content/training/dead.dead-145.jpg.4gb9hdcu.ingestion-6bf64f87d9-nkxcl.jpg,1,dead
/content/training/dead.dead-60.jpg.4gb9hdhs.ingestion-6bf64f87d9-nkxcl.jpg,1,dead
/content/training/dead.dead-347.jpg.4gb9hdgu.ingestion-6bf64f87d9-q9rsg.jpg,1,dead
/content/training/dead.dead-421.jpg.4gb9hdk0.ingestion-6bf64f87d9-gzjsg.jpg,1,dead
/content/training/dead.dead-48.jpg.4gb9hdif.ingestion-6bf64f87d9-q9rsg.jpg,1,dead
/content/training/dead.dead-409.jpg.4gb9hdnm.ingestion-6bf64f87d9-gzjsg.jpg,1,dead
/content/training/dead.dead-353.jpg.4gb9hdmq.ingestion-6bf64f87d9-q9rsg.jpg,1,dead
/content/training/dead.dead-408.jpg.4gb9hdp7.ingestion-6bf64f87d9-nkxcl.jpg,1,dead
/content/training/dead.dead-1001 Small.png.4gb9hdr3.ingestion-6bf64f87d9-q9rsg.jpg,1,dead
/content/training/dead.dead-384.jpg.4gb9hdph.ingestion-6bf64f87d9-nkxcl.jpg,1,dead
/content/training/dead.dead-352.jpg.4gb9he25.ingestion-6bf64f87d9-gzjsg.jpg,1,dead
/content/training/dead.dead-346.jpg.4gb9he3c.ingestion-6bf64f87d9-nkxcl.jpg,1,dead
/content/training/dead.dead-420.jpg.4gb9he65.ingestion-6bf64f87d9-gzjsg.jpg,1,dead
/content/training/dead.dead-391.jpg.4gb9he7c.ingestion-6bf64f87d9-nkxcl.jpg,1,dead
/content/training/dead.dead-435.jpg.4gb9hea5.ingestion-6bf64f87d9-nkxcl.jpg,1,dead
/content/training/dead.dead-1417 Small.png.4gb9hed7.ingestion-6bf64f87d9-nkxcl.jpg,1,dead
/content/training/dead.dead-178.jpg.4gb9heg0.ingestion-6bf64f87d9-gzjsg.jpg,1,dead
/content/training/dead.dead-1237 Small.png.4gb9hegk.ingestion-6bf64f87d9-gzjsg.jpg,1,dead
/content/training/dead.dead-434.jpg.4gb9heku.ingestion-6bf64f87d9-nkxcl.jpg,1,dead
/content/training/dead.dead-636.jpg.4gb9hem5.ingestion-6bf64f87d9-gzjsg.jpg,1,dead
/content/training/dead.dead-1147 Small.png.4gb9hen3.ingestion-6bf64f87d9-q9rsg.jpg,1,dead
/content/training/dead.dead-622.jpg.4gb9heoa.ingestion-6bf64f87d9-nkxcl.jpg,1,dead
/content/training/dead.dead-75.jpg.4gb9heph.ingestion-6bf64f87d9-q9rsg.jpg,1,dead
/content/training/dead.dead-1371 Small.png.4gb9hesa.ingestion-6bf64f87d9-q9rsg.jpg,1,dead
/content/training/dead.dead-144.jpg.4gb9hetj.ingestion-6bf64f87d9-nkxcl.jpg,1,dead
/content/training/dead.dead-385.jpg.4gb9hf1i.ingestion-6bf64f87d9-gzjsg.jpg,1,dead
/content/training/dead.dead-49.jpg.4gb9hf4a.ingestion-6bf64f87d9-q9rsg.jpg,1,dead
/content/training/dead.dead-150.jpg.4gb9hf6p.ingestion-6bf64f87d9-nkxcl.jpg,1,dead
/content/training/dead.dead-61.jpg.4gb9hf8k.ingestion-6bf64f87d9-q9rsg.jpg,1,dead
/content/training/dead.dead-1284 Small.png.4gb9hfda.ingestion-6bf64f87d9-gzjsg.jpg,1,dead
/content/training/dead.dead-811.jpg.4gb9hfkb.ingestion-6bf64f87d9-q9rsg.jpg,1,dead
/content/training/dead.dead-805.jpg.4gb9hfo0.ingestion-6bf64f87d9-gzjsg.jpg,1,dead
/content/training/dead.dead-193.jpg.4gb9hfqg.ingestion-6bf64f87d9-nkxcl.jpg,1,dead
/content/training/dead.dead-839.jpg.4gb9hfsb.ingestion-6bf64f87d9-q9rsg.jpg,1,dead
/content/training/dead.dead-1129 Small.png.4gb9hfs0.ingestion-6bf64f87d9-nkxcl.jpg,1,dead
/content/training/dead.dead-187.jpg.4gb9hfv3.ingestion-6bf64f87d9-gzjsg.jpg,1,dead
/content/training/dead.dead-742.jpg.4gb9hg0u.ingestion-6bf64f87d9-nkxcl.jpg,1,dead
/content/training/dead.dead-756.jpg.4gb9hg1i.ingestion-6bf64f87d9-q9rsg.jpg,1,dead
/content/training/dead.dead-1259 Small.png.4gb9hg2p.ingestion-6bf64f87d9-gzjsg.jpg,1,dead
/content/training/dead.dead-1290 Small.png.4gb9hg40.ingestion-6bf64f87d9-nkxcl.jpg,1,dead
/content/training/dead.dead-971.jpg.4gb9hg4k.ingestion-6bf64f87d9-gzjsg.jpg,1,dead
/content/training/dead.dead-965.jpg.4gb9hg4k.ingestion-6bf64f87d9-q9rsg.jpg,1,dead
/content/training/dead.dead-959.jpg.4gb9hg57.ingestion-6bf64f87d9-nkxcl.jpg,1,dead
/content/training/dead.dead-795.jpg.4gb9hg6f.ingestion-6bf64f87d9-gzjsg.jpg,1,dead
/content/training/dead.dead-781.jpg.4gb9hg65.ingestion-6bf64f87d9-q9rsg.jpg,1,dead
/content/training/dead.dead-1403 Small.png.4gb9hg7m.ingestion-6bf64f87d9-q9rsg.jpg,1,dead
/content/training/dead.dead-540.jpg.4gb9hgap.ingestion-6bf64f87d9-nkxcl.jpg,1,dead
/content/training/dead.dead-568.jpg.4gb9hgcc.ingestion-6bf64f87d9-q9rsg.jpg,1,dead
/content/training/dead.dead-583.jpg.4gb9hgd8.ingestion-6bf64f87d9-gzjsg.jpg,1,dead
/content/training/dead.dead-232.jpg.4gb9hghr.ingestion-6bf64f87d9-gzjsg.jpg,1,dead
/content/training/dead.dead-1153 Small.png.4gb9hgsa.ingestion-6bf64f87d9-nkxcl.jpg,1,dead
/content/training/dead.dead-226.jpg.4gb9hgsa.ingestion-6bf64f87d9-q9rsg.jpg,1,dead
/content/training/dead.dead-1015 Small.png.4gb9hgs0.ingestion-6bf64f87d9-nkxcl.jpg,1,dead
/content/training/dead.dead-554.jpg.4gb9hgtr.ingestion-6bf64f87d9-gzjsg.jpg,1,dead
/content/training/infertile.infertile-523.jpg.4gbb49gd.ingestion-6bf64f87d9-nkxcl.jpg,1,infertile
/content/training/infertile.infertile-912.jpg.4gbb49ge.ingestion-6bf64f87d9-q9rsg.jpg,1,infertile
/content/training/infertile.infertile-735.jpg.4gbb49ps.ingestion-6bf64f87d9-q9rsg.jpg,1,infertile
/content/training/infertile.infertile-279.jpg.4gbb4a73.ingestion-6bf64f87d9-nkxcl.jpg,1,infertile
/content/training/infertile.infertile1049 Small.png.4gbb4aap.ingestion-6bf64f87d9-nkxcl.jpg,1,infertile
/content/training/infertile.infertile-286.jpg.4gbb4aa5.ingestion-6bf64f87d9-gzjsg.jpg,1,infertile
/content/training/infertile.infertile-251.jpg.4gbb4aap.ingestion-6bf64f87d9-gzjsg.jpg,1,infertile
/content/training/infertile.infertile1339 Small.png.4gbb4ab3.ingestion-6bf64f87d9-gzjsg.jpg,1,infertile
/content/training/infertile.infertile-709.jpg.4gbb4acb.ingestion-6bf64f87d9-gzjsg.jpg,1,infertile
/content/training/infertile.infertile-537.jpg.4gbb4ad8.ingestion-6bf64f87d9-q9rsg.jpg,1,infertile
/content/training/infertile.infertile-292.jpg.4gbb4ad8.ingestion-6bf64f87d9-nkxcl.jpg,1,infertile
/content/training/infertile.infertile1343 Small.png.4gbb4adi.ingestion-6bf64f87d9-q9rsg.jpg,1,infertile
/content/training/infertile.infertile1033 Small.png.4gbb4ads.ingestion-6bf64f87d9-q9rsg.jpg,1,infertile
/content/training/infertile.infertile1080 Small.png.4gbb4afd.ingestion-6bf64f87d9-gzjsg.jpg,1,infertile
/content/training/infertile.infertile1175 Small.png.4gbb4aep.ingestion-6bf64f87d9-q9rsg.jpg,1,infertile
/content/training/infertile.infertile1205 Small.png.4gbb4aeq.ingestion-6bf64f87d9-nkxcl.jpg,1,infertile
/content/training/infertile.infertile-641.jpg.4gbb4aif.ingestion-6bf64f87d9-gzjsg.jpg,1,infertile
/content/training/infertile.infertile-899.jpg.4gbb4ap8.ingestion-6bf64f87d9-q9rsg.jpg,1,infertile
/content/training/infertile.infertile-669.jpg.4gbb4b41.ingestion-6bf64f87d9-nkxcl.jpg,1,infertile
/content/training/infertile.infertile-86.jpg.4gbb4b5s.ingestion-6bf64f87d9-q9rsg.jpg,1,infertile
/content/training/infertile.infertile-682.jpg.4gbb4b6p.ingestion-6bf64f87d9-gzjsg.jpg,1,infertile
/content/training/infertile.infertile-696.jpg.4gbb4b81.ingestion-6bf64f87d9-nkxcl.jpg,1,infertile
/content/training/infertile.infertile1094 Small.png.4gbb4c3n.ingestion-6bf64f87d9-q9rsg.jpg,1,infertile
/content/training/infertile.infertile-655.jpg.4gbb4c26.ingestion-6bf64f87d9-nkxcl.jpg,1,infertile
/content/training/infertile.infertile-872.jpg.4gbb4c3n.ingestion-6bf64f87d9-gzjsg.jpg,1,infertile
/content/training/infertile.infertile-325.jpg.4gbb4c33.ingestion-6bf64f87d9-gzjsg.jpg,1,infertile
/content/training/infertile.infertile-92.jpg.4gbb4c4v.ingestion-6bf64f87d9-q9rsg.jpg,1,infertile
/content/training/infertile.infertile-457.jpg.4gbb4c4u.ingestion-6bf64f87d9-q9rsg.jpg,1,infertile
/content/training/infertile.infertile1357 Small.png.4gbb4c4u.ingestion-6bf64f87d9-gzjsg.jpg,1,infertile
/content/training/infertile.infertile-866.jpg.4gbb4c73.ingestion-6bf64f87d9-gzjsg.jpg,1,infertile
/content/training/infertile.infertile-331.jpg.4gbb4c50.ingestion-6bf64f87d9-nkxcl.jpg,1,infertile
/content/training/infertile.infertile1161 Small.png.4gbb4c81.ingestion-6bf64f87d9-q9rsg.jpg,1,infertile
/content/training/infertile.infertile-443.jpg.4gbb4c86.ingestion-6bf64f87d9-nkxcl.jpg,1,infertile
/content/training/infertile.infertile-79.jpg.4gbb4c73.ingestion-6bf64f87d9-q9rsg.jpg,1,infertile
/content/training/infertile.infertile-45.jpg.4gbb4c74.ingestion-6bf64f87d9-q9rsg.jpg,1,infertile
/content/training/infertile.infertile1027 Small.png.4gbb4c75.ingestion-6bf64f87d9-gzjsg.jpg,1,infertile
/content/training/infertile.infertile-51.jpg.4gbb4c74.ingestion-6bf64f87d9-nkxcl.jpg,1,infertile
/content/training/infertile.infertile1211 Small.png.4gbb4chs.ingestion-6bf64f87d9-nkxcl.jpg,1,infertile
/content/training/infertile.infertile-480.jpg.4gbb4cj5.ingestion-6bf64f87d9-q9rsg.jpg,1,infertile
/content/training/infertile.infertile1410 Small.png.4gbb4cob.ingestion-6bf64f87d9-nkxcl.jpg,1,infertile
/content/training/infertile.infertile-318.jpg.4gbb4cpi.ingestion-6bf64f87d9-q9rsg.jpg,1,infertile
/content/training/infertile.infertile-330.jpg.4gbb4cuh.ingestion-6bf64f87d9-nkxcl.jpg,1,infertile
/content/training/infertile.infertile-494.jpg.4gbb4d2p.ingestion-6bf64f87d9-gzjsg.jpg,1,infertile
/content/training/infertile.infertile1283 Small.png.4gbb4d98.ingestion-6bf64f87d9-nkxcl.jpg,1,infertile
/content/training/infertile.infertile-495.jpg.4gbb4ddi.ingestion-6bf64f87d9-q9rsg.jpg,1,infertile
/content/training/infertile.infertile1140 Small.png.4gbb4dd8.ingestion-6bf64f87d9-nkxcl.jpg,1,infertile
/content/training/infertile.infertile-456.jpg.4gbb4dif.ingestion-6bf64f87d9-gzjsg.jpg,1,infertile
/content/training/infertile.infertile-324.jpg.4gbb4dli.ingestion-6bf64f87d9-q9rsg.jpg,1,infertile
/content/training/infertile.infertile-442.jpg.4gbb4dls.ingestion-6bf64f87d9-gzjsg.jpg,1,infertile
/content/training/infertile.infertile-44.jpg.4gbb4dl8.ingestion-6bf64f87d9-gzjsg.jpg,1,infertile
/content/training/infertile.infertile-873.jpg.4gbb4dls.ingestion-6bf64f87d9-nkxcl.jpg,1,infertile
/content/training/infertile.infertile-867.jpg.4gbb4dpi.ingestion-6bf64f87d9-q9rsg.jpg,1,infertile
/content/training/infertile.infertile1189 Small.png.4gbb4dq6.ingestion-6bf64f87d9-gzjsg.jpg,1,infertile
/content/training/infertile.infertile-50.jpg.4gbb4dp8.ingestion-6bf64f87d9-nkxcl.jpg,1,infertile
/content/training/infertile.infertile1230 Small.png.4gbb4dti.ingestion-6bf64f87d9-q9rsg.jpg,1,infertile
/content/training/infertile.infertile-697.jpg.4gbb4dv3.ingestion-6bf64f87d9-nkxcl.jpg,1,infertile
/content/training/infertile.infertile-668.jpg.4gbb4duf.ingestion-6bf64f87d9-q9rsg.jpg,1,infertile
/content/training/infertile.infertile-683.jpg.4gbb4dvd.ingestion-6bf64f87d9-gzjsg.jpg,1,infertile
/content/training/infertile.infertile-87.jpg.4gbb4e1i.ingestion-6bf64f87d9-nkxcl.jpg,1,infertile
/content/training/infertile.infertile1362 Small.png.4gbb4e9i.ingestion-6bf64f87d9-q9rsg.jpg,1,infertile
/content/training/infertile.infertile-132.jpg.4gbb4edk.ingestion-6bf64f87d9-nkxcl.jpg,1,infertile
/content/training/infertile.infertile-654.jpg.4gbb4ed0.ingestion-6bf64f87d9-q9rsg.jpg,1,infertile
/content/training/infertile.infertile-126.jpg.4gbb4eqq.ingestion-6bf64f87d9-nkxcl.jpg,1,infertile
/content/training/infertile.infertile-907.jpg.4gbb4es1.ingestion-6bf64f87d9-q9rsg.jpg,1,infertile
/content/training/infertile.infertile-913.jpg.4gbb4esk.ingestion-6bf64f87d9-gzjsg.jpg,1,infertile
/content/training/infertile.infertile1012 Small.png.4gbb4et0.ingestion-6bf64f87d9-nkxcl.jpg,1,infertile
/content/training/infertile.infertile-708.jpg.4gbb4et0.ingestion-6bf64f87d9-gzjsg.jpg,1,infertile
/content/training/infertile.infertile1318 Small.png.4gbb4f0k.ingestion-6bf64f87d9-gzjsg.jpg,1,infertile
/content/training/infertile.infertile-93.jpg.4gbb4f2p.ingestion-6bf64f87d9-gzjsg.jpg,1,infertile
/content/training/infertile.infertile-522.jpg.4gbb4f4l.ingestion-6bf64f87d9-q9rsg.jpg,1,infertile
/content/training/infertile.infertile-640.jpg.4gbb4f3d.ingestion-6bf64f87d9-gzjsg.jpg,1,infertile
/content/training/infertile.infertile-244.jpg.4gbb4f5t.ingestion-6bf64f87d9-gzjsg.jpg,1,infertile
/content/training/infertile.infertile-898.jpg.4gbb4f6p.ingestion-6bf64f87d9-gzjsg.jpg,1,infertile
/content/training/infertile.infertile1068 Small.png.4gbb4f81.ingestion-6bf64f87d9-nkxcl.jpg,1,infertile
/content/training/infertile.infertile-250.jpg.4gbb4f9i.ingestion-6bf64f87d9-q9rsg.jpg,1,infertile
/content/training/infertile.infertile-287.jpg.4gbb4fb3.ingestion-6bf64f87d9-nkxcl.jpg,1,infertile
/content/training/infertile.infertile1404 Small.png.4gbb4fc1.ingestion-6bf64f87d9-gzjsg.jpg,1,infertile
/content/training/infertile.infertile1452 Small.png.4gbb4fgk.ingestion-6bf64f87d9-q9rsg.jpg,1,infertile
/content/training/infertile.infertile-246.jpg.4gbb4fkb.ingestion-6bf64f87d9-nkxcl.jpg,1,infertile
/content/training/infertile.infertile1387 Small.png.4gbb4fnd.ingestion-6bf64f87d9-gzjsg.jpg,1,infertile
/content/training/infertile.infertile-252.jpg.4gbb4fq6.ingestion-6bf64f87d9-q9rsg.jpg,1,infertile
/content/training/infertile.infertile-291.jpg.4gbb4g0a.ingestion-6bf64f87d9-gzjsg.jpg,1,infertile
/content/training/infertile.infertile-722.jpg.4gbb4g1i.ingestion-6bf64f87d9-nkxcl.jpg,1,infertile
/content/training/infertile.infertile-536.jpg.4gbb4g26.ingestion-6bf64f87d9-gzjsg.jpg,1,infertile
/content/training/infertile.infertile1297 Small.png.4gbb4g41.ingestion-6bf64f87d9-nkxcl.jpg,1,infertile
/content/training/infertile.infertile1102 Small.png.4gbb4g9r.ingestion-6bf64f87d9-gzjsg.jpg,1,infertile
/content/training/infertile.infertile1178 Small.png.4gbb4gb3.ingestion-6bf64f87d9-gzjsg.jpg,1,infertile
/content/training/infertile.infertile-520.jpg.4gbb4ge6.ingestion-6bf64f87d9-q9rsg.jpg,1,infertile
/content/training/infertile.infertile-939.jpg.4gbb4gds.ingestion-6bf64f87d9-q9rsg.jpg,1,infertile
/content/training/infertile.infertile-534.jpg.4gbb4geg.ingestion-6bf64f87d9-nkxcl.jpg,1,infertile
/content/training/infertile.infertile-905.jpg.4gbb4gfn.ingestion-6bf64f87d9-gzjsg.jpg,1,infertile
/content/training/infertile.infertile-285.jpg.4gbb4gj3.ingestion-6bf64f87d9-q9rsg.jpg,1,infertile
/content/training/infertile.infertile1208 Small.png.4gbb4ghi.ingestion-6bf64f87d9-nkxcl.jpg,1,infertile
/content/training/infertile.infertile-911.jpg.4gbb4gip.ingestion-6bf64f87d9-nkxcl.jpg,1,infertile
/content/training/infertile.infertile1428 Small.png.4gbb4gou.ingestion-6bf64f87d9-q9rsg.jpg,1,infertile
/content/training/infertile.infertile-130.jpg.4gbb4gmg.ingestion-6bf64f87d9-gzjsg.jpg,1,infertile
/content/training/infertile.infertile-118.jpg.4gbb4gs1.ingestion-6bf64f87d9-nkxcl.jpg,1,infertile
/content/training/infertile.infertile-656.jpg.4gbb4h5i.ingestion-6bf64f87d9-q9rsg.jpg,1,infertile
/content/training/infertile.infertile-859.jpg.4gbb4h6p.ingestion-6bf64f87d9-q9rsg.jpg,1,infertile
/content/training/infertile.infertile-642.jpg.4gbb4hds.ingestion-6bf64f87d9-q9rsg.jpg,1,infertile
/content/training/infertile.infertile-85.jpg.4gbb4hfd.ingestion-6bf64f87d9-gzjsg.jpg,1,infertile
/content/training/infertile.infertile-91.jpg.4gbb4hg1.ingestion-6bf64f87d9-q9rsg.jpg,1,infertile
/content/training/infertile.infertile1050 Small.png.4gbb4hfd.ingestion-6bf64f87d9-nkxcl.jpg,1,infertile
/content/training/infertile.infertile1320 Small.png.4gbb4hn3.ingestion-6bf64f87d9-nkxcl.jpg,1,infertile
/content/training/infertile.infertile988 Small.png.4gbb4hp9.ingestion-6bf64f87d9-q9rsg.jpg,1,infertile
/content/training/infertile.infertile1116 Small.png.4gbb4hq6.ingestion-6bf64f87d9-gzjsg.jpg,1,infertile
/content/training/infertile.infertile-681.jpg.4gbb4hre.ingestion-6bf64f87d9-nkxcl.jpg,1,infertile
/content/training/infertile.infertile-326.jpg.4gbb4hrd.ingestion-6bf64f87d9-nkxcl.jpg,1,infertile
/content/training/infertile.infertile1266 Small.png.4gbb4hsk.ingestion-6bf64f87d9-gzjsg.jpg,1,infertile
/content/training/infertile.infertile-871.jpg.4gbb4hv3.ingestion-6bf64f87d9-q9rsg.jpg,1,infertile
/content/training/infertile.infertile-46.jpg.4gbb4ht8.ingestion-6bf64f87d9-nkxcl.jpg,1,infertile
/content/training/infertile.infertile-497.jpg.4gbb4i01.ingestion-6bf64f87d9-gzjsg.jpg,1,infertile
/content/training/infertile.infertile-52.jpg.4gbb4i26.ingestion-6bf64f87d9-gzjsg.jpg,1,infertile
/content/training/infertile.infertile1099 Small.png.4gbb4i0u.ingestion-6bf64f87d9-gzjsg.jpg,1,infertile
/content/training/infertile.infertile-865.jpg.4gbb4i1i.ingestion-6bf64f87d9-q9rsg.jpg,1,infertile
/content/training/infertile.infertile-332.jpg.4gbb4i8u.ingestion-6bf64f87d9-nkxcl.jpg,1,infertile
/content/training/infertile.infertile-440.jpg.4gbb4i9i.ingestion-6bf64f87d9-gzjsg.jpg,1,infertile
/content/training/infertile.infertile-468.jpg.4gbb4ieg.ingestion-6bf64f87d9-q9rsg.jpg,1,infertile
/content/training/infertile.infertile1301 Small.png.4gbb4ig1.ingestion-6bf64f87d9-q9rsg.jpg,1,infertile
/content/training/infertile.infertile-441.jpg.4gbb4iip.ingestion-6bf64f87d9-nkxcl.jpg,1,infertile
/content/training/infertile.infertile-327.jpg.4gbb4ili.ingestion-6bf64f87d9-gzjsg.jpg,1,infertile
/content/training/infertile.infertile1500 Small.png.4gbb4iq6.ingestion-6bf64f87d9-q9rsg.jpg,1,infertile
/content/training/infertile.infertile-455.jpg.4gbb4ird.ingestion-6bf64f87d9-gzjsg.jpg,1,infertile
/content/training/infertile.infertile1393 Small.png.4gbb4isk.ingestion-6bf64f87d9-gzjsg.jpg,1,infertile
/content/training/infertile.infertile1446 Small.png.4gbb4j18.ingestion-6bf64f87d9-nkxcl.jpg,1,infertile
/content/training/infertile.infertile-870.jpg.4gbb4j0k.ingestion-6bf64f87d9-gzjsg.jpg,1,infertile
/content/training/infertile.infertile-496.jpg.4gbb4j2g.ingestion-6bf64f87d9-gzjsg.jpg,1,infertile
/content/training/infertile.infertile-858.jpg.4gbb4j58.ingestion-6bf64f87d9-q9rsg.jpg,1,infertile
/content/training/infertile.infertile-680.jpg.4gbb4j6f.ingestion-6bf64f87d9-gzjsg.jpg,1,infertile
/content/training/infertile.infertile-469.jpg.4gbb4j6p.ingestion-6bf64f87d9-gzjsg.jpg,1,infertile
/content/training/infertile.infertile-333.jpg.4gbb4jc3.ingestion-6bf64f87d9-nkxcl.jpg,1,infertile
/content/training/infertile.infertile-119.jpg.4gbb4jbd.ingestion-6bf64f87d9-q9rsg.jpg,1,infertile
/content/training/infertile.infertile1247 Small.png.4gbb4jeg.ingestion-6bf64f87d9-q9rsg.jpg,1,infertile
/content/training/infertile.infertile-53.jpg.4gbb4jgq.ingestion-6bf64f87d9-nkxcl.jpg,1,infertile
/content/training/infertile.infertile-125.jpg.4gbb4jhs.ingestion-6bf64f87d9-q9rsg.jpg,1,infertile
/content/training/infertile.infertile-47.jpg.4gbb4jli.ingestion-6bf64f87d9-nkxcl.jpg,1,infertile
/content/training/infertile.infertile-694.jpg.4gbb4jm6.ingestion-6bf64f87d9-nkxcl.jpg,1,infertile
/content/training/infertile.infertile1184 Small.png.4gbb4jr3.ingestion-6bf64f87d9-nkxcl.jpg,1,infertile
/content/training/infertile.infertile-643.jpg.4gbb4k0k.ingestion-6bf64f87d9-nkxcl.jpg,1,infertile
/content/training/infertile.infertile-910.jpg.4gbb4k27.ingestion-6bf64f87d9-q9rsg.jpg,1,infertile
/content/training/infertile.infertile-131.jpg.4gbb4k3n.ingestion-6bf64f87d9-nkxcl.jpg,1,infertile
/content/training/infertile.infertile1065 Small.png.4gbb4khe.ingestion-6bf64f87d9-gzjsg.jpg,1,infertile
/content/training/infertile.infertile-723.jpg.4gbb4khc.ingestion-6bf64f87d9-nkxcl.jpg,1,infertile
/content/training/infertile.infertile-938.jpg.4gbb4kha.ingestion-6bf64f87d9-q9rsg.jpg,1,infertile
/content/training/infertile.infertile1159 Small.png.4gbb4kha.ingestion-6bf64f87d9-nkxcl.jpg,1,infertile
/content/training/infertile.infertile-284.jpg.4gbb4kjn.ingestion-6bf64f87d9-gzjsg.jpg,1,infertile
/content/training/infertile.infertile-904.jpg.4gbb4kob.ingestion-6bf64f87d9-gzjsg.jpg,1,infertile
/content/training/infertile.infertile-657.jpg.4gbb4koa.ingestion-6bf64f87d9-gzjsg.jpg,1,infertile
/content/training/infertile.infertile-253.jpg.4gbb4kup.ingestion-6bf64f87d9-gzjsg.jpg,1,infertile
/content/training/infertile.infertile1473 Small.png.4gbb4l0b.ingestion-6bf64f87d9-gzjsg.jpg,1,infertile
/content/training/infertile.infertile-290.jpg.4gbb4l0k.ingestion-6bf64f87d9-gzjsg.jpg,1,infertile
/content/training/infertile.infertile-737.jpg.4gbb4l18.ingestion-6bf64f87d9-q9rsg.jpg,1,infertile
/content/training/infertile.infertile1253 Small.png.4gbb4l7d.ingestion-6bf64f87d9-q9rsg.jpg,1,infertile
/content/training/infertile.infertile1315 Small.png.4gbb4l7n.ingestion-6bf64f87d9-q9rsg.jpg,1,infertile
/content/training/infertile.infertile1000 Small.png.4gbb4l9s.ingestion-6bf64f87d9-q9rsg.jpg,1,infertile
/content/training/infertile.infertile-525.jpg.4gbb4lb3.ingestion-6bf64f87d9-gzjsg.jpg,1,infertile
/content/training/infertile.infertile-509.jpg.4gbb4lcb.ingestion-6bf64f87d9-nkxcl.jpg,1,infertile
/content/training/infertile.infertile-243.jpg.4gbb4lef.ingestion-6bf64f87d9-q9rsg.jpg,1,infertile
/content/training/infertile.infertile-535.jpg.4gbb4ld8.ingestion-6bf64f87d9-q9rsg.jpg,1,infertile
/content/training/infertile.infertile1370 Small.png.4gbb4lcu.ingestion-6bf64f87d9-nkxcl.jpg,1,infertile
/content/training/infertile.infertile1236 Small.png.4gbb4lkk.ingestion-6bf64f87d9-nkxcl.jpg,1,infertile
/content/training/infertile.infertile1416 Small.png.4gbb4lou.ingestion-6bf64f87d9-q9rsg.jpg,1,infertile
/content/training/infertile.infertile-727.jpg.4gbb4ls1.ingestion-6bf64f87d9-nkxcl.jpg,1,infertile
/content/training/infertile.infertile-914.jpg.4gbb4m0b.ingestion-6bf64f87d9-nkxcl.jpg,1,infertile
/content/training/infertile.infertile-928.jpg.4gbb4m1i.ingestion-6bf64f87d9-q9rsg.jpg,1,infertile
/content/training/infertile.infertile1146 Small.png.4gbb4m5i.ingestion-6bf64f87d9-gzjsg.jpg,1,infertile
/content/training/infertile.infertile-257.jpg.4gbb4m7g.ingestion-6bf64f87d9-nkxcl.jpg,1,infertile
/content/training/infertile.infertile-135.jpg.4gbb4m8k.ingestion-6bf64f87d9-gzjsg.jpg,1,infertile
/content/training/infertile.infertile-531.jpg.4gbb4m8u.ingestion-6bf64f87d9-q9rsg.jpg,1,infertile
/content/training/infertile.infertile-294.jpg.4gbb4mds.ingestion-6bf64f87d9-nkxcl.jpg,1,infertile
/content/training/infertile.infertile-280.jpg.4gbb4md8.ingestion-6bf64f87d9-gzjsg.jpg,1,infertile
/content/training/infertile.infertile-121.jpg.4gbb4mds.ingestion-6bf64f87d9-gzjsg.jpg,1,infertile
/content/training/infertile.infertile1285 Small.png.4gbb4mef.ingestion-6bf64f87d9-gzjsg.jpg,1,infertile
/content/training/infertile.infertile-733.jpg.4gbb4mgb.ingestion-6bf64f87d9-q9rsg.jpg,1,infertile
/content/training/infertile.infertile-900.jpg.4gbb4mh8.ingestion-6bf64f87d9-gzjsg.jpg,1,infertile
/content/training/infertile.infertile1291 Small.png.4gbb4mjd.ingestion-6bf64f87d9-gzjsg.jpg,1,infertile
/content/training/infertile.infertile-80.jpg.4gbb4mjn.ingestion-6bf64f87d9-nkxcl.jpg,1,infertile
/content/training/infertile.infertile-94.jpg.4gbb4mkb.ingestion-6bf64f87d9-q9rsg.jpg,1,infertile
/content/training/infertile.infertile1258 Small.png.4gbb4mn3.ingestion-6bf64f87d9-q9rsg.jpg,1,infertile
/content/training/infertile.infertile-647.jpg.4gbb4mp8.ingestion-6bf64f87d9-q9rsg.jpg,1,infertile
/content/training/infertile.infertile-848.jpg.4gbb4mts.ingestion-6bf64f87d9-gzjsg.jpg,1,infertile
/content/training/infertile.infertile-43.jpg.4gbb4n01.ingestion-6bf64f87d9-nkxcl.jpg,1,infertile
/content/training/infertile.infertile-337.jpg.4gbb4n65.ingestion-6bf64f87d9-q9rsg.jpg,1,infertile
/content/training/infertile.infertile1478 Small.png.4gbb4nap.ingestion-6bf64f87d9-q9rsg.jpg,1,infertile
/content/training/infertile.infertile1364 Small.png.4gbb4ndi.ingestion-6bf64f87d9-nkxcl.jpg,1,infertile
/content/training/infertile.infertile-57.jpg.4gbb4nf3.ingestion-6bf64f87d9-gzjsg.jpg,1,infertile
/content/training/infertile.infertile1402 Small.png.4gbb4nku.ingestion-6bf64f87d9-q9rsg.jpg,1,infertile
/content/training/infertile.infertile-487.jpg.4gbb4nm5.ingestion-6bf64f87d9-gzjsg.jpg,1,infertile
/content/training/infertile.infertile-479.jpg.4gbb4nmg.ingestion-6bf64f87d9-gzjsg.jpg,1,infertile
/content/training/infertile.infertile-684.jpg.4gbb4nmg.ingestion-6bf64f87d9-q9rsg.jpg,1,infertile
/content/training/infertile.infertile-323.jpg.4gbb4nrd.ingestion-6bf64f87d9-gzjsg.jpg,1,infertile
/content/training/infertile.infertile1128 Small.png.4gbb4nmj.ingestion-6bf64f87d9-nkxcl.jpg,1,infertile
/content/training/infertile.infertile-445.jpg.4gbb4ns1.ingestion-6bf64f87d9-nkxcl.jpg,1,infertile
/content/training/infertile.infertile-492.jpg.4gbb4nuq.ingestion-6bf64f87d9-gzjsg.jpg,1,infertile
/content/training/infertile.infertile1152 Small.png.4gbb4nu6.ingestion-6bf64f87d9-gzjsg.jpg,1,infertile
/content/training/infertile.infertile1222 Small.png.4gbb4o1s.ingestion-6bf64f87d9-nkxcl.jpg,1,infertile
/content/training/infertile.infertile1086 Small.png.4gbb4o58.ingestion-6bf64f87d9-gzjsg.jpg,1,infertile
/content/training/infertile.infertile-493.jpg.4gbb4o8m.ingestion-6bf64f87d9-nkxcl.jpg,1,infertile
/content/training/infertile.infertile1109 Small.png.4gbb4oaf.ingestion-6bf64f87d9-gzjsg.jpg,1,infertile
/content/training/infertile.infertile-444.jpg.4gbb4ock.ingestion-6bf64f87d9-gzjsg.jpg,1,infertile
/content/training/infertile.infertile997 Small.png.4gbb4ods.ingestion-6bf64f87d9-q9rsg.jpg,1,infertile
/content/training/infertile.infertile-685.jpg.4gbb4of3.ingestion-6bf64f87d9-gzjsg.jpg,1,infertile
/content/training/infertile.infertile-849.jpg.4gbb4oi6.ingestion-6bf64f87d9-nkxcl.jpg,1,infertile
/content/training/infertile.infertile1279 Small.png.4gbb4ogv.ingestion-6bf64f87d9-nkxcl.jpg,1,infertile
/content/training/infertile.infertile-875.jpg.4gbb4oo1.ingestion-6bf64f87d9-q9rsg.jpg,1,infertile
/content/training/infertile.infertile-478.jpg.4gbb4osa.ingestion-6bf64f87d9-q9rsg.jpg,1,infertile
/content/training/infertile.infertile1345 Small.png.4gbb4oqp.ingestion-6bf64f87d9-nkxcl.jpg,1,infertile
/content/training/infertile.infertile-120.jpg.4gbb4oti.ingestion-6bf64f87d9-gzjsg.jpg,1,infertile
/content/training/infertile.infertile-134.jpg.4gbb4p1s.ingestion-6bf64f87d9-gzjsg.jpg,1,infertile
/content/training/infertile.infertile1459 Small.png.4gbb4p33.ingestion-6bf64f87d9-nkxcl.jpg,1,infertile
/content/training/infertile.infertile-108.jpg.4gbb4p8u.ingestion-6bf64f87d9-q9rsg.jpg,1,infertile
/content/training/infertile.infertile-691.jpg.4gbb4p9j.ingestion-6bf64f87d9-q9rsg.jpg,1,infertile
/content/training/infertile.infertile1035 Small.png.4gbb4pbd.ingestion-6bf64f87d9-gzjsg.jpg,1,infertile
/content/training/infertile.infertile-56.jpg.4gbb4pc1.ingestion-6bf64f87d9-gzjsg.jpg,1,infertile
/content/training/infertile.infertile1173 Small.png.4gbb4pfn.ingestion-6bf64f87d9-nkxcl.jpg,1,infertile
/content/training/infertile.infertile1021 Small.png.4gbb4pf3.ingestion-6bf64f87d9-q9rsg.jpg,1,infertile
/content/training/infertile.infertile-652.jpg.4gbb4phi.ingestion-6bf64f87d9-q9rsg.jpg,1,infertile
/content/training/infertile.infertile-42.jpg.4gbb4pff.ingestion-6bf64f87d9-gzjsg.jpg,1,infertile
/content/training/infertile.infertile1490 Small.png.4gbb4pgu.ingestion-6bf64f87d9-q9rsg.jpg,1,infertile
/content/training/infertile.infertile-81.jpg.4gbb4pjn.ingestion-6bf64f87d9-nkxcl.jpg,1,infertile
/content/training/infertile.infertile1351 Small.png.4gbb4pv3.ingestion-6bf64f87d9-nkxcl.jpg,1,infertile
/content/training/infertile.infertile1484 Small.png.4gbb4pv3.ingestion-6bf64f87d9-gzjsg.jpg,1,infertile
/content/training/infertile.infertile-915.jpg.4gbb4pv3.ingestion-6bf64f87d9-q9rsg.jpg,1,infertile
/content/training/infertile.infertile-281.jpg.4gbb4qcd.ingestion-6bf64f87d9-gzjsg.jpg,1,infertile
/content/training/infertile.infertile-726.jpg.4gbb4qcd.ingestion-6bf64f87d9-nkxcl.jpg,1,infertile
/content/training/infertile.infertile-295.jpg.4gbb4qef.ingestion-6bf64f87d9-q9rsg.jpg,1,infertile
/content/training/infertile.infertile1437 Small.png.4gbb4qkl.ingestion-6bf64f87d9-nkxcl.jpg,1,infertile
/content/training/infertile.infertile1217 Small.png.4gbb4qj6.ingestion-6bf64f87d9-gzjsg.jpg,1,infertile
/content/training/infertile.infertile-518.jpg.4gbb4qls.ingestion-6bf64f87d9-q9rsg.jpg,1,infertile
/content/training/infertile.infertile-268.jpg.4gbb4qn3.ingestion-6bf64f87d9-gzjsg.jpg,1,infertile
/content/training/infertile.infertile1167 Small.png.4gbb4qpn.ingestion-6bf64f87d9-q9rsg.jpg,1,infertile
/content/training/infertile.infertile-732.jpg.4gbb4qu6.ingestion-6bf64f87d9-nkxcl.jpg,1,infertile
/content/training/infertile.infertile-901.jpg.4gbb4qvn.ingestion-6bf64f87d9-gzjsg.jpg,1,infertile
/content/training/infertile.infertile-242.jpg.4gbb4qv3.ingestion-6bf64f87d9-nkxcl.jpg,1,infertile
/content/training/infertile.infertile1398 Small.png.4gbb4r01.ingestion-6bf64f87d9-q9rsg.jpg,1,infertile
/content/training/infertile.infertile-530.jpg.4gbb4qug.ingestion-6bf64f87d9-nkxcl.jpg,1,infertile
/content/training/infertile.infertile-256.jpg.4gbb4quk.ingestion-6bf64f87d9-gzjsg.jpg,1,infertile
/content/training/infertile.infertile-524.jpg.4gbb4r0b.ingestion-6bf64f87d9-gzjsg.jpg,1,infertile
/content/training/infertile.infertile-526.jpg.4gbb4r1s.ingestion-6bf64f87d9-nkxcl.jpg,1,infertile
/content/training/infertile.infertile1092 Small.png.4gbb4qua.ingestion-6bf64f87d9-q9rsg.jpg,1,infertile
/content/training/infertile.infertile-532.jpg.4gbb4r5i.ingestion-6bf64f87d9-nkxcl.jpg,1,infertile
/content/training/infertile.infertile-297.jpg.4gbb4r58.ingestion-6bf64f87d9-nkxcl.jpg,1,infertile
/content/training/infertile.infertile-283.jpg.4gbb4r6p.ingestion-6bf64f87d9-q9rsg.jpg,1,infertile
/content/training/infertile.infertile-718.jpg.4gbb4r81.ingestion-6bf64f87d9-gzjsg.jpg,1,infertile
/content/training/infertile.infertile1461 Small.png.4gbb4r98.ingestion-6bf64f87d9-q9rsg.jpg,1,infertile
/content/training/infertile.infertile-730.jpg.4gbb4r98.ingestion-6bf64f87d9-nkxcl.jpg,1,infertile
/content/training/infertile.infertile1077 Small.png.4gbb4rcu.ingestion-6bf64f87d9-gzjsg.jpg,1,infertile
/content/training/infertile.infertile-917.jpg.4gbb4reg.ingestion-6bf64f87d9-nkxcl.jpg,1,infertile
/content/training/infertile.infertile1131 Small.png.4gbb4rkk.ingestion-6bf64f87d9-q9rsg.jpg,1,infertile
/content/training/infertile.infertile-724.jpg.4gbb4s0u.ingestion-6bf64f87d9-q9rsg.jpg,1,infertile
/content/training/infertile.infertile1255 Small.png.4gbb4s6f.ingestion-6bf64f87d9-q9rsg.jpg,1,infertile
/content/training/infertile.infertile-136.jpg.4gbb4s98.ingestion-6bf64f87d9-q9rsg.jpg,1,infertile
/content/training/infertile.infertile1288 Small.png.4gbb4s9s.ingestion-6bf64f87d9-gzjsg.jpg,1,infertile
/content/training/infertile.infertile1063 Small.png.4gbb4s9i.ingestion-6bf64f87d9-gzjsg.jpg,1,infertile
/content/training/infertile.infertile1241 Small.png.4gbb4sck.ingestion-6bf64f87d9-q9rsg.jpg,1,infertile
/content/training/infertile.infertile-97.jpg.4gbb4sgb.ingestion-6bf64f87d9-q9rsg.jpg,1,infertile
/content/training/infertile.infertile1313 Small.png.4gbb4sgu.ingestion-6bf64f87d9-nkxcl.jpg,1,infertile
/content/training/infertile.infertile-83.jpg.4gbb4sip.ingestion-6bf64f87d9-q9rsg.jpg,1,infertile
/content/training/infertile.infertile1125 Small.png.4gbb4shi.ingestion-6bf64f87d9-nkxcl.jpg,1,infertile
/content/training/infertile.infertile-877.jpg.4gbb4sjd.ingestion-6bf64f87d9-nkxcl.jpg,1,infertile
/content/training/infertile.infertile-644.jpg.4gbb4skb.ingestion-6bf64f87d9-nkxcl.jpg,1,infertile
/content/training/infertile.infertile-888.jpg.4gbb4skk.ingestion-6bf64f87d9-gzjsg.jpg,1,infertile
/content/training/infertile.infertile-650.jpg.4gbb4sl8.ingestion-6bf64f87d9-nkxcl.jpg,1,infertile
/content/training/infertile.infertile-54.jpg.4gbb4spi.ingestion-6bf64f87d9-q9rsg.jpg,1,infertile
/content/training/infertile.infertile-863.jpg.4gbb4sok.ingestion-6bf64f87d9-nkxcl.jpg,1,infertile
/content/training/infertile.infertile1019 Small.png.4gbb4su5.ingestion-6bf64f87d9-gzjsg.jpg,1,infertile
/content/training/infertile.infertile-40.jpg.4gbb4t0b.ingestion-6bf64f87d9-gzjsg.jpg,1,infertile
/content/training/infertile.infertile-68.jpg.4gbb4t8p.ingestion-6bf64f87d9-q9rsg.jpg,1,infertile
/content/training/infertile.infertile-452.jpg.4gbb4t9u.ingestion-6bf64f87d9-nkxcl.jpg,1,infertile
/content/training/infertile.infertile-485.jpg.4gbb4tb3.ingestion-6bf64f87d9-q9rsg.jpg,1,infertile
/content/training/infertile.infertile-491.jpg.4gbb4tca.ingestion-6bf64f87d9-gzjsg.jpg,1,infertile
/content/training/infertile.infertile-490.jpg.4gbb4tdi.ingestion-6bf64f87d9-nkxcl.jpg,1,infertile
/content/training/infertile.infertile-308.jpg.4gbb4thi.ingestion-6bf64f87d9-q9rsg.jpg,1,infertile
/content/training/infertile.infertile-693.jpg.4gbb4th8.ingestion-6bf64f87d9-nkxcl.jpg,1,infertile
/content/training/infertile.infertile1332 Small.png.4gbb4tj4.ingestion-6bf64f87d9-nkxcl.jpg,1,infertile
/content/training/infertile.infertile1369 Small.png.4gbb4tj3.ingestion-6bf64f87d9-nkxcl.jpg,1,infertile
/content/training/infertile.infertile1042 Small.png.4gbb4tkb.ingestion-6bf64f87d9-q9rsg.jpg,1,infertile
/content/training/infertile.infertile-446.jpg.4gbb4tmq.ingestion-6bf64f87d9-q9rsg.jpg,1,infertile
/content/training/infertile.infertile-335.jpg.4gbb4to1.ingestion-6bf64f87d9-nkxcl.jpg,1,infertile
/content/training/infertile.infertile1196 Small.png.4gbb4tqg.ingestion-6bf64f87d9-nkxcl.jpg,1,infertile
/content/training/infertile.infertile1475 Small.png.4gbb4tsb.ingestion-6bf64f87d9-q9rsg.jpg,1,infertile
/content/training/infertile.infertile-453.jpg.4gbb4trn.ingestion-6bf64f87d9-q9rsg.jpg,1,infertile
/content/training/infertile.infertile1104 Small.png.4gbb4u18.ingestion-6bf64f87d9-q9rsg.jpg,1,infertile
/content/training/infertile.infertile1038 Small.png.4gbb4u3n.ingestion-6bf64f87d9-gzjsg.jpg,1,infertile
/content/training/infertile.infertile1454 Small.png.4gbb4uea.ingestion-6bf64f87d9-gzjsg.jpg,1,infertile
/content/training/infertile.infertile1348 Small.png.4gbb4uip.ingestion-6bf64f87d9-gzjsg.jpg,1,infertile
/content/training/infertile.infertile-862.jpg.4gbb4uk1.ingestion-6bf64f87d9-nkxcl.jpg,1,infertile
/content/training/infertile.infertile-651.jpg.4gbb4ul8.ingestion-6bf64f87d9-q9rsg.jpg,1,infertile
/content/training/infertile.infertile-309.jpg.4gbb4um6.ingestion-6bf64f87d9-q9rsg.jpg,1,infertile
/content/training/infertile.infertile-321.jpg.4gbb4uls.ingestion-6bf64f87d9-nkxcl.jpg,1,infertile
/content/training/infertile.infertile-123.jpg.4gbb4uq5.ingestion-6bf64f87d9-q9rsg.jpg,1,infertile
/content/training/infertile.infertile-692.jpg.4gbb4uqg.ingestion-6bf64f87d9-nkxcl.jpg,1,infertile
/content/training/infertile.infertile-69.jpg.4gbb4usa.ingestion-6bf64f87d9-gzjsg.jpg,1,infertile
/content/training/infertile.infertile-645.jpg.4gbb4us0.ingestion-6bf64f87d9-gzjsg.jpg,1,infertile
/content/training/infertile.infertile-41.jpg.4gbb4v0b.ingestion-6bf64f87d9-q9rsg.jpg,1,infertile
/content/training/infertile.infertile-889.jpg.4gbb4v3d.ingestion-6bf64f87d9-gzjsg.jpg,1,infertile
/content/training/infertile.infertile-55.jpg.4gbb4v3d.ingestion-6bf64f87d9-q9rsg.jpg,1,infertile
/content/training/infertile.infertile-82.jpg.4gbb4v41.ingestion-6bf64f87d9-nkxcl.jpg,1,infertile
/content/training/infertile.infertile-679.jpg.4gbb4v4u.ingestion-6bf64f87d9-q9rsg.jpg,1,infertile
/content/training/infertile.infertile1381 Small.png.4gbb4v2g.ingestion-6bf64f87d9-nkxcl.jpg,1,infertile
/content/training/infertile.infertile-96.jpg.4gbb4v7n.ingestion-6bf64f87d9-gzjsg.jpg,1,infertile
/content/training/infertile.infertile-725.jpg.4gbb4vbn.ingestion-6bf64f87d9-q9rsg.jpg,1,infertile
/content/training/infertile.infertile-255.jpg.4gbb4vv6.ingestion-6bf64f87d9-q9rsg.jpg,1,infertile
/content/training/infertile.infertile-282.jpg.4gbb4vv6.ingestion-6bf64f87d9-nkxcl.jpg,1,infertile
/content/training/infertile.infertile1056 Small.png.4gbb4vv6.ingestion-6bf64f87d9-gzjsg.jpg,1,infertile
/content/training/infertile.infertile-241.jpg.4gbb4vv7.ingestion-6bf64f87d9-nkxcl.jpg,1,infertile
/content/training/infertile.infertile-296.jpg.4gbb4vv5.ingestion-6bf64f87d9-q9rsg.jpg,1,infertile
/content/training/infertile.infertile1326 Small.png.4gbb500k.ingestion-6bf64f87d9-q9rsg.jpg,1,infertile
/content/training/infertile.infertile1260 Small.png.4gbb505i.ingestion-6bf64f87d9-q9rsg.jpg,1,infertile
/content/training/infertile.infertile-902.jpg.4gbb5066.ingestion-6bf64f87d9-gzjsg.jpg,1,infertile
/content/training/infertile.infertile-554.jpg.4gbb507d.ingestion-6bf64f87d9-gzjsg.jpg,1,infertile
/content/training/infertile.infertile1440 Small.png.4gbb509s.ingestion-6bf64f87d9-gzjsg.jpg,1,infertile
/content/training/infertile.infertile-527.jpg.4gbb50fe.ingestion-6bf64f87d9-nkxcl.jpg,1,infertile
/content/training/infertile.infertile1489 Small.png.4gbb50cl.ingestion-6bf64f87d9-nkxcl.jpg,1,infertile
/content/training/infertile.infertile-533.jpg.4gbb50e6.ingestion-6bf64f87d9-q9rsg.jpg,1,infertile
/content/training/infertile.infertile-269.jpg.4gbb50fd.ingestion-6bf64f87d9-nkxcl.jpg,1,infertile
/content/training/infertile.infertile1110 Small.png.4gbb50ep.ingestion-6bf64f87d9-gzjsg.jpg,1,infertile
/content/training/infertile.infertile-540.jpg.4gbb50kb.ingestion-6bf64f87d9-nkxcl.jpg,1,infertile
/content/training/infertile.infertile-226.jpg.4gbb50k1.ingestion-6bf64f87d9-gzjsg.jpg,1,infertile
/content/training/infertile.infertile-568.jpg.4gbb50kk.ingestion-6bf64f87d9-q9rsg.jpg,1,infertile
/content/training/infertile.infertile1026 Small.png.4gbb50pi.ingestion-6bf64f87d9-gzjsg.jpg,1,infertile
/content/training/infertile.infertile1430 Small.png.4gbb50su.ingestion-6bf64f87d9-nkxcl.jpg,1,infertile
/content/training/infertile.infertile1483 Small.png.4gbb5101.ingestion-6bf64f87d9-nkxcl.jpg,1,infertile
/content/training/infertile.infertile1095 Small.png.4gbb514b.ingestion-6bf64f87d9-gzjsg.jpg,1,infertile
/content/training/infertile.infertile-597.jpg.4gbb514b.ingestion-6bf64f87d9-nkxcl.jpg,1,infertile
/content/training/infertile.infertile-959.jpg.4gbb516p.ingestion-6bf64f87d9-q9rsg.jpg,1,infertile
/content/training/infertile.infertile-795.jpg.4gbb5158.ingestion-6bf64f87d9-nkxcl.jpg,1,infertile
/content/training/infertile.infertile-965.jpg.4gbb51ap.ingestion-6bf64f87d9-q9rsg.jpg,1,infertile
/content/training/infertile.infertile-583.jpg.4gbb51b3.ingestion-6bf64f87d9-q9rsg.jpg,1,infertile
/content/training/infertile.infertile-144.jpg.4gbb51ca.ingestion-6bf64f87d9-gzjsg.jpg,1,infertile
/content/training/infertile.infertile-636.jpg.4gbb51f3.ingestion-6bf64f87d9-q9rsg.jpg,1,infertile
/content/training/infertile.infertile-756.jpg.4gbb51fn.ingestion-6bf64f87d9-nkxcl.jpg,1,infertile
/content/training/infertile.infertile-742.jpg.4gbb51gu.ingestion-6bf64f87d9-q9rsg.jpg,1,infertile
/content/training/infertile.infertile-178.jpg.4gbb51jn.ingestion-6bf64f87d9-nkxcl.jpg,1,infertile
/content/training/infertile.infertile-187.jpg.4gbb51kk.ingestion-6bf64f87d9-q9rsg.jpg,1,infertile
/content/training/infertile.infertile1160 Small.png.4gbb51l8.ingestion-6bf64f87d9-q9rsg.jpg,1,infertile
/content/training/infertile.infertile1356 Small.png.4gbb51li.ingestion-6bf64f87d9-gzjsg.jpg,1,infertile
/content/training/infertile.infertile-781.jpg.4gbb51nm.ingestion-6bf64f87d9-gzjsg.jpg,1,infertile
/content/training/infertile.infertile-193.jpg.4gbb51ps.ingestion-6bf64f87d9-q9rsg.jpg,1,infertile
/content/training/infertile.infertile-839.jpg.4gbb51om.ingestion-6bf64f87d9-nkxcl.jpg,1,infertile
/content/training/infertile.infertile1342 Small.png.4gbb51n6.ingestion-6bf64f87d9-gzjsg.jpg,1,infertile
/content/training/infertile.infertile-622.jpg.4gbb51ti.ingestion-6bf64f87d9-nkxcl.jpg,1,infertile
/content/training/infertile.infertile1032 Small.png.4gbb523n.ingestion-6bf64f87d9-q9rsg.jpg,1,infertile
/content/training/infertile.infertile-346.jpg.4gbb529i.ingestion-6bf64f87d9-gzjsg.jpg,1,infertile
/content/training/infertile.infertile-408.jpg.4gbb52ds.ingestion-6bf64f87d9-gzjsg.jpg,1,infertile
/content/training/infertile.infertile1174 Small.png.4gbb52e5.ingestion-6bf64f87d9-gzjsg.jpg,1,infertile
/content/training/infertile.infertile1497 Small.png.4gbb52ih.ingestion-6bf64f87d9-nkxcl.jpg,1,infertile
/content/training/infertile.infertile1204 Small.png.4gbb52k3.ingestion-6bf64f87d9-q9rsg.jpg,1,infertile
/content/training/infertile.infertile1081 Small.png.4gbb52l8.ingestion-6bf64f87d9-gzjsg.jpg,1,infertile
/content/training/infertile.infertile-391.jpg.4gbb52mg.ingestion-6bf64f87d9-nkxcl.jpg,1,infertile
/content/training/infertile.infertile-32.jpg.4gbb52nd.ingestion-6bf64f87d9-gzjsg.jpg,1,infertile
/content/training/infertile.infertile-420.jpg.4gbb52t8.ingestion-6bf64f87d9-q9rsg.jpg,1,infertile
/content/training/infertile.infertile-384.jpg.4gbb5301.ingestion-6bf64f87d9-gzjsg.jpg,1,infertile
/content/training/infertile.infertile-385.jpg.4gbb533d.ingestion-6bf64f87d9-nkxcl.jpg,1,infertile
/content/training/infertile.infertile1338 Small.png.4gbb5398.ingestion-6bf64f87d9-q9rsg.jpg,1,infertile
/content/training/infertile.infertile-353.jpg.4gbb5398.ingestion-6bf64f87d9-nkxcl.jpg,1,infertile
/content/training/infertile.infertile990 Small.png.4gbb53as.ingestion-6bf64f87d9-gzjsg.jpg,1,infertile
/content/training/infertile.infertile1424 Small.png.4gbb53di.ingestion-6bf64f87d9-nkxcl.jpg,1,infertile
/content/training/infertile.infertile1013 Small.png.4gbb53ep.ingestion-6bf64f87d9-gzjsg.jpg,1,infertile
/content/training/infertile.infertile-390.jpg.4gbb53kb.ingestion-6bf64f87d9-q9rsg.jpg,1,infertile
/content/training/infertile.infertile-409.jpg.4gbb53q6.ingestion-6bf64f87d9-q9rsg.jpg,1,infertile
/content/training/infertile.infertile-186.jpg.4gbb53u6.ingestion-6bf64f87d9-gzjsg.jpg,1,infertile
/content/training/infertile.infertile1069 Small.png.4gbb5425.ingestion-6bf64f87d9-gzjsg.jpg,1,infertile
/content/training/infertile.infertile1405 Small.png.4gbb546f.ingestion-6bf64f87d9-gzjsg.jpg,1,infertile
/content/training/infertile.infertile1225 Small.png.4gbb547n.ingestion-6bf64f87d9-q9rsg.jpg,1,infertile
/content/training/infertile.infertile-347.jpg.4gbb54ap.ingestion-6bf64f87d9-gzjsg.jpg,1,infertile
/content/training/infertile.infertile-151.jpg.4gbb549s.ingestion-6bf64f87d9-q9rsg.jpg,1,infertile
/content/training/infertile.infertile-27.jpg.4gbb54be.ingestion-6bf64f87d9-nkxcl.jpg,1,infertile
/content/training/infertile.infertile-145.jpg.4gbb54ca.ingestion-6bf64f87d9-gzjsg.jpg,1,infertile
/content/training/infertile.infertile-33.jpg.4gbb54f4.ingestion-6bf64f87d9-nkxcl.jpg,1,infertile
/content/training/infertile.infertile-804.jpg.4gbb54ef.ingestion-6bf64f87d9-gzjsg.jpg,1,infertile
/content/training/infertile.infertile-1.jpg.4gbb54ip.ingestion-6bf64f87d9-q9rsg.jpg,1,infertile
/content/training/infertile.infertile-964.jpg.4gbb54i7.ingestion-6bf64f87d9-gzjsg.jpg,1,infertile
/content/training/infertile.infertile1411 Small.png.4gbb54k1.ingestion-6bf64f87d9-nkxcl.jpg,1,infertile
/content/training/infertile.infertile1296 Small.png.4gbb54mg.ingestion-6bf64f87d9-q9rsg.jpg,1,infertile
/content/training/infertile.infertile1319 Small.png.4gbb54qq.ingestion-6bf64f87d9-nkxcl.jpg,1,infertile
/content/training/infertile.infertile-623.jpg.4gbb54r3.ingestion-6bf64f87d9-q9rsg.jpg,1,infertile
/content/training/infertile.infertile1282 Small.png.4gbb54up.ingestion-6bf64f87d9-gzjsg.jpg,1,infertile
/content/training/infertile.infertile1007 Small.png.4gbb558u.ingestion-6bf64f87d9-nkxcl.jpg,1,infertile
/content/training/infertile.infertile-582.jpg.4gbb55dn.ingestion-6bf64f87d9-gzjsg.jpg,1,infertile
/content/training/infertile.infertile-543.jpg.4gbb55lb.ingestion-6bf64f87d9-gzjsg.jpg,1,infertile
/content/training/infertile.infertile-743.jpg.4gbb55pi.ingestion-6bf64f87d9-gzjsg.jpg,1,infertile
/content/training/infertile.infertile-555.jpg.4gbb55rn.ingestion-6bf64f87d9-nkxcl.jpg,1,infertile
/content/training/infertile.infertile-757.jpg.4gbb55t8.ingestion-6bf64f87d9-q9rsg.jpg,1,infertile
/content/training/infertile.infertile-557.jpg.4gbb55uf.ingestion-6bf64f87d9-gzjsg.jpg,1,infertile
/content/training/infertile.infertile1231 Small.png.4gbb55vn.ingestion-6bf64f87d9-gzjsg.jpg,1,infertile
/content/training/infertile.infertile-233.jpg.4gbb5618.ingestion-6bf64f87d9-q9rsg.jpg,1,infertile
/content/training/infertile.infertile-580.jpg.4gbb562f.ingestion-6bf64f87d9-q9rsg.jpg,1,infertile
/content/training/infertile.infertile1377 Small.png.4gbb5641.ingestion-6bf64f87d9-nkxcl.jpg,1,infertile
/content/training/infertile.infertile-569.jpg.4gbb5673.ingestion-6bf64f87d9-q9rsg.jpg,1,infertile
/content/training/infertile.infertile-596.jpg.4gbb566q.ingestion-6bf64f87d9-nkxcl.jpg,1,infertile
/content/training/infertile.infertile-225.jpg.4gbb568u.ingestion-6bf64f87d9-gzjsg.jpg,1,infertile
/content/training/infertile.infertile-227.jpg.4gbb568u.ingestion-6bf64f87d9-nkxcl.jpg,1,infertile
/content/training/infertile.infertile-231.jpg.4gbb56ag.ingestion-6bf64f87d9-q9rsg.jpg,1,infertile
/content/training/infertile.infertile-594.jpg.4gbb56bn.ingestion-6bf64f87d9-gzjsg.jpg,1,infertile
/content/training/infertile.infertile1051 Small.png.4gbb56af.ingestion-6bf64f87d9-q9rsg.jpg,1,infertile
/content/training/infertile.infertile-219.jpg.4gbb56di.ingestion-6bf64f87d9-nkxcl.jpg,1,infertile
/content/training/infertile.infertile-755.jpg.4gbb56jd.ingestion-6bf64f87d9-q9rsg.jpg,1,infertile
/content/training/infertile.infertile1267 Small.png.4gbb56o1.ingestion-6bf64f87d9-gzjsg.jpg,1,infertile
/content/training/infertile.infertile-966.jpg.4gbb56uf.ingestion-6bf64f87d9-q9rsg.jpg,1,infertile
/content/training/infertile.infertile1321 Small.png.4gbb5718.ingestion-6bf64f87d9-nkxcl.jpg,1,infertile
/content/training/infertile.infertile1117 Small.png.4gbb574k.ingestion-6bf64f87d9-gzjsg.jpg,1,infertile
/content/training/infertile.infertile-153.jpg.4gbb572h.ingestion-6bf64f87d9-nkxcl.jpg,1,infertile
/content/training/infertile.infertile-621.jpg.4gbb575r.ingestion-6bf64f87d9-gzjsg.jpg,1,infertile
/content/training/infertile.infertile-147.jpg.4gbb577n.ingestion-6bf64f87d9-nkxcl.jpg,1,infertile
/content/training/infertile.infertile-741.jpg.4gbb576g.ingestion-6bf64f87d9-nkxcl.jpg,1,infertile
/content/training/infertile.infertile1392 Small.png.4gbb57ap.ingestion-6bf64f87d9-nkxcl.jpg,1,infertile
/content/training/infertile.infertile1453 Small.png.4gbb57c1.ingestion-6bf64f87d9-nkxcl.jpg,1,infertile
/content/training/infertile.infertile-796.jpg.4gbb57ef.ingestion-6bf64f87d9-gzjsg.jpg,1,infertile
/content/training/infertile.infertile1447 Small.png.4gbb57ef.ingestion-6bf64f87d9-nkxcl.jpg,1,infertile
/content/training/infertile.infertile-190.jpg.4gbb57ii.ingestion-6bf64f87d9-q9rsg.jpg,1,infertile
/content/training/infertile.infertile-635.jpg.4gbb57j3.ingestion-6bf64f87d9-q9rsg.jpg,1,infertile
/content/training/infertile.infertile-812.jpg.4gbb57n3.ingestion-6bf64f87d9-q9rsg.jpg,1,infertile
/content/training/infertile.infertile-184.jpg.4gbb57lu.ingestion-6bf64f87d9-nkxcl.jpg,1,infertile
/content/training/infertile.infertile1209 Small.png.4gbb57ok.ingestion-6bf64f87d9-q9rsg.jpg,1,infertile
/content/training/infertile.infertile-3.jpg.4gbb57sk.ingestion-6bf64f87d9-gzjsg.jpg,1,infertile
/content/training/infertile.infertile-806.jpg.4gbb57ts.ingestion-6bf64f87d9-q9rsg.jpg,1,infertile
/content/training/infertile.infertile1179 Small.png.4gbb5818.ingestion-6bf64f87d9-q9rsg.jpg,1,infertile
/content/training/infertile.infertile-437.jpg.4gbb582g.ingestion-6bf64f87d9-nkxcl.jpg,1,infertile
/content/training/infertile.infertile1386 Small.png.4gbb585i.ingestion-6bf64f87d9-nkxcl.jpg,1,infertile
/content/training/infertile.infertile-351.jpg.4gbb586f.ingestion-6bf64f87d9-gzjsg.jpg,1,infertile
/content/training/infertile.infertile-31.jpg.4gbb58h8.ingestion-6bf64f87d9-nkxcl.jpg,1,infertile
/content/training/infertile.infertile-392.jpg.4gbb58ig.ingestion-6bf64f87d9-nkxcl.jpg,1,infertile
/content/training/infertile.infertile-386.jpg.4gbb58jn.ingestion-6bf64f87d9-q9rsg.jpg,1,infertile
/content/training/infertile.infertile1335 Small.png.4gbb58qp.ingestion-6bf64f87d9-nkxcl.jpg,1,infertile
/content/training/infertile.infertile-379.jpg.4gbb594b.ingestion-6bf64f87d9-q9rsg.jpg,1,infertile
/content/training/infertile.infertile1273 Small.png.4gbb595i.ingestion-6bf64f87d9-gzjsg.jpg,1,infertile
/content/training/infertile.infertile-422.jpg.4gbb596p.ingestion-6bf64f87d9-q9rsg.jpg,1,infertile
/content/training/infertile.infertile1228 Small.png.4gbb599i.ingestion-6bf64f87d9-gzjsg.jpg,1,infertile
/content/training/infertile.infertile-350.jpg.4gbb59ag.ingestion-6bf64f87d9-nkxcl.jpg,1,infertile
/content/training/infertile.infertile-807.jpg.4gbb59c1.ingestion-6bf64f87d9-q9rsg.jpg,1,infertile
/content/training/infertile.infertile-387.jpg.4gbb59ck.ingestion-6bf64f87d9-nkxcl.jpg,1,infertile
/content/training/infertile.infertile1314 Small.png.4gbb59fn.ingestion-6bf64f87d9-nkxcl.jpg,1,infertile
/content/training/infertile.infertile1158 Small.png.4gbb59gb.ingestion-6bf64f87d9-q9rsg.jpg,1,infertile
/content/training/infertile.infertile1472 Small.png.4gbb59ku.ingestion-6bf64f87d9-q9rsg.jpg,1,infertile
/content/training/infertile.infertile1191 Small.png.4gbb59kl.ingestion-6bf64f87d9-nkxcl.jpg,1,infertile
/content/training/infertile.infertile-393.jpg.4gbb59ip.ingestion-6bf64f87d9-gzjsg.jpg,1,infertile
/content/training/infertile.infertile-378.jpg.4gbb59mp.ingestion-6bf64f87d9-gzjsg.jpg,1,infertile
/content/training/infertile.infertile1122 Small.png.4gbb59mf.ingestion-6bf64f87d9-gzjsg.jpg,1,infertile
/content/training/infertile.infertile-344.jpg.4gbb59ov.ingestion-6bf64f87d9-nkxcl.jpg,1,infertile
/content/training/infertile.infertile-436.jpg.4gbb59r3.ingestion-6bf64f87d9-gzjsg.jpg,1,infertile
/content/training/infertile.infertile1252 Small.png.4gbb59sk.ingestion-6bf64f87d9-gzjsg.jpg,1,infertile
/content/training/infertile.infertile-185.jpg.4gbb59ts.ingestion-6bf64f87d9-nkxcl.jpg,1,infertile
/content/training/infertile.infertile-30.jpg.4gbb5a0a.ingestion-6bf64f87d9-gzjsg.jpg,1,infertile
/content/training/infertile.infertile-24.jpg.4gbb5a41.ingestion-6bf64f87d9-q9rsg.jpg,1,infertile
/content/training/infertile.infertile-608.jpg.4gbb5a58.ingestion-6bf64f87d9-gzjsg.jpg,1,infertile
/content/training/infertile.infertile1408 Small.png.4gbb5a8u.ingestion-6bf64f87d9-nkxcl.jpg,1,infertile
/content/training/infertile.infertile-146.jpg.4gbb5a81.ingestion-6bf64f87d9-q9rsg.jpg,1,infertile
/content/training/infertile.infertile-152.jpg.4gbb5a9s.ingestion-6bf64f87d9-gzjsg.jpg,1,infertile
/content/training/infertile.infertile-813.jpg.4gbb5abd.ingestion-6bf64f87d9-q9rsg.jpg,1,infertile
/content/training/infertile.infertile-634.jpg.4gbb5ab3.ingestion-6bf64f87d9-nkxcl.jpg,1,infertile
/content/training/infertile.infertile-973.jpg.4gbb5ack.ingestion-6bf64f87d9-q9rsg.jpg,1,infertile
/content/training/infertile.infertile-967.jpg.4gbb5ads.ingestion-6bf64f87d9-gzjsg.jpg,1,infertile
/content/training/infertile.infertile-2.jpg.4gbb5agl.ingestion-6bf64f87d9-q9rsg.jpg,1,infertile
/content/training/infertile.infertile-797.jpg.4gbb5af3.ingestion-6bf64f87d9-nkxcl.jpg,1,infertile
/content/training/infertile.infertile-620.jpg.4gbb5agu.ingestion-6bf64f87d9-nkxcl.jpg,1,infertile
/content/training/infertile.infertile-768.jpg.4gbb5aou.ingestion-6bf64f87d9-nkxcl.jpg,1,infertile
/content/training/infertile.infertile1136 Small.png.4gbb5arn.ingestion-6bf64f87d9-gzjsg.jpg,1,infertile
/content/training/infertile.infertile-230.jpg.4gbb5au5.ingestion-6bf64f87d9-q9rsg.jpg,1,infertile
/content/training/infertile.infertile-754.jpg.4gbb5bap.ingestion-6bf64f87d9-nkxcl.jpg,1,infertile
/content/training/infertile.infertile1466 Small.png.4gbb5bd8.ingestion-6bf64f87d9-nkxcl.jpg,1,infertile
/content/training/infertile.infertile-220.jpg.4gbb5bef.ingestion-6bf64f87d9-nkxcl.jpg,1,infertile
/content/training/infertile.infertile-783.jpg.4gbb5bhs.ingestion-6bf64f87d9-gzjsg.jpg,1,infertile
/content/training/infertile.infertile-218.jpg.4gbb5bh8.ingestion-6bf64f87d9-gzjsg.jpg,1,infertile
/content/training/infertile.infertile-546.jpg.4gbb5bip.ingestion-6bf64f87d9-nkxcl.jpg,1,infertile
/content/training/infertile.infertile1246 Small.png.4gbb5bkl.ingestion-6bf64f87d9-q9rsg.jpg,1,infertile
/content/training/infertile.infertile-234.jpg.4gbb5bnd.ingestion-6bf64f87d9-gzjsg.jpg,1,infertile
/content/training/infertile.infertile-552.jpg.4gbb5bli.ingestion-6bf64f87d9-q9rsg.jpg,1,infertile
/content/training/infertile.infertile1300 Small.png.4gbb5bok.ingestion-6bf64f87d9-gzjsg.jpg,1,infertile
/content/training/infertile.infertile-595.jpg.4gbb5bsk.ingestion-6bf64f87d9-gzjsg.jpg,1,infertile
/content/training/infertile.infertile-556.jpg.4gbb5bs1.ingestion-6bf64f87d9-q9rsg.jpg,1,infertile
/content/training/infertile.infertile-542.jpg.4gbb5bsu.ingestion-6bf64f87d9-q9rsg.jpg,1,infertile
/content/training/infertile.infertile-581.jpg.4gbb5bti.ingestion-6bf64f87d9-nkxcl.jpg,1,infertile
/content/training/infertile.infertile-224.jpg.4gbb5bt8.ingestion-6bf64f87d9-gzjsg.jpg,1,infertile
/content/training/infertile.infertile-208.jpg.4gbb5bti.ingestion-6bf64f87d9-q9rsg.jpg,1,infertile
/content/training/infertile.infertile-591.jpg.4gbb5c1i.ingestion-6bf64f87d9-nkxcl.jpg,1,infertile
/content/training/infertile.infertile-778.jpg.4gbb5c64.ingestion-6bf64f87d9-nkxcl.jpg,1,infertile
/content/training/infertile.infertile1403 Small.png.4gbb5c99.ingestion-6bf64f87d9-nkxcl.jpg,1,infertile
/content/training/infertile.infertile-750.jpg.4gbb5c8a.ingestion-6bf64f87d9-gzjsg.jpg,1,infertile
/content/training/infertile.infertile-744.jpg.4gbb5c8f.ingestion-6bf64f87d9-q9rsg.jpg,1,infertile
/content/training/infertile.infertile-585.jpg.4gbb5cep.ingestion-6bf64f87d9-gzjsg.jpg,1,infertile
/content/training/infertile.infertile-787.jpg.4gbb5cha.ingestion-6bf64f87d9-q9rsg.jpg,1,infertile
/content/training/infertile.infertile1365 Small.png.4gbb5cli.ingestion-6bf64f87d9-q9rsg.jpg,1,infertile
/content/training/infertile.infertile1259 Small.png.4gbb5cps.ingestion-6bf64f87d9-gzjsg.jpg,1,infertile
/content/training/infertile.infertile-630.jpg.4gbb5cvn.ingestion-6bf64f87d9-q9rsg.jpg,1,infertile
/content/training/infertile.infertile-618.jpg.4gbb5cuh.ingestion-6bf64f87d9-nkxcl.jpg,1,infertile
/content/training/infertile.infertile1223 Small.png.4gbb5d2f.ingestion-6bf64f87d9-gzjsg.jpg,1,infertile
/content/training/infertile.infertile-156.jpg.4gbb5d3n.ingestion-6bf64f87d9-nkxcl.jpg,1,infertile
/content/training/infertile.infertile-142.jpg.4gbb5d4u.ingestion-6bf64f87d9-q9rsg.jpg,1,infertile
/content/training/infertile.infertile-817.jpg.4gbb5d8u.ingestion-6bf64f87d9-q9rsg.jpg,1,infertile
/content/training/infertile.infertile1153 Small.png.4gbb5db3.ingestion-6bf64f87d9-nkxcl.jpg,1,infertile
/content/training/infertile.infertile-793.jpg.4gbb5deh.ingestion-6bf64f87d9-gzjsg.jpg,1,infertile
/content/training/infertile.infertile1371 Small.png.4gbb5dg1.ingestion-6bf64f87d9-nkxcl.jpg,1,infertile
/content/training/infertile.infertile-6.jpg.4gbb5dhi.ingestion-6bf64f87d9-q9rsg.jpg,1,infertile
/content/training/infertile.infertile-181.jpg.4gbb5dh8.ingestion-6bf64f87d9-nkxcl.jpg,1,infertile
/content/training/infertile.infertile1237 Small.png.4gbb5dkk.ingestion-6bf64f87d9-gzjsg.jpg,1,infertile
/content/training/infertile.infertile1284 Small.png.4gbb5dli.ingestion-6bf64f87d9-gzjsg.jpg,1,infertile
/content/training/infertile.infertile-354.jpg.4gbb5dmp.ingestion-6bf64f87d9-nkxcl.jpg,1,infertile
/content/training/infertile.infertile-624.jpg.4gbb5dok.ingestion-6bf64f87d9-nkxcl.jpg,1,infertile
/content/training/infertile.infertile-20.jpg.4gbb5ds1.ingestion-6bf64f87d9-gzjsg.jpg,1,infertile
/content/training/infertile.infertile-34.jpg.4gbb5dsk.ingestion-6bf64f87d9-nkxcl.jpg,1,infertile
/content/training/infertile.infertile1417 Small.png.4gbb5ds1.ingestion-6bf64f87d9-nkxcl.jpg,1,infertile
/content/training/infertile.infertile-803.jpg.4gbb5dup.ingestion-6bf64f87d9-q9rsg.jpg,1,infertile
/content/training/infertile.infertile-368.jpg.4gbb5e2p.ingestion-6bf64f87d9-q9rsg.jpg,1,infertile
/content/training/infertile.infertile-382.jpg.4gbb5e73.ingestion-6bf64f87d9-nkxcl.jpg,1,infertile
/content/training/infertile.infertile-396.jpg.4gbb5e8b.ingestion-6bf64f87d9-q9rsg.jpg,1,infertile
/content/training/infertile.infertile1350 Small.png.4gbb5e9s.ingestion-6bf64f87d9-gzjsg.jpg,1,infertile
/content/training/infertile.infertile1399 Small.png.4gbb5eb3.ingestion-6bf64f87d9-nkxcl.jpg,1,infertile
/content/training/infertile.infertile-432.jpg.4gbb5ebn.ingestion-6bf64f87d9-q9rsg.jpg,1,infertile
/content/training/infertile.infertile-426.jpg.4gbb5ece.ingestion-6bf64f87d9-gzjsg.jpg,1,infertile
/content/training/infertile.infertile1020 Small.png.4gbb5ed8.ingestion-6bf64f87d9-q9rsg.jpg,1,infertile
/content/training/infertile.infertile-340.jpg.4gbb5eh8.ingestion-6bf64f87d9-q9rsg.jpg,1,infertile
/content/training/infertile.infertile-397.jpg.4gbb5ejd.ingestion-6bf64f87d9-gzjsg.jpg,1,infertile
/content/training/infertile.infertile-383.jpg.4gbb5emg.ingestion-6bf64f87d9-nkxcl.jpg,1,infertile
/content/training/infertile.infertile-355.jpg.4gbb5eks.ingestion-6bf64f87d9-gzjsg.jpg,1,infertile
/content/training/infertile.infertile-369.jpg.4gbb5enn.ingestion-6bf64f87d9-q9rsg.jpg,1,infertile
/content/training/infertile.infertile1485 Small.png.4gbb5eou.ingestion-6bf64f87d9-q9rsg.jpg,1,infertile
/content/training/infertile.infertile1166 Small.png.4gbb5eqf.ingestion-6bf64f87d9-gzjsg.jpg,1,infertile
/content/training/infertile.infertile-194.jpg.4gbb5et8.ingestion-6bf64f87d9-q9rsg.jpg,1,infertile
/content/training/infertile.infertile1216 Small.png.4gbb5f0k.ingestion-6bf64f87d9-gzjsg.jpg,1,infertile
/content/training/infertile.infertile-143.jpg.4gbb5f9i.ingestion-6bf64f87d9-q9rsg.jpg,1,infertile
/content/training/infertile.infertile-341.jpg.4gbb5f8b.ingestion-6bf64f87d9-q9rsg.jpg,1,infertile
/content/training/infertile.infertile-786.jpg.4gbb5fkk.ingestion-6bf64f87d9-gzjsg.jpg,1,infertile
/content/training/infertile.infertile-802.jpg.4gbb5fku.ingestion-6bf64f87d9-gzjsg.jpg,1,infertile
/content/training/infertile.infertile-962.jpg.4gbb5fnd.ingestion-6bf64f87d9-q9rsg.jpg,1,infertile
/content/training/infertile.infertile-751.jpg.4gbb5fok.ingestion-6bf64f87d9-gzjsg.jpg,1,infertile
/content/training/infertile.infertile1436 Small.png.4gbb5fnn.ingestion-6bf64f87d9-nkxcl.jpg,1,infertile
/content/training/infertile.infertile-21.jpg.4gbb5fr3.ingestion-6bf64f87d9-gzjsg.jpg,1,infertile
/content/training/infertile.infertile-35.jpg.4gbb5fou.ingestion-6bf64f87d9-q9rsg.jpg,1,infertile
/content/training/infertile.infertile-816.jpg.4gbb5frd.ingestion-6bf64f87d9-nkxcl.jpg,1,infertile
/content/training/infertile.infertile-625.jpg.4gbb5ft8.ingestion-6bf64f87d9-gzjsg.jpg,1,infertile
/content/training/infertile.infertile-631.jpg.4gbb5fts.ingestion-6bf64f87d9-nkxcl.jpg,1,infertile
/content/training/infertile.infertile-619.jpg.4gbb5g26.ingestion-6bf64f87d9-gzjsg.jpg,1,infertile
/content/training/infertile.infertile1422 Small.png.4gbb5g41.ingestion-6bf64f87d9-q9rsg.jpg,1,infertile
/content/training/infertile.infertile1278 Small.png.4gbb5g81.ingestion-6bf64f87d9-q9rsg.jpg,1,infertile
/content/training/infertile.infertile-779.jpg.4gbb5gag.ingestion-6bf64f87d9-nkxcl.jpg,1,infertile
/content/training/infertile.infertile-584.jpg.4gbb5ge5.ingestion-6bf64f87d9-gzjsg.jpg,1,infertile
/content/training/infertile.infertile-590.jpg.4gbb5gga.ingestion-6bf64f87d9-q9rsg.jpg,1,infertile
/content/training/infertile.infertile-553.jpg.4gbb5gh8.ingestion-6bf64f87d9-gzjsg.jpg,1,infertile
/content/training/infertile.infertile1254 Small.png.4gbb5gu7.ingestion-6bf64f87d9-q9rsg.jpg,1,infertile
/content/training/infertile.infertile1034 Small.png.4gbb5gvg.ingestion-6bf64f87d9-gzjsg.jpg,1,infertile
/content/training/infertile.infertile1344 Small.png.4gbb5gvf.ingestion-6bf64f87d9-q9rsg.jpg,1,infertile
/content/training/infertile.infertile-579.jpg.4gbb5gvh.ingestion-6bf64f87d9-nkxcl.jpg,1,infertile
/content/training/infertile.infertile-235.jpg.4gbb5gvg.ingestion-6bf64f87d9-q9rsg.jpg,1,infertile
/content/training/infertile.infertile1491 Small.png.4gbb5h5i.ingestion-6bf64f87d9-q9rsg.jpg,1,infertile
/content/training/infertile.infertile-237.jpg.4gbb5h73.ingestion-6bf64f87d9-gzjsg.jpg,1,infertile
/content/training/infertile.infertile-545.jpg.4gbb5h9s.ingestion-6bf64f87d9-q9rsg.jpg,1,infertile
/content/training/infertile.infertile1458 Small.png.4gbb5h8l.ingestion-6bf64f87d9-nkxcl.jpg,1,infertile
/content/training/infertile.infertile-551.jpg.4gbb5h8k.ingestion-6bf64f87d9-nkxcl.jpg,1,infertile
/content/training/infertile.infertile-223.jpg.4gbb5hck.ingestion-6bf64f87d9-nkxcl.jpg,1,infertile
/content/training/infertile.infertile-221.jpg.4gbb5hds.ingestion-6bf64f87d9-gzjsg.jpg,1,infertile
/content/training/infertile.infertile-547.jpg.4gbb5hds.ingestion-6bf64f87d9-nkxcl.jpg,1,infertile
/content/training/infertile.infertile-209.jpg.4gbb5hep.ingestion-6bf64f87d9-nkxcl.jpg,1,infertile
/content/training/infertile.infertile1312 Small.png.4gbb5hhk.ingestion-6bf64f87d9-q9rsg.jpg,1,infertile
/content/training/infertile.infertile1368 Small.png.4gbb5hl8.ingestion-6bf64f87d9-nkxcl.jpg,1,infertile
/content/training/infertile.infertile-960.jpg.4gbb5i0b.ingestion-6bf64f87d9-q9rsg.jpg,1,infertile
/content/training/infertile.infertile-974.jpg.4gbb5hv6.ingestion-6bf64f87d9-nkxcl.jpg,1,infertile
/content/training/infertile.infertile-790.jpg.4gbb5i2f.ingestion-6bf64f87d9-nkxcl.jpg,1,infertile
/content/training/infertile.infertile-948.jpg.4gbb5i1i.ingestion-6bf64f87d9-gzjsg.jpg,1,infertile
/content/training/infertile.infertile-592.jpg.4gbb5i2p.ingestion-6bf64f87d9-q9rsg.jpg,1,infertile
/content/training/infertile.infertile-169.jpg.4gbb5i5t.ingestion-6bf64f87d9-gzjsg.jpg,1,infertile
/content/training/infertile.infertile-586.jpg.4gbb5i66.ingestion-6bf64f87d9-gzjsg.jpg,1,infertile
/content/training/infertile.infertile-141.jpg.4gbb5iaf.ingestion-6bf64f87d9-gzjsg.jpg,1,infertile
/content/training/infertile.infertile-155.jpg.4gbb5ibn.ingestion-6bf64f87d9-nkxcl.jpg,1,infertile
/content/training/infertile.infertile1197 Small.png.4gbb5icv.ingestion-6bf64f87d9-q9rsg.jpg,1,infertile
/content/training/infertile.infertile-753.jpg.4gbb5ifn.ingestion-6bf64f87d9-nkxcl.jpg,1,infertile
/content/training/infertile.infertile1474 Small.png.4gbb5ifg.ingestion-6bf64f87d9-gzjsg.jpg,1,infertile
/content/training/infertile.infertile-747.jpg.4gbb5ijd.ingestion-6bf64f87d9-gzjsg.jpg,1,infertile
/content/training/infertile.infertile-784.jpg.4gbb5ilb.ingestion-6bf64f87d9-q9rsg.jpg,1,infertile
/content/training/infertile.infertile-814.jpg.4gbb5ila.ingestion-6bf64f87d9-q9rsg.jpg,1,infertile
/content/training/infertile.infertile1460 Small.png.4gbb5inq.ingestion-6bf64f87d9-nkxcl.jpg,1,infertile
/content/training/infertile.infertile-182.jpg.4gbb5iqr.ingestion-6bf64f87d9-gzjsg.jpg,1,infertile
/content/training/infertile.infertile-627.jpg.4gbb5isk.ingestion-6bf64f87d9-q9rsg.jpg,1,infertile
/content/training/infertile.infertile-196.jpg.4gbb5is1.ingestion-6bf64f87d9-nkxcl.jpg,1,infertile
/content/training/infertile.infertile-5.jpg.4gbb5ion.ingestion-6bf64f87d9-nkxcl.jpg,1,infertile
/content/training/infertile.infertile-828.jpg.4gbb5its.ingestion-6bf64f87d9-q9rsg.jpg,1,infertile
/content/training/infertile.infertile-419.jpg.4gbb5j01.ingestion-6bf64f87d9-gzjsg.jpg,1,infertile
/content/training/infertile.infertile-343.jpg.4gbb5j18.ingestion-6bf64f87d9-nkxcl.jpg,1,infertile
/content/training/infertile.infertile-800.jpg.4gbb5j3d.ingestion-6bf64f87d9-nkxcl.jpg,1,infertile
/content/training/infertile.infertile-37.jpg.4gbb5j33.ingestion-6bf64f87d9-gzjsg.jpg,1,infertile
/content/training/infertile.infertile-23.jpg.4gbb5j5i.ingestion-6bf64f87d9-gzjsg.jpg,1,infertile
/content/training/infertile.infertile-357.jpg.4gbb5j6p.ingestion-6bf64f87d9-nkxcl.jpg,1,infertile
/content/training/infertile.infertile1183 Small.png.4gbb5j8u.ingestion-6bf64f87d9-q9rsg.jpg,1,infertile
/content/training/infertile.infertile1076 Small.png.4gbb5jds.ingestion-6bf64f87d9-q9rsg.jpg,1,infertile
/content/training/infertile.infertile-394.jpg.4gbb5jhs.ingestion-6bf64f87d9-q9rsg.jpg,1,infertile
/content/training/infertile.infertile-425.jpg.4gbb5jl8.ingestion-6bf64f87d9-q9rsg.jpg,1,infertile
/content/training/infertile.infertile-431.jpg.4gbb5jp8.ingestion-6bf64f87d9-gzjsg.jpg,1,infertile
/content/training/infertile.infertile-342.jpg.4gbb5jqg.ingestion-6bf64f87d9-nkxcl.jpg,1,infertile
/content/training/infertile.infertile1394 Small.png.4gbb5jt8.ingestion-6bf64f87d9-gzjsg.jpg,1,infertile
/content/training/infertile.infertile1130 Small.png.4gbb5jvn.ingestion-6bf64f87d9-q9rsg.jpg,1,infertile
/content/training/infertile.infertile-380.jpg.4gbb5k1s.ingestion-6bf64f87d9-nkxcl.jpg,1,infertile
/content/training/infertile.infertile1240 Small.png.4gbb5k58.ingestion-6bf64f87d9-gzjsg.jpg,1,infertile
/content/training/infertile.infertile-197.jpg.4gbb5k41.ingestion-6bf64f87d9-nkxcl.jpg,1,infertile
/content/training/infertile.infertile-395.jpg.4gbb5k8k.ingestion-6bf64f87d9-gzjsg.jpg,1,infertile
/content/training/infertile.infertile-430.jpg.4gbb5kb3.ingestion-6bf64f87d9-q9rsg.jpg,1,infertile
/content/training/infertile.infertile-356.jpg.4gbb5kcu.ingestion-6bf64f87d9-gzjsg.jpg,1,infertile
/content/training/infertile.infertile-815.jpg.4gbb5kca.ingestion-6bf64f87d9-q9rsg.jpg,1,infertile
/content/training/infertile.infertile-424.jpg.4gbb5kf3.ingestion-6bf64f87d9-q9rsg.jpg,1,infertile
/content/training/infertile.infertile-154.jpg.4gbb5khs.ingestion-6bf64f87d9-q9rsg.jpg,1,infertile
/content/training/infertile.infertile-632.jpg.4gbb5kls.ingestion-6bf64f87d9-nkxcl.jpg,1,infertile
/content/training/infertile.infertile1111 Small.png.4gbb5kp8.ingestion-6bf64f87d9-gzjsg.jpg,1,infertile
/content/training/infertile.infertile-168.jpg.4gbb5kts.ingestion-6bf64f87d9-gzjsg.jpg,1,infertile
/content/training/infertile.infertile-22.jpg.4gbb5ksk.ingestion-6bf64f87d9-nkxcl.jpg,1,infertile
/content/training/infertile.infertile-801.jpg.4gbb5l18.ingestion-6bf64f87d9-gzjsg.jpg,1,infertile
/content/training/infertile.infertile1057 Small.png.4gbb5l0u.ingestion-6bf64f87d9-q9rsg.jpg,1,infertile
/content/training/infertile.infertile-36.jpg.4gbb5l4b.ingestion-6bf64f87d9-nkxcl.jpg,1,infertile
/content/training/infertile.infertile1043 Small.png.4gbb5l25.ingestion-6bf64f87d9-gzjsg.jpg,1,infertile
/content/training/infertile.infertile1327 Small.png.4gbb5l8k.ingestion-6bf64f87d9-gzjsg.jpg,1,infertile
/content/training/infertile.infertile-949.jpg.4gbb5l9s.ingestion-6bf64f87d9-nkxcl.jpg,1,infertile
/content/training/infertile.infertile-626.jpg.4gbb5lcb.ingestion-6bf64f87d9-q9rsg.jpg,1,infertile
/content/training/infertile.infertile-961.jpg.4gbb5ldi.ingestion-6bf64f87d9-gzjsg.jpg,1,infertile
/content/training/infertile.infertile-4.jpg.4gbb5lef.ingestion-6bf64f87d9-q9rsg.jpg,1,infertile
/content/training/infertile.infertile-975.jpg.4gbb5lfn.ingestion-6bf64f87d9-nkxcl.jpg,1,infertile
/content/training/infertile.infertile-746.jpg.4gbb5lif.ingestion-6bf64f87d9-gzjsg.jpg,1,infertile
/content/training/infertile.infertile-752.jpg.4gbb5lkb.ingestion-6bf64f87d9-nkxcl.jpg,1,infertile
/content/training/infertile.infertile-785.jpg.4gbb5lnd.ingestion-6bf64f87d9-nkxcl.jpg,1,infertile
/content/training/infertile.infertile-791.jpg.4gbb5lpi.ingestion-6bf64f87d9-gzjsg.jpg,1,infertile
/content/training/infertile.infertile1275 Small.png.4gbb5lp8.ingestion-6bf64f87d9-q9rsg.jpg,1,infertile
/content/training/infertile.infertile1105 Small.png.4gbb5lpi.ingestion-6bf64f87d9-q9rsg.jpg,1,infertile
/content/training/infertile.infertile1333 Small.png.4gbb5lqg.ingestion-6bf64f87d9-q9rsg.jpg,1,infertile
/content/training/infertile.infertile-587.jpg.4gbb5lrn.ingestion-6bf64f87d9-q9rsg.jpg,1,infertile
/content/training/infertile.infertile-593.jpg.4gbb5m1i.ingestion-6bf64f87d9-nkxcl.jpg,1,infertile
/content/training/infertile.infertile1039 Small.png.4gbb5m8k.ingestion-6bf64f87d9-nkxcl.jpg,1,infertile
/content/training/infertile.infertile1349 Small.png.4gbb5mi6.ingestion-6bf64f87d9-gzjsg.jpg,1,infertile
/content/training/infertile.infertile-544.jpg.4gbb5mhu.ingestion-6bf64f87d9-q9rsg.jpg,1,infertile
/content/training/infertile.infertile-578.jpg.4gbb5mjp.ingestion-6bf64f87d9-nkxcl.jpg,1,infertile
/content/training/infertile.infertile1412 Small.png.4gbb5mm5.ingestion-6bf64f87d9-gzjsg.jpg,1,infertile
/content/training/infertile.infertile-213.jpg.4gbb5mp6.ingestion-6bf64f87d9-q9rsg.jpg,1,infertile
/content/training/infertile.infertile-207.jpg.4gbb5mq5.ingestion-6bf64f87d9-gzjsg.jpg,1,infertile
/content/training/infertile.infertile1380 Small.png.4gbb5msb.ingestion-6bf64f87d9-q9rsg.jpg,1,infertile
/content/training/infertile.infertile-561.jpg.4gbb5mu6.ingestion-6bf64f87d9-gzjsg.jpg,1,infertile
/content/training/infertile.infertile1374 Small.png.4gbb5mvd.ingestion-6bf64f87d9-gzjsg.jpg,1,infertile
/content/training/infertile.infertile-236.jpg.4gbb5n0u.ingestion-6bf64f87d9-nkxcl.jpg,1,infertile
/content/training/infertile.infertile-550.jpg.4gbb5n19.ingestion-6bf64f87d9-gzjsg.jpg,1,infertile
/content/training/infertile.infertile-575.jpg.4gbb5n3d.ingestion-6bf64f87d9-q9rsg.jpg,1,infertile
/content/training/infertile.infertile1281 Small.png.4gbb5n6g.ingestion-6bf64f87d9-q9rsg.jpg,1,infertile
/content/training/infertile.infertile1138 Small.png.4gbb5n74.ingestion-6bf64f87d9-nkxcl.jpg,1,infertile
/content/training/infertile.infertile1248 Small.png.4gbb5n73.ingestion-6bf64f87d9-nkxcl.jpg,1,infertile
/content/training/infertile.infertile-763.jpg.4gbb5nd8.ingestion-6bf64f87d9-q9rsg.jpg,1,infertile
/content/training/infertile.infertile-950.jpg.4gbb5nbd.ingestion-6bf64f87d9-nkxcl.jpg,1,infertile
/content/training/infertile.infertile-944.jpg.4gbb5nep.ingestion-6bf64f87d9-nkxcl.jpg,1,infertile
/content/training/infertile.infertile1004 Small.png.4gbb5nga.ingestion-6bf64f87d9-q9rsg.jpg,1,infertile
/content/training/infertile.infertile1010 Small.png.4gbb5nj3.ingestion-6bf64f87d9-nkxcl.jpg,1,infertile
/content/training/infertile.infertile1468 Small.png.4gbb5nl9.ingestion-6bf64f87d9-q9rsg.jpg,1,infertile
/content/training/infertile.infertile-788.jpg.4gbb5nku.ingestion-6bf64f87d9-q9rsg.jpg,1,infertile
/content/training/infertile.infertile-159.jpg.4gbb5ns1.ingestion-6bf64f87d9-nkxcl.jpg,1,infertile
/content/training/infertile.infertile1232 Small.png.4gbb5o01.ingestion-6bf64f87d9-gzjsg.jpg,1,infertile
/content/training/infertile.infertile-9.jpg.4gbb5o1i.ingestion-6bf64f87d9-gzjsg.jpg,1,infertile
/content/training/infertile.infertile-401.jpg.4gbb5o7n.ingestion-6bf64f87d9-q9rsg.jpg,1,infertile
/content/training/infertile.infertile1406 Small.png.4gbb5oa6.ingestion-6bf64f87d9-nkxcl.jpg,1,infertile
/content/training/infertile.infertile-367.jpg.4gbb5o8u.ingestion-6bf64f87d9-gzjsg.jpg,1,infertile
/content/training/infertile.infertile1226 Small.png.4gbb5ob3.ingestion-6bf64f87d9-nkxcl.jpg,1,infertile
/content/training/infertile.infertile-373.jpg.4gbb5ock.ingestion-6bf64f87d9-q9rsg.jpg,1,infertile
/content/training/infertile.infertile-617.jpg.4gbb5obd.ingestion-6bf64f87d9-q9rsg.jpg,1,infertile
/content/training/infertile.infertile1360 Small.png.4gbb5oi6.ingestion-6bf64f87d9-gzjsg.jpg,1,infertile
/content/training/infertile.infertile-13.jpg.4gbb5ond.ingestion-6bf64f87d9-gzjsg.jpg,1,infertile
/content/training/infertile.infertile1031 Small.png.4gbb5om6.ingestion-6bf64f87d9-q9rsg.jpg,1,infertile
/content/training/infertile.infertile-824.jpg.4gbb5omp.ingestion-6bf64f87d9-q9rsg.jpg,1,infertile
/content/training/infertile.infertile-830.jpg.4gbb5onn.ingestion-6bf64f87d9-nkxcl.jpg,1,infertile
/content/training/infertile.infertile1341 Small.png.4gbb5oqq.ingestion-6bf64f87d9-nkxcl.jpg,1,infertile
/content/training/infertile.infertile1494 Small.png.4gbb5p01.ingestion-6bf64f87d9-nkxcl.jpg,1,infertile
/content/training/infertile.infertile-400.jpg.4gbb5p6p.ingestion-6bf64f87d9-q9rsg.jpg,1,infertile
/content/training/infertile.infertile1207 Small.png.4gbb5p9i.ingestion-6bf64f87d9-nkxcl.jpg,1,infertile
/content/training/infertile.infertile-399.jpg.4gbb5pdi.ingestion-6bf64f87d9-gzjsg.jpg,1,infertile
/content/training/infertile.infertile1388 Small.png.4gbb5pgb.ingestion-6bf64f87d9-q9rsg.jpg,1,infertile
/content/training/infertile.infertile-825.jpg.4gbb5phi.ingestion-6bf64f87d9-nkxcl.jpg,1,infertile
/content/training/infertile.infertile-158.jpg.4gbb5pnn.ingestion-6bf64f87d9-q9rsg.jpg,1,infertile
/content/training/infertile.infertile1082 Small.png.4gbb5pmg.ingestion-6bf64f87d9-nkxcl.jpg,1,infertile
/content/training/infertile.infertile1177 Small.png.4gbb5pls.ingestion-6bf64f87d9-gzjsg.jpg,1,infertile
/content/training/infertile.infertile-372.jpg.4gbb5pou.ingestion-6bf64f87d9-gzjsg.jpg,1,infertile
/content/training/infertile.infertile-414.jpg.4gbb5prd.ingestion-6bf64f87d9-nkxcl.jpg,1,infertile
/content/training/infertile.infertile-831.jpg.4gbb5pug.ingestion-6bf64f87d9-nkxcl.jpg,1,infertile
/content/training/infertile.infertile-164.jpg.4gbb5pts.ingestion-6bf64f87d9-q9rsg.jpg,1,infertile
/content/training/infertile.infertile1427 Small.png.4gbb5pup.ingestion-6bf64f87d9-q9rsg.jpg,1,infertile
/content/training/infertile.infertile-12.jpg.4gbb5q0k.ingestion-6bf64f87d9-gzjsg.jpg,1,infertile
/content/training/infertile.infertile-602.jpg.4gbb5q1s.ingestion-6bf64f87d9-nkxcl.jpg,1,infertile
/content/training/infertile.infertile-945.jpg.4gbb5q33.ingestion-6bf64f87d9-q9rsg.jpg,1,infertile
/content/training/infertile.infertile-951.jpg.4gbb5q66.ingestion-6bf64f87d9-nkxcl.jpg,1,infertile
/content/training/infertile.infertile-979.jpg.4gbb5q8b.ingestion-6bf64f87d9-q9rsg.jpg,1,infertile
/content/training/infertile.infertile-8.jpg.4gbb5qgk.ingestion-6bf64f87d9-gzjsg.jpg,1,infertile
/content/training/infertile.infertile-776.jpg.4gbb5qjd.ingestion-6bf64f87d9-gzjsg.jpg,1,infertile
/content/training/infertile.infertile1480 Small.png.4gbb5qku.ingestion-6bf64f87d9-nkxcl.jpg,1,infertile
/content/training/infertile.infertile1355 Small.png.4gbb5qr4.ingestion-6bf64f87d9-q9rsg.jpg,1,infertile
/content/training/infertile.infertile1025 Small.png.4gbb5qtj.ingestion-6bf64f87d9-nkxcl.jpg,1,infertile
/content/training/infertile.infertile987 Small.png.4gbb5r3d.ingestion-6bf64f87d9-gzjsg.jpg,1,infertile
/content/training/infertile.infertile1119 Small.png.4gbb5r5i.ingestion-6bf64f87d9-nkxcl.jpg,1,infertile
/content/training/infertile.infertile-204.jpg.4gbb5rcu.ingestion-6bf64f87d9-nkxcl.jpg,1,infertile
/content/training/infertile.infertile1449 Small.png.4gbb5rgk.ingestion-6bf64f87d9-gzjsg.jpg,1,infertile
/content/training/infertile.infertile-560.jpg.4gbb5rk1.ingestion-6bf64f87d9-q9rsg.jpg,1,infertile
/content/training/infertile.infertile-548.jpg.4gbb5ri6.ingestion-6bf64f87d9-nkxcl.jpg,1,infertile
/content/training/infertile.infertile-574.jpg.4gbb5rku.ingestion-6bf64f87d9-gzjsg.jpg,1,infertile
/content/training/infertile.infertile-212.jpg.4gbb5rm5.ingestion-6bf64f87d9-q9rsg.jpg,1,infertile
/content/training/infertile.infertile1213 Small.png.4gbb5rls.ingestion-6bf64f87d9-nkxcl.jpg,1,infertile
/content/training/infertile.infertile-562.jpg.4gbb5rmf.ingestion-6bf64f87d9-gzjsg.jpg,1,infertile
/content/training/infertile.infertile1303 Small.png.4gbb5rq6.ingestion-6bf64f87d9-nkxcl.jpg,1,infertile
/content/training/infertile.infertile-238.jpg.4gbb5rti.ingestion-6bf64f87d9-q9rsg.jpg,1,infertile
/content/training/infertile.infertile1073 Small.png.4gbb5rv4.ingestion-6bf64f87d9-gzjsg.jpg,1,infertile
/content/training/infertile.infertile-748.jpg.4gbb5s0c.ingestion-6bf64f87d9-nkxcl.jpg,1,infertile
/content/training/infertile.infertile-589.jpg.4gbb5s18.ingestion-6bf64f87d9-q9rsg.jpg,1,infertile
/content/training/infertile.infertile1009 Small.png.4gbb5s41.ingestion-6bf64f87d9-nkxcl.jpg,1,infertile
/content/training/infertile.infertile-760.jpg.4gbb5s58.ingestion-6bf64f87d9-q9rsg.jpg,1,infertile
/content/training/infertile.infertile-774.jpg.4gbb5s6f.ingestion-6bf64f87d9-gzjsg.jpg,1,infertile
/content/training/infertile.infertile-984.jpg.4gbb5s81.ingestion-6bf64f87d9-nkxcl.jpg,1,infertile
/content/training/infertile.infertile1465 Small.png.4gbb5s8u.ingestion-6bf64f87d9-q9rsg.jpg,1,infertile
/content/training/infertile.infertile-947.jpg.4gbb5scb.ingestion-6bf64f87d9-nkxcl.jpg,1,infertile
/content/training/infertile.infertile-953.jpg.4gbb5sdi.ingestion-6bf64f87d9-q9rsg.jpg,1,infertile
/content/training/infertile.infertile-172.jpg.4gbb5sep.ingestion-6bf64f87d9-gzjsg.jpg,1,infertile
/content/training/infertile.infertile-600.jpg.4gbb5shi.ingestion-6bf64f87d9-q9rsg.jpg,1,infertile
/content/training/infertile.infertile-576.jpg.4gbb5sjn.ingestion-6bf64f87d9-nkxcl.jpg,1,infertile
/content/training/infertile.infertile-166.jpg.4gbb5sku.ingestion-6bf64f87d9-nkxcl.jpg,1,infertile
/content/training/infertile.infertile-628.jpg.4gbb5sm6.ingestion-6bf64f87d9-q9rsg.jpg,1,infertile
/content/training/infertile.infertile1245 Small.png.4gbb5so3.ingestion-6bf64f87d9-gzjsg.jpg,1,infertile
/content/training/infertile.infertile1471 Small.png.4gbb5ssk.ingestion-6bf64f87d9-q9rsg.jpg,1,infertile
/content/training/infertile.infertile-199.jpg.4gbb5t33.ingestion-6bf64f87d9-gzjsg.jpg,1,infertile
/content/training/infertile.infertile-614.jpg.4gbb5t5s.ingestion-6bf64f87d9-nkxcl.jpg,1,infertile
/content/training/infertile.infertile-358.jpg.4gbb5tbd.ingestion-6bf64f87d9-q9rsg.jpg,1,infertile
/content/training/infertile.infertile1186 Small.png.4gbb5ta6.ingestion-6bf64f87d9-gzjsg.jpg,1,infertile
/content/training/infertile.infertile1251 Small.png.4gbb5tck.ingestion-6bf64f87d9-gzjsg.jpg,1,infertile
/content/training/infertile.infertile1067 Small.png.4gbb5tg3.ingestion-6bf64f87d9-q9rsg.jpg,1,infertile
/content/training/infertile.infertile1317 Small.png.4gbb5tje.ingestion-6bf64f87d9-gzjsg.jpg,1,infertile
/content/training/infertile.infertile1192 Small.png.4gbb5tht.ingestion-6bf64f87d9-nkxcl.jpg,1,infertile
/content/training/infertile.infertile1121 Small.png.4gbb5tku.ingestion-6bf64f87d9-nkxcl.jpg,1,infertile
/content/training/infertile.infertile-833.jpg.4gbb5tli.ingestion-6bf64f87d9-gzjsg.jpg,1,infertile
/content/training/infertile.infertile-827.jpg.4gbb5tls.ingestion-6bf64f87d9-nkxcl.jpg,1,infertile
/content/training/infertile.infertile-370.jpg.4gbb5tok.ingestion-6bf64f87d9-q9rsg.jpg,1,infertile
/content/training/infertile.infertile1499 Small.png.4gbb5tsk.ingestion-6bf64f87d9-nkxcl.jpg,1,infertile
/content/training/infertile.infertile1298 Small.png.4gbb5u18.ingestion-6bf64f87d9-nkxcl.jpg,1,infertile
/content/training/infertile.infertile-417.jpg.4gbb5u3d.ingestion-6bf64f87d9-q9rsg.jpg,1,infertile
/content/training/infertile.infertile-403.jpg.4gbb5u2f.ingestion-6bf64f87d9-nkxcl.jpg,1,infertile
/content/training/infertile.infertile-359.jpg.4gbb5u58.ingestion-6bf64f87d9-q9rsg.jpg,1,infertile
/content/training/infertile.infertile-371.jpg.4gbb5u4u.ingestion-6bf64f87d9-gzjsg.jpg,1,infertile
/content/training/infertile.infertile1450 Small.png.4gbb5u9s.ingestion-6bf64f87d9-gzjsg.jpg,1,infertile
/content/training/infertile.infertile-198.jpg.4gbb5u9i.ingestion-6bf64f87d9-gzjsg.jpg,1,infertile
/content/training/infertile.infertile1046 Small.png.4gbb5ueg.ingestion-6bf64f87d9-gzjsg.jpg,1,infertile
/content/training/infertile.infertile-629.jpg.4gbb5uhi.ingestion-6bf64f87d9-q9rsg.jpg,1,infertile
/content/training/infertile.infertile-601.jpg.4gbb5uif.ingestion-6bf64f87d9-gzjsg.jpg,1,infertile
/content/training/infertile.infertile1385 Small.png.4gbb5ujn.ingestion-6bf64f87d9-q9rsg.jpg,1,infertile
/content/training/infertile.infertile-365.jpg.4gbb5uls.ingestion-6bf64f87d9-gzjsg.jpg,1,infertile
/content/training/infertile.infertile-167.jpg.4gbb5un3.ingestion-6bf64f87d9-q9rsg.jpg,1,infertile
/content/training/infertile.infertile-173.jpg.4gbb5uoa.ingestion-6bf64f87d9-gzjsg.jpg,1,infertile
/content/training/infertile.infertile-615.jpg.4gbb5upi.ingestion-6bf64f87d9-nkxcl.jpg,1,infertile
/content/training/infertile.infertile-826.jpg.4gbb5uq6.ingestion-6bf64f87d9-q9rsg.jpg,1,infertile
/content/training/infertile.infertile-39.jpg.4gbb5v0u.ingestion-6bf64f87d9-q9rsg.jpg,1,infertile
/content/training/infertile.infertile1270 Small.png.4gbb5v34.ingestion-6bf64f87d9-nkxcl.jpg,1,infertile
/content/training/infertile.infertile-985.jpg.4gbb5va6.ingestion-6bf64f87d9-nkxcl.jpg,1,infertile
/content/training/infertile.infertile-775.jpg.4gbb5vb3.ingestion-6bf64f87d9-q9rsg.jpg,1,infertile
/content/training/infertile.infertile1336 Small.png.4gbb5vcb.ingestion-6bf64f87d9-q9rsg.jpg,1,infertile
/content/training/infertile.infertile1114 Small.png.4gbb5vh8.ingestion-6bf64f87d9-q9rsg.jpg,1,infertile
/content/training/infertile.infertile-239.jpg.4gbb5vok.ingestion-6bf64f87d9-gzjsg.jpg,1,infertile
/content/training/infertile.infertile-749.jpg.4gbb5vti.ingestion-6bf64f87d9-gzjsg.jpg,1,infertile
/content/training/infertile.infertile-205.jpg.4gbb5vup.ingestion-6bf64f87d9-nkxcl.jpg,1,infertile
/content/training/infertile.infertile-201.jpg.4gbb602p.ingestion-6bf64f87d9-nkxcl.jpg,1,infertile
/content/training/infertile.infertile-588.jpg.4gbb6052.ingestion-6bf64f87d9-nkxcl.jpg,1,infertile
/content/training/infertile.infertile995 Small.png.4gbb606f.ingestion-6bf64f87d9-gzjsg.jpg,1,infertile
/content/training/infertile.infertile1358 Small.png.4gbb60bn.ingestion-6bf64f87d9-nkxcl.jpg,1,infertile
/content/training/infertile.infertile1421 Small.png.4gbb60b3.ingestion-6bf64f87d9-gzjsg.jpg,1,infertile
/content/training/infertile.infertile-577.jpg.4gbb60fn.ingestion-6bf64f87d9-q9rsg.jpg,1,infertile
/content/training/infertile.infertile1084 Small.png.4gbb60j3.ingestion-6bf64f87d9-q9rsg.jpg,1,infertile
/content/training/infertile.infertile1492 Small.png.4gbb60o1.ingestion-6bf64f87d9-nkxcl.jpg,1,infertile
/content/training/infertile.infertile-567.jpg.4gbb60mg.ingestion-6bf64f87d9-q9rsg.jpg,1,infertile
/content/training/infertile.infertile-573.jpg.4gbb60ol.ingestion-6bf64f87d9-nkxcl.jpg,1,infertile
/content/training/infertile.infertile-215.jpg.4gbb60qf.ingestion-6bf64f87d9-q9rsg.jpg,1,infertile
/content/training/infertile.infertile1037 Small.png.4gbb60ta.ingestion-6bf64f87d9-nkxcl.jpg,1,infertile
/content/training/infertile.infertile-598.jpg.4gbb60vn.ingestion-6bf64f87d9-q9rsg.jpg,1,infertile
/content/training/infertile.infertile-759.jpg.4gbb610b.ingestion-6bf64f87d9-gzjsg.jpg,1,infertile
/content/training/infertile.infertile-611.jpg.4gbb6141.ingestion-6bf64f87d9-gzjsg.jpg,1,infertile
/content/training/infertile.infertile-956.jpg.4gbb611i.ingestion-6bf64f87d9-nkxcl.jpg,1,infertile
/content/training/infertile.infertile-639.jpg.4gbb612p.ingestion-6bf64f87d9-q9rsg.jpg,1,infertile
/content/training/infertile.infertile-981.jpg.4gbb612p.ingestion-6bf64f87d9-nkxcl.jpg,1,infertile
/content/training/infertile.infertile-177.jpg.4gbb614u.ingestion-6bf64f87d9-nkxcl.jpg,1,infertile
/content/training/infertile.infertile1347 Small.png.4gbb6166.ingestion-6bf64f87d9-q9rsg.jpg,1,infertile
/content/training/infertile.infertile-163.jpg.4gbb6173.ingestion-6bf64f87d9-q9rsg.jpg,1,infertile
/content/training/infertile.infertile1201 Small.png.4gbb618k.ingestion-6bf64f87d9-q9rsg.jpg,1,infertile
/content/training/infertile.infertile-765.jpg.4gbb618k.ingestion-6bf64f87d9-gzjsg.jpg,1,infertile
/content/training/infertile.infertile-375.jpg.4gbb61li.ingestion-6bf64f87d9-q9rsg.jpg,1,infertile
/content/training/infertile.infertile-413.jpg.4gbb61ms.ingestion-6bf64f87d9-gzjsg.jpg,1,infertile
/content/training/infertile.infertile-361.jpg.4gbb624n.ingestion-6bf64f87d9-gzjsg.jpg,1,infertile
/content/training/infertile.infertile-188.jpg.4gbb624l.ingestion-6bf64f87d9-q9rsg.jpg,1,infertile
/content/training/infertile.infertile1353 Small.png.4gbb624m.ingestion-6bf64f87d9-q9rsg.jpg,1,infertile
/content/training/infertile.infertile1329 Small.png.4gbb6281.ingestion-6bf64f87d9-gzjsg.jpg,1,infertile
/content/training/infertile.infertile1059 Small.png.4gbb628u.ingestion-6bf64f87d9-nkxcl.jpg,1,infertile
/content/training/infertile.infertile-605.jpg.4gbb62b3.ingestion-6bf64f87d9-nkxcl.jpg,1,infertile
/content/training/infertile.infertile-349.jpg.4gbb62bn.ingestion-6bf64f87d9-nkxcl.jpg,1,infertile
/content/training/infertile.infertile-29.jpg.4gbb62be.ingestion-6bf64f87d9-gzjsg.jpg,1,infertile
/content/training/infertile.infertile-407.jpg.4gbb62e6.ingestion-6bf64f87d9-nkxcl.jpg,1,infertile
/content/training/infertile.infertile-822.jpg.4gbb62hs.ingestion-6bf64f87d9-gzjsg.jpg,1,infertile
/content/training/infertile.infertile-15.jpg.4gbb62ig.ingestion-6bf64f87d9-nkxcl.jpg,1,infertile
/content/training/infertile.infertile1165 Small.png.4gbb62jd.ingestion-6bf64f87d9-gzjsg.jpg,1,infertile
/content/training/infertile.infertile1486 Small.png.4gbb62mg.ingestion-6bf64f87d9-q9rsg.jpg,1,infertile
/content/training/infertile.infertile1215 Small.png.4gbb62n3.ingestion-6bf64f87d9-nkxcl.jpg,1,infertile
/content/training/infertile.infertile1090 Small.png.4gbb62ou.ingestion-6bf64f87d9-q9rsg.jpg,1,infertile
/content/training/infertile.infertile-412.jpg.4gbb62rd.ingestion-6bf64f87d9-q9rsg.jpg,1,infertile
/content/training/infertile.infertile1372 Small.png.4gbb62sk.ingestion-6bf64f87d9-gzjsg.jpg,1,infertile
/content/training/infertile.infertile-406.jpg.4gbb6301.ingestion-6bf64f87d9-nkxcl.jpg,1,infertile
/content/training/infertile.infertile-360.jpg.4gbb631s.ingestion-6bf64f87d9-q9rsg.jpg,1,infertile
/content/training/infertile.infertile-823.jpg.4gbb636f.ingestion-6bf64f87d9-q9rsg.jpg,1,infertile
/content/training/infertile.infertile-837.jpg.4gbb637n.ingestion-6bf64f87d9-gzjsg.jpg,1,infertile
/content/training/infertile.infertile-189.jpg.4gbb639i.ingestion-6bf64f87d9-nkxcl.jpg,1,infertile
/content/training/infertile.infertile-374.jpg.4gbb638b.ingestion-6bf64f87d9-gzjsg.jpg,1,infertile
/content/training/infertile.infertile-162.jpg.4gbb63ap.ingestion-6bf64f87d9-q9rsg.jpg,1,infertile
/content/training/infertile.infertile1308 Small.png.4gbb63ds.ingestion-6bf64f87d9-nkxcl.jpg,1,infertile
/content/training/infertile.infertile1414 Small.png.4gbb63gb.ingestion-6bf64f87d9-gzjsg.jpg,1,infertile
/content/training/infertile.infertile1287 Small.png.4gbb63ip.ingestion-6bf64f87d9-q9rsg.jpg,1,infertile
/content/training/infertile.infertile1144 Small.png.4gbb63j3.ingestion-6bf64f87d9-q9rsg.jpg,1,infertile
/content/training/infertile.infertile1078 Small.png.4gbb63m6.ingestion-6bf64f87d9-nkxcl.jpg,1,infertile
/content/training/infertile.infertile-28.jpg.4gbb63mp.ingestion-6bf64f87d9-gzjsg.jpg,1,infertile
/content/training/infertile.infertile1293 Small.png.4gbb63nn.ingestion-6bf64f87d9-q9rsg.jpg,1,infertile
/content/training/infertile.infertile-14.jpg.4gbb63ob.ingestion-6bf64f87d9-nkxcl.jpg,1,infertile
/content/training/infertile.infertile1400 Small.png.4gbb63pi.ingestion-6bf64f87d9-gzjsg.jpg,1,infertile
/content/training/infertile.infertile-957.jpg.4gbb63qp.ingestion-6bf64f87d9-nkxcl.jpg,1,infertile
/content/training/infertile.infertile-604.jpg.4gbb63sb.ingestion-6bf64f87d9-gzjsg.jpg,1,infertile
/content/training/infertile.infertile-764.jpg.4gbb63uq.ingestion-6bf64f87d9-nkxcl.jpg,1,infertile
/content/training/infertile.infertile-770.jpg.4gbb63tj.ingestion-6bf64f87d9-gzjsg.jpg,1,infertile
/content/training/infertile.infertile-980.jpg.4gbb640b.ingestion-6bf64f87d9-q9rsg.jpg,1,infertile
/content/training/infertile.infertile-638.jpg.4gbb6441.ingestion-6bf64f87d9-gzjsg.jpg,1,infertile
/content/training/infertile.infertile-572.jpg.4gbb64d8.ingestion-6bf64f87d9-nkxcl.jpg,1,infertile
/content/training/infertile.infertile-214.jpg.4gbb64eh.ingestion-6bf64f87d9-q9rsg.jpg,1,infertile
/content/training/infertile.infertile-566.jpg.4gbb64gu.ingestion-6bf64f87d9-nkxcl.jpg,1,infertile
/content/training/infertile.infertile-228.jpg.4gbb64hs.ingestion-6bf64f87d9-q9rsg.jpg,1,infertile
/content/training/infertile.infertile-558.jpg.4gbb64j3.ingestion-6bf64f87d9-gzjsg.jpg,1,infertile
/content/training/infertile.infertile-200.jpg.4gbb64fn.ingestion-6bf64f87d9-gzjsg.jpg,1,infertile
/content/training/infertile.infertile-216.jpg.4gbb64kb.ingestion-6bf64f87d9-nkxcl.jpg,1,infertile
/content/training/infertile.infertile-758.jpg.4gbb64kk.ingestion-6bf64f87d9-gzjsg.jpg,1,infertile
/content/training/infertile.infertile-570.jpg.4gbb64lt.ingestion-6bf64f87d9-q9rsg.jpg,1,infertile
/content/training/infertile.infertile-564.jpg.4gbb64n3.ingestion-6bf64f87d9-gzjsg.jpg,1,infertile
/content/training/infertile.infertile1199 Small.png.4gbb64oc.ingestion-6bf64f87d9-nkxcl.jpg,1,infertile
/content/training/infertile.infertile-202.jpg.4gbb64pi.ingestion-6bf64f87d9-nkxcl.jpg,1,infertile
/content/training/infertile.infertile1366 Small.png.4gbb64su.ingestion-6bf64f87d9-gzjsg.jpg,1,infertile
/content/training/infertile.infertile1330 Small.png.4gbb64uf.ingestion-6bf64f87d9-nkxcl.jpg,1,infertile
/content/training/infertile.infertile1016 Small.png.4gbb64up.ingestion-6bf64f87d9-nkxcl.jpg,1,infertile
/content/training/infertile.infertile-599.jpg.4gbb651s.ingestion-6bf64f87d9-gzjsg.jpg,1,infertile
/content/training/infertile.infertile1220 Small.png.4gbb651i.ingestion-6bf64f87d9-q9rsg.jpg,1,infertile
/content/training/infertile.infertile-982.jpg.4gbb656f.ingestion-6bf64f87d9-q9rsg.jpg,1,infertile
/content/training/infertile.infertile-766.jpg.4gbb659i.ingestion-6bf64f87d9-nkxcl.jpg,1,infertile
/content/training/infertile.infertile-941.jpg.4gbb65cb.ingestion-6bf64f87d9-gzjsg.jpg,1,infertile
/content/training/infertile.infertile-148.jpg.4gbb65n3.ingestion-6bf64f87d9-gzjsg.jpg,1,infertile
/content/training/infertile.infertile1040 Small.png.4gbb65r5.ingestion-6bf64f87d9-gzjsg.jpg,1,infertile
/content/training/infertile.infertile-606.jpg.4gbb65ts.ingestion-6bf64f87d9-gzjsg.jpg,1,infertile
/content/training/infertile.infertile-772.jpg.4gbb6626.ingestion-6bf64f87d9-gzjsg.jpg,1,infertile
/content/training/infertile.infertile-174.jpg.4gbb663d.ingestion-6bf64f87d9-gzjsg.jpg,1,infertile
/content/training/infertile.infertile-799.jpg.4gbb663e.ingestion-6bf64f87d9-nkxcl.jpg,1,infertile
/content/training/infertile.infertile-969.jpg.4gbb663n.ingestion-6bf64f87d9-q9rsg.jpg,1,infertile
/content/training/infertile.infertile-821.jpg.4gbb666p.ingestion-6bf64f87d9-q9rsg.jpg,1,infertile
/content/training/infertile.infertile-835.jpg.4gbb669s.ingestion-6bf64f87d9-nkxcl.jpg,1,infertile
/content/training/infertile.infertile1383 Small.png.4gbb66ap.ingestion-6bf64f87d9-nkxcl.jpg,1,infertile
/content/training/infertile.infertile1397 Small.png.4gbb66c1.ingestion-6bf64f87d9-q9rsg.jpg,1,infertile
/content/training/infertile.infertile1442 Small.png.4gbb66eq.ingestion-6bf64f87d9-nkxcl.jpg,1,infertile
/content/training/infertile.infertile-809.jpg.4gbb66d8.ingestion-6bf64f87d9-q9rsg.jpg,1,infertile
/content/training/infertile.infertile1262 Small.png.4gbb66gk.ingestion-6bf64f87d9-gzjsg.jpg,1,infertile
/content/training/infertile.infertile1168 Small.png.4gbb66k1.ingestion-6bf64f87d9-q9rsg.jpg,1,infertile
/content/training/infertile.infertile1218 Small.png.4gbb66ls.ingestion-6bf64f87d9-nkxcl.jpg,1,infertile
/content/training/infertile.infertile1054 Small.png.4gbb66mp.ingestion-6bf64f87d9-q9rsg.jpg,1,infertile
/content/training/infertile.infertile-612.jpg.4gbb66ob.ingestion-6bf64f87d9-nkxcl.jpg,1,infertile
/content/training/infertile.infertile-362.jpg.4gbb66od.ingestion-6bf64f87d9-gzjsg.jpg,1,infertile
/content/training/infertile.infertile-404.jpg.4gbb66r3.ingestion-6bf64f87d9-q9rsg.jpg,1,infertile
/content/training/infertile.infertile1324 Small.png.4gbb66ps.ingestion-6bf64f87d9-nkxcl.jpg,1,infertile
/content/training/infertile.infertile-410.jpg.4gbb66sb.ingestion-6bf64f87d9-gzjsg.jpg,1,infertile
/content/training/infertile.infertile-16.jpg.4gbb66t9.ingestion-6bf64f87d9-gzjsg.jpg,1,infertile
/content/training/infertile.infertile-439.jpg.4gbb67ao.ingestion-6bf64f87d9-q9rsg.jpg,1,infertile
/content/training/infertile.infertile-411.jpg.4gbb67t1.ingestion-6bf64f87d9-gzjsg.jpg,1,infertile
/content/training/infertile.infertile-388.jpg.4gbb67sv.ingestion-6bf64f87d9-gzjsg.jpg,1,infertile
/content/training/infertile.infertile1419 Small.png.4gbb682p.ingestion-6bf64f87d9-nkxcl.jpg,1,infertile
/content/training/infertile.infertile1133 Small.png.4gbb6817.ingestion-6bf64f87d9-gzjsg.jpg,1,infertile
/content/training/infertile.infertile-405.jpg.4gbb686o.ingestion-6bf64f87d9-gzjsg.jpg,1,infertile
/content/training/infertile.infertile1180 Small.png.4gbb68a5.ingestion-6bf64f87d9-nkxcl.jpg,1,infertile
/content/training/infertile.infertile-389.jpg.4gbb689r.ingestion-6bf64f87d9-gzjsg.jpg,1,infertile
/content/training/infertile.infertile1438 Small.png.4gbb688t.ingestion-6bf64f87d9-q9rsg.jpg,1,infertile
/content/training/infertile.infertile1112 Small.png.4gbb68bm.ingestion-6bf64f87d9-nkxcl.jpg,1,infertile
/content/training/infertile.infertile1075 Small.png.4gbb68fc.ingestion-6bf64f87d9-q9rsg.jpg,1,infertile
/content/training/infertile.infertile-376.jpg.4gbb68ef.ingestion-6bf64f87d9-gzjsg.jpg,1,infertile
/content/training/infertile.infertile-377.jpg.4gbb68i5.ingestion-6bf64f87d9-nkxcl.jpg,1,infertile
/content/training/infertile.infertile-363.jpg.4gbb68jc.ingestion-6bf64f87d9-q9rsg.jpg,1,infertile
/content/training/infertile.infertile1239 Small.png.4gbb68ku.ingestion-6bf64f87d9-nkxcl.jpg,1,infertile
/content/training/infertile.infertile-834.jpg.4gbb68qf.ingestion-6bf64f87d9-q9rsg.jpg,1,infertile
/content/training/infertile.infertile-175.jpg.4gbb68q5.ingestion-6bf64f87d9-nkxcl.jpg,1,infertile
/content/training/infertile.infertile-17.jpg.4gbb6900.ingestion-6bf64f87d9-nkxcl.jpg,1,infertile
/content/training/infertile.infertile-149.jpg.4gbb6917.ingestion-6bf64f87d9-q9rsg.jpg,1,infertile
/content/training/infertile.infertile-820.jpg.4gbb694t.ingestion-6bf64f87d9-q9rsg.jpg,1,infertile
/content/training/infertile.infertile-940.jpg.4gbb696e.ingestion-6bf64f87d9-q9rsg.jpg,1,infertile
/content/training/infertile.infertile-773.jpg.4gbb69ca.ingestion-6bf64f87d9-gzjsg.jpg,1,infertile
/content/training/infertile.infertile-983.jpg.4gbb69gt.ingestion-6bf64f87d9-gzjsg.jpg,1,infertile
/content/training/infertile.infertile-607.jpg.4gbb69j4.ingestion-6bf64f87d9-gzjsg.jpg,1,infertile
/content/training/infertile.infertile-798.jpg.4gbb69pr.ingestion-6bf64f87d9-nkxcl.jpg,1,infertile
/content/training/infertile.infertile-767.jpg.4gbb6a0e.ingestion-6bf64f87d9-nkxcl.jpg,1,infertile
/content/training/infertile.infertile1127 Small.png.4gbb6a5h.ingestion-6bf64f87d9-nkxcl.jpg,1,infertile
/content/training/infertile.infertile-502.jpg.4gbb6a8t.ingestion-6bf64f87d9-gzjsg.jpg,1,infertile
/content/training/infertile.infertile1257 Small.png.4gbb6a9t.ingestion-6bf64f87d9-q9rsg.jpg,1,infertile
/content/training/infertile.infertile-264.jpg.4gbb6abc.ingestion-6bf64f87d9-nkxcl.jpg,1,infertile
/content/training/infertile.infertile-217.jpg.4gbb6adh.ingestion-6bf64f87d9-nkxcl.jpg,1,infertile
/content/training/infertile.infertile-559.jpg.4gbb6ag0.ingestion-6bf64f87d9-gzjsg.jpg,1,infertile
/content/training/infertile.infertile-565.jpg.4gbb6ad7.ingestion-6bf64f87d9-q9rsg.jpg,1,infertile
/content/training/infertile.infertile-571.jpg.4gbb6af2.ingestion-6bf64f87d9-q9rsg.jpg,1,infertile
/content/training/infertile.infertile-258.jpg.4gbb6akj.ingestion-6bf64f87d9-q9rsg.jpg,1,infertile
/content/training/infertile.infertile-270.jpg.4gbb6am5.ingestion-6bf64f87d9-gzjsg.jpg,1,infertile
/content/training/infertile.infertile-714.jpg.4gbb6alr.ingestion-6bf64f87d9-gzjsg.jpg,1,infertile
/content/training/infertile.infertile1294 Small.png.4gbb6anm.ingestion-6bf64f87d9-nkxcl.jpg,1,infertile
/content/training/infertile.infertile-728.jpg.4gbb6aqo.ingestion-6bf64f87d9-gzjsg.jpg,1,infertile
/content/training/infertile.infertile-933.jpg.4gbb6ath.ingestion-6bf64f87d9-q9rsg.jpg,1,infertile
/content/training/infertile.infertile-927.jpg.4gbb6av2.ingestion-6bf64f87d9-gzjsg.jpg,1,infertile
/content/training/infertile.infertile-106.jpg.4gbb6b17.ingestion-6bf64f87d9-q9rsg.jpg,1,infertile
/content/training/infertile.infertile1227 Small.png.4gbb6b2p.ingestion-6bf64f87d9-nkxcl.jpg,1,infertile
/content/training/infertile.infertile-884.jpg.4gbb6b6o.ingestion-6bf64f87d9-q9rsg.jpg,1,infertile
/content/training/infertile.infertile1413 Small.png.4gbb6bb2.ingestion-6bf64f87d9-q9rsg.jpg,1,infertile
/content/training/infertile.infertile1407 Small.png.4gbb6bga.ingestion-6bf64f87d9-nkxcl.jpg,1,infertile
/content/training/infertile.infertile-853.jpg.4gbb6bnp.ingestion-6bf64f87d9-gzjsg.jpg,1,infertile
/content/training/infertile.infertile-674.jpg.4gbb6bqf.ingestion-6bf64f87d9-nkxcl.jpg,1,infertile
/content/training/infertile.infertile-890.jpg.4gbb6bvc.ingestion-6bf64f87d9-gzjsg.jpg,1,infertile
/content/training/infertile.infertile-476.jpg.4gbb6bv2.ingestion-6bf64f87d9-nkxcl.jpg,1,infertile
/content/training/infertile.infertile1005 Small.png.4gbb6c6o.ingestion-6bf64f87d9-q9rsg.jpg,1,infertile
/content/training/infertile.infertile1280 Small.png.4gbb6c9r.ingestion-6bf64f87d9-nkxcl.jpg,1,infertile
/content/training/infertile.infertile-70.jpg.4gbb6c8j.ingestion-6bf64f87d9-q9rsg.jpg,1,infertile
/content/training/infertile.infertile1249 Small.png.4gbb6cb2.ingestion-6bf64f87d9-q9rsg.jpg,1,infertile
/content/training/infertile.infertile1469 Small.png.4gbb6c9h.ingestion-6bf64f87d9-nkxcl.jpg,1,infertile
/content/training/infertile.infertile-64.jpg.4gbb6cbm.ingestion-6bf64f87d9-nkxcl.jpg,1,infertile
/content/training/infertile.infertile-304.jpg.4gbb6cg0.ingestion-6bf64f87d9-q9rsg.jpg,1,infertile
/content/training/infertile.infertile-489.jpg.4gbb6cf2.ingestion-6bf64f87d9-gzjsg.jpg,1,infertile
/content/training/infertile.infertile-462.jpg.4gbb6cgt.ingestion-6bf64f87d9-gzjsg.jpg,1,infertile
/content/training/infertile.infertile-488.jpg.4gbb6cif.ingestion-6bf64f87d9-nkxcl.jpg,1,infertile
/content/training/infertile.infertile-338.jpg.4gbb6ck0.ingestion-6bf64f87d9-gzjsg.jpg,1,infertile
/content/training/infertile.infertile1233 Small.png.4gbb6cku.ingestion-6bf64f87d9-nkxcl.jpg,1,infertile
/content/training/infertile.infertile-846.jpg.4gbb6dhj.ingestion-6bf64f87d9-q9rsg.jpg,1,infertile
/content/training/infertile.infertile-852.jpg.4gbb6dhl.ingestion-6bf64f87d9-gzjsg.jpg,1,infertile
/content/training/infertile.infertile-477.jpg.4gbb6dhr.ingestion-6bf64f87d9-nkxcl.jpg,1,infertile
/content/training/infertile.infertile-649.jpg.4gbb6dhk.ingestion-6bf64f87d9-nkxcl.jpg,1,infertile
/content/training/infertile.infertile-463.jpg.4gbb6dr2.ingestion-6bf64f87d9-nkxcl.jpg,1,infertile
/content/training/infertile.infertile-339.jpg.4gbb6dth.ingestion-6bf64f87d9-q9rsg.jpg,1,infertile
/content/training/infertile.infertile1432 Small.png.4gbb6e1h.ingestion-6bf64f87d9-nkxcl.jpg,1,infertile
/content/training/infertile.infertile-891.jpg.4gbb6e2o.ingestion-6bf64f87d9-q9rsg.jpg,1,infertile
/content/training/infertile.infertile-113.jpg.4gbb6e4j.ingestion-6bf64f87d9-q9rsg.jpg,1,infertile
/content/training/infertile.infertile1268 Small.png.4gbb6e5h.ingestion-6bf64f87d9-nkxcl.jpg,1,infertile
/content/training/infertile.infertile-305.jpg.4gbb6e57.ingestion-6bf64f87d9-gzjsg.jpg,1,infertile
/content/training/infertile.infertile-59.jpg.4gbb6e4t.ingestion-6bf64f87d9-gzjsg.jpg,1,infertile
/content/training/infertile.infertile-885.jpg.4gbb6e4j.ingestion-6bf64f87d9-gzjsg.jpg,1,infertile
/content/training/infertile.infertile1212 Small.png.4gbb6edh.ingestion-6bf64f87d9-q9rsg.jpg,1,infertile
/content/training/infertile.infertile-926.jpg.4gbb6elh.ingestion-6bf64f87d9-gzjsg.jpg,1,infertile
/content/training/infertile.infertile1448 Small.png.4gbb6emf.ingestion-6bf64f87d9-gzjsg.jpg,1,infertile
/content/training/infertile.infertile1162 Small.png.4gbb6end.ingestion-6bf64f87d9-q9rsg.jpg,1,infertile
/content/training/infertile.infertile-675.jpg.4gbb6en2.ingestion-6bf64f87d9-nkxcl.jpg,1,infertile
/content/training/infertile.infertile1354 Small.png.4gbb6eo0.ingestion-6bf64f87d9-q9rsg.jpg,1,infertile
/content/training/infertile.infertile-932.jpg.4gbb6ep7.ingestion-6bf64f87d9-nkxcl.jpg,1,infertile
/content/training/infertile.infertile1030 Small.png.4gbb6f1h.ingestion-6bf64f87d9-q9rsg.jpg,1,infertile
/content/training/infertile.infertile1340 Small.png.4gbb6f6p.ingestion-6bf64f87d9-nkxcl.jpg,1,infertile
/content/training/infertile.infertile1389 Small.png.4gbb6fa7.ingestion-6bf64f87d9-q9rsg.jpg,1,infertile
/content/training/infertile.infertile-503.jpg.4gbb6fe5.ingestion-6bf64f87d9-nkxcl.jpg,1,infertile
/content/training/infertile.infertile-259.jpg.4gbb6fct.ingestion-6bf64f87d9-gzjsg.jpg,1,infertile
/content/training/infertile.infertile-729.jpg.4gbb6fn3.ingestion-6bf64f87d9-gzjsg.jpg,1,infertile
/content/training/infertile.infertile1206 Small.png.4gbb6fnc.ingestion-6bf64f87d9-nkxcl.jpg,1,infertile
/content/training/infertile.infertile-271.jpg.4gbb6fnm.ingestion-6bf64f87d9-gzjsg.jpg,1,infertile
/content/training/infertile.infertile-501.jpg.4gbb6fph.ingestion-6bf64f87d9-gzjsg.jpg,1,infertile
/content/training/infertile.infertile-701.jpg.4gbb6fp7.ingestion-6bf64f87d9-nkxcl.jpg,1,infertile
/content/training/infertile.infertile-517.jpg.4gbb6foj.ingestion-6bf64f87d9-nkxcl.jpg,1,infertile
/content/training/infertile.infertile-515.jpg.4gbb6fpr.ingestion-6bf64f87d9-nkxcl.jpg,1,infertile
/content/training/infertile.infertile1426 Small.png.4gbb6g02.ingestion-6bf64f87d9-nkxcl.jpg,1,infertile
/content/training/infertile.infertile-529.jpg.4gbb6fvm.ingestion-6bf64f87d9-gzjsg.jpg,1,infertile
/content/training/infertile.infertile-298.jpg.4gbb6g17.ingestion-6bf64f87d9-nkxcl.jpg,1,infertile
/content/training/infertile.infertile-703.jpg.4gbb6g6f.ingestion-6bf64f87d9-nkxcl.jpg,1,infertile
/content/training/infertile.infertile-267.jpg.4gbb6g72.ingestion-6bf64f87d9-q9rsg.jpg,1,infertile
/content/training/infertile.infertile-918.jpg.4gbb6g9r.ingestion-6bf64f87d9-gzjsg.jpg,1,infertile
/content/training/infertile.infertile-273.jpg.4gbb6gaf.ingestion-6bf64f87d9-q9rsg.jpg,1,infertile
/content/training/infertile.infertile-924.jpg.4gbb6geo.ingestion-6bf64f87d9-gzjsg.jpg,1,infertile
/content/training/infertile.infertile-930.jpg.4gbb6gj2.ingestion-6bf64f87d9-gzjsg.jpg,1,infertile
/content/training/infertile.infertile1470 Small.png.4gbb6gp7.ingestion-6bf64f87d9-gzjsg.jpg,1,infertile
/content/training/infertile.infertile1072 Small.png.4gbb6gmr.ingestion-6bf64f87d9-gzjsg.jpg,1,infertile
/content/training/infertile.infertile-98.jpg.4gbb6gqf.ingestion-6bf64f87d9-nkxcl.jpg,1,infertile
/content/training/infertile.infertile-717.jpg.4gbb6gt7.ingestion-6bf64f87d9-q9rsg.jpg,1,infertile
/content/training/infertile.infertile-105.jpg.4gbb6gst.ingestion-6bf64f87d9-gzjsg.jpg,1,infertile
/content/training/infertile.infertile-111.jpg.4gbb6grm.ingestion-6bf64f87d9-q9rsg.jpg,1,infertile
/content/training/infertile.infertile1316 Small.png.4gbb6h0a.ingestion-6bf64f87d9-nkxcl.jpg,1,infertile
/content/training/infertile.infertile-663.jpg.4gbb6h1h.ingestion-6bf64f87d9-q9rsg.jpg,1,infertile
/content/training/infertile.infertile1120 Small.png.4gbb6h3m.ingestion-6bf64f87d9-q9rsg.jpg,1,infertile
/content/training/infertile.infertile1302 Small.png.4gbb6ha5.ingestion-6bf64f87d9-nkxcl.jpg,1,infertile
/content/training/infertile.infertile1299 Small.png.4gbb6h77.ingestion-6bf64f87d9-q9rsg.jpg,1,infertile
/content/training/infertile.infertile-878.jpg.4gbb6hbb.ingestion-6bf64f87d9-q9rsg.jpg,1,infertile
/content/training/infertile.infertile-844.jpg.4gbb6hjm.ingestion-6bf64f87d9-nkxcl.jpg,1,infertile
/content/training/infertile.infertile-313.jpg.4gbb6hkt.ingestion-6bf64f87d9-q9rsg.jpg,1,infertile
/content/training/infertile.infertile1464 Small.png.4gbb6hlr.ingestion-6bf64f87d9-gzjsg.jpg,1,infertile
/content/training/infertile.infertile-475.jpg.4gbb6hot.ingestion-6bf64f87d9-q9rsg.jpg,1,infertile
/content/training/infertile.infertile1134 Small.png.4gbb6hrm.ingestion-6bf64f87d9-nkxcl.jpg,1,infertile
/content/training/infertile.infertile-887.jpg.4gbb6hup.ingestion-6bf64f87d9-gzjsg.jpg,1,infertile
/content/training/infertile.infertile-688.jpg.4gbb6huo.ingestion-6bf64f87d9-gzjsg.jpg,1,infertile
/content/training/infertile.infertile-67.jpg.4gbb6i0j.ingestion-6bf64f87d9-q9rsg.jpg,1,infertile
/content/training/infertile.infertile1008 Small.png.4gbb6i0a.ingestion-6bf64f87d9-gzjsg.jpg,1,infertile
/content/training/infertile.infertile-449.jpg.4gbb6i1r.ingestion-6bf64f87d9-nkxcl.jpg,1,infertile
/content/training/infertile.infertile1265 Small.png.4gbb6i3d.ingestion-6bf64f87d9-q9rsg.jpg,1,infertile
/content/training/infertile.infertile-73.jpg.4gbb6i3m.ingestion-6bf64f87d9-gzjsg.jpg,1,infertile
/content/training/infertile.infertile1053 Small.png.4gbb6i57.ingestion-6bf64f87d9-gzjsg.jpg,1,infertile
/content/training/infertile.infertile1323 Small.png.4gbb6i6f.ingestion-6bf64f87d9-nkxcl.jpg,1,infertile
/content/training/infertile.infertile1187 Small.png.4gbb6i72.ingestion-6bf64f87d9-nkxcl.jpg,1,infertile
/content/training/infertile.infertile1378 Small.png.4gbb6i8k.ingestion-6bf64f87d9-nkxcl.jpg,1,infertile
/content/training/infertile.infertile1115 Small.png.4gbb6ief.ingestion-6bf64f87d9-q9rsg.jpg,1,infertile
/content/training/infertile.infertile-448.jpg.4gbb6ilh.ingestion-6bf64f87d9-nkxcl.jpg,1,infertile
/content/training/infertile.infertile1359 Small.png.4gbb6imo.ingestion-6bf64f87d9-nkxcl.jpg,1,infertile
/content/training/infertile.infertile-845.jpg.4gbb6j42.ingestion-6bf64f87d9-q9rsg.jpg,1,infertile
/content/training/infertile.infertile-312.jpg.4gbb6j32.ingestion-6bf64f87d9-gzjsg.jpg,1,infertile
/content/training/infertile.infertile-851.jpg.4gbb6j42.ingestion-6bf64f87d9-gzjsg.jpg,1,infertile
/content/training/infertile.infertile-138.jpg.4gbb6j42.ingestion-6bf64f87d9-nkxcl.jpg,1,infertile
/content/training/infertile.infertile-689.jpg.4gbb6j7c.ingestion-6bf64f87d9-gzjsg.jpg,1,infertile
/content/training/infertile.infertile-104.jpg.4gbb6j8k.ingestion-6bf64f87d9-nkxcl.jpg,1,infertile
/content/training/infertile.infertile-474.jpg.4gbb6jaf.ingestion-6bf64f87d9-q9rsg.jpg,1,infertile
/content/training/infertile.infertile-879.jpg.4gbb6j9r.ingestion-6bf64f87d9-q9rsg.jpg,1,infertile
/content/training/infertile.infertile-306.jpg.4gbb6jca.ingestion-6bf64f87d9-q9rsg.jpg,1,infertile
/content/training/infertile.infertile-99.jpg.4gbb6jg0.ingestion-6bf64f87d9-q9rsg.jpg,1,infertile
/content/training/infertile.infertile-662.jpg.4gbb6jep.ingestion-6bf64f87d9-nkxcl.jpg,1,infertile
/content/training/infertile.infertile-72.jpg.4gbb6jio.ingestion-6bf64f87d9-nkxcl.jpg,1,infertile
/content/training/infertile.infertile-110.jpg.4gbb6jif.ingestion-6bf64f87d9-nkxcl.jpg,1,infertile
/content/training/infertile.infertile-886.jpg.4gbb6jjm.ingestion-6bf64f87d9-nkxcl.jpg,1,infertile
/content/training/infertile.infertile-892.jpg.4gbb6jk0.ingestion-6bf64f87d9-q9rsg.jpg,1,infertile
/content/training/infertile.infertile-66.jpg.4gbb6jkj.ingestion-6bf64f87d9-q9rsg.jpg,1,infertile
/content/training/infertile.infertile1445 Small.png.4gbb6jkt.ingestion-6bf64f87d9-gzjsg.jpg,1,infertile
/content/training/infertile.infertile1029 Small.png.4gbb6jsk.ingestion-6bf64f87d9-gzjsg.jpg,1,infertile
/content/training/infertile.infertile-931.jpg.4gbb6jrk.ingestion-6bf64f87d9-q9rsg.jpg,1,infertile
/content/training/infertile.infertile-919.jpg.4gbb6jrt.ingestion-6bf64f87d9-nkxcl.jpg,1,infertile
/content/training/infertile.infertile-702.jpg.4gbb6jvo.ingestion-6bf64f87d9-q9rsg.jpg,1,infertile
/content/training/infertile.infertile-925.jpg.4gbb6jso.ingestion-6bf64f87d9-gzjsg.jpg,1,infertile
/content/training/infertile.infertile-528.jpg.4gbb6k40.ingestion-6bf64f87d9-q9rsg.jpg,1,infertile
/content/training/infertile.infertile1047 Small.png.4gbb6k8g.ingestion-6bf64f87d9-q9rsg.jpg,1,infertile
/content/training/infertile.infertile-272.jpg.4gbb6kb2.ingestion-6bf64f87d9-nkxcl.jpg,1,infertile
/content/training/infertile.infertile1451 Small.png.4gbb6kgu.ingestion-6bf64f87d9-gzjsg.jpg,1,infertile
/content/training/infertile.infertile-299.jpg.4gbb6ki5.ingestion-6bf64f87d9-nkxcl.jpg,1,infertile
/content/training/infertile.infertile-276.jpg.4gbb6klr.ingestion-6bf64f87d9-q9rsg.jpg,1,infertile
/content/training/infertile.infertile-514.jpg.4gbb6l0a.ingestion-6bf64f87d9-gzjsg.jpg,1,infertile
/content/training/infertile.infertile1271 Small.png.4gbb6l32.ingestion-6bf64f87d9-q9rsg.jpg,1,infertile
/content/training/infertile.infertile-538.jpg.4gbb6l6f.ingestion-6bf64f87d9-q9rsg.jpg,1,infertile
/content/training/infertile.infertile-921.jpg.4gbb6l80.ingestion-6bf64f87d9-gzjsg.jpg,1,infertile
/content/training/infertile.infertile-510.jpg.4gbb6lc0.ingestion-6bf64f87d9-gzjsg.jpg,1,infertile
/content/training/infertile.infertile1487 Small.png.4gbb6lga.ingestion-6bf64f87d9-nkxcl.jpg,1,infertile
/content/training/infertile.infertile1352 Small.png.4gbb6lje.ingestion-6bf64f87d9-gzjsg.jpg,1,infertile
/content/training/infertile.infertile-909.jpg.4gbb6lio.ingestion-6bf64f87d9-q9rsg.jpg,1,infertile
/content/training/infertile.infertile-706.jpg.4gbb6llh.ingestion-6bf64f87d9-nkxcl.jpg,1,infertile
/content/training/infertile.infertile1214 Small.png.4gbb6llh.ingestion-6bf64f87d9-gzjsg.jpg,1,infertile
/content/training/infertile.infertile-712.jpg.4gbb6ln2.ingestion-6bf64f87d9-q9rsg.jpg,1,infertile
/content/training/infertile.infertile-128.jpg.4gbb6ln2.ingestion-6bf64f87d9-nkxcl.jpg,1,infertile
/content/training/infertile.infertile-882.jpg.4gbb6lq5.ingestion-6bf64f87d9-gzjsg.jpg,1,infertile
/content/training/infertile.infertile-114.jpg.4gbb6luf.ingestion-6bf64f87d9-gzjsg.jpg,1,infertile
/content/training/infertile.infertile1434 Small.png.4gbb6m3d.ingestion-6bf64f87d9-nkxcl.jpg,1,infertile
/content/training/infertile.infertile1328 Small.png.4gbb6m5r.ingestion-6bf64f87d9-gzjsg.jpg,1,infertile
/content/training/infertile.infertile-855.jpg.4gbb6m9r.ingestion-6bf64f87d9-gzjsg.jpg,1,infertile
/content/training/infertile.infertile1420 Small.png.4gbb6mdr.ingestion-6bf64f87d9-q9rsg.jpg,1,infertile
/content/training/infertile.infertile-841.jpg.4gbb6mif.ingestion-6bf64f87d9-nkxcl.jpg,1,infertile
/content/training/infertile.infertile-869.jpg.4gbb6mjm.ingestion-6bf64f87d9-q9rsg.jpg,1,infertile
/content/training/infertile.infertile-458.jpg.4gbb6moj.ingestion-6bf64f87d9-q9rsg.jpg,1,infertile
/content/training/infertile.infertile1036 Small.png.4gbb6mn2.ingestion-6bf64f87d9-nkxcl.jpg,1,infertile
/content/training/infertile.infertile-672.jpg.4gbb6moa.ingestion-6bf64f87d9-nkxcl.jpg,1,infertile
/content/training/infertile.infertile-89.jpg.4gbb6mp7.ingestion-6bf64f87d9-q9rsg.jpg,1,infertile
/content/training/infertile.infertile1085 Small.png.4gbb6mrm.ingestion-6bf64f87d9-gzjsg.jpg,1,infertile
/content/training/infertile.infertile-666.jpg.4gbb6mth.ingestion-6bf64f87d9-nkxcl.jpg,1,infertile
/content/training/infertile.infertile-62.jpg.4gbb6mvm.ingestion-6bf64f87d9-nkxcl.jpg,1,infertile
/content/training/infertile.infertile-464.jpg.4gbb6n4a.ingestion-6bf64f87d9-q9rsg.jpg,1,infertile
/content/training/infertile.infertile-699.jpg.4gbb6n57.ingestion-6bf64f87d9-gzjsg.jpg,1,infertile
/content/training/infertile.infertile1493 Small.png.4gbb6n6e.ingestion-6bf64f87d9-gzjsg.jpg,1,infertile
/content/training/infertile.infertile1200 Small.png.4gbb6n9h.ingestion-6bf64f87d9-gzjsg.jpg,1,infertile
/content/training/infertile.infertile-470.jpg.4gbb6nct.ingestion-6bf64f87d9-gzjsg.jpg,1,infertile
/content/training/infertile.infertile1346 Small.png.4gbb6nfc.ingestion-6bf64f87d9-q9rsg.jpg,1,infertile
/content/training/infertile.infertile-302.jpg.4gbb6nkt.ingestion-6bf64f87d9-gzjsg.jpg,1,infertile
/content/training/infertile.infertile1017 Small.png.4gbb6nlr.ingestion-6bf64f87d9-q9rsg.jpg,1,infertile
/content/training/infertile.infertile-868.jpg.4gbb6no2.ingestion-6bf64f87d9-gzjsg.jpg,1,infertile
/content/training/infertile.infertile1292 Small.png.4gbb6nrf.ingestion-6bf64f87d9-q9rsg.jpg,1,infertile
/content/training/infertile.infertile1401 Small.png.4gbb6nqp.ingestion-6bf64f87d9-nkxcl.jpg,1,infertile
/content/training/infertile.infertile-840.jpg.4gbb6nsj.ingestion-6bf64f87d9-q9rsg.jpg,1,infertile
/content/training/infertile.infertile-698.jpg.4gbb6ntr.ingestion-6bf64f87d9-gzjsg.jpg,1,infertile
/content/training/infertile.infertile-471.jpg.4gbb6o2o.ingestion-6bf64f87d9-q9rsg.jpg,1,infertile
/content/training/infertile.infertile-317.jpg.4gbb6o3c.ingestion-6bf64f87d9-gzjsg.jpg,1,infertile
/content/training/infertile.infertile-459.jpg.4gbb6o4a.ingestion-6bf64f87d9-nkxcl.jpg,1,infertile
/content/training/infertile.infertile1221 Small.png.4gbb6o5r.ingestion-6bf64f87d9-nkxcl.jpg,1,infertile
/content/training/infertile.infertile-77.jpg.4gbb6o7c.ingestion-6bf64f87d9-q9rsg.jpg,1,infertile
/content/training/infertile.infertile1198 Small.png.4gbb6o7c.ingestion-6bf64f87d9-nkxcl.jpg,1,infertile
/content/training/infertile.infertile-63.jpg.4gbb6oe5.ingestion-6bf64f87d9-gzjsg.jpg,1,infertile
/content/training/infertile.infertile-101.jpg.4gbb6oka.ingestion-6bf64f87d9-nkxcl.jpg,1,infertile
/content/training/infertile.infertile-115.jpg.4gbb6omo.ingestion-6bf64f87d9-gzjsg.jpg,1,infertile
/content/training/infertile.infertile-129.jpg.4gbb6oo0.ingestion-6bf64f87d9-nkxcl.jpg,1,infertile
/content/training/infertile.infertile-934.jpg.4gbb6ost.ingestion-6bf64f87d9-nkxcl.jpg,1,infertile
/content/training/infertile.infertile-920.jpg.4gbb6ou6.ingestion-6bf64f87d9-q9rsg.jpg,1,infertile
/content/training/infertile.infertile-713.jpg.4gbb6ovc.ingestion-6bf64f87d9-gzjsg.jpg,1,infertile
/content/training/infertile.infertile-908.jpg.4gbb6p1r.ingestion-6bf64f87d9-q9rsg.jpg,1,infertile
/content/training/infertile.infertile1367 Small.png.4gbb6p4v.ingestion-6bf64f87d9-q9rsg.jpg,1,infertile
/content/training/infertile.infertile-707.jpg.4gbb6p72.ingestion-6bf64f87d9-nkxcl.jpg,1,infertile
/content/training/infertile.infertile-88.jpg.4gbb6p8u.ingestion-6bf64f87d9-gzjsg.jpg,1,infertile
/content/training/infertile.infertile-667.jpg.4gbb6p80.ingestion-6bf64f87d9-q9rsg.jpg,1,infertile
/content/training/infertile.infertile-883.jpg.4gbb6pca.ingestion-6bf64f87d9-q9rsg.jpg,1,infertile
/content/training/infertile.infertile-288.jpg.4gbb6pca.ingestion-6bf64f87d9-nkxcl.jpg,1,infertile
/content/training/infertile.infertile-505.jpg.4gbb6pjm.ingestion-6bf64f87d9-q9rsg.jpg,1,infertile
/content/training/infertile.infertile1145 Small.png.4gbb6pjn.ingestion-6bf64f87d9-gzjsg.jpg,1,infertile
/content/training/infertile.infertile-263.jpg.4gbb6pmf.ingestion-6bf64f87d9-nkxcl.jpg,1,infertile
/content/training/infertile.infertile1079 Small.png.4gbb6pl7.ingestion-6bf64f87d9-gzjsg.jpg,1,infertile
/content/training/infertile.infertile1309 Small.png.4gbb6po0.ingestion-6bf64f87d9-q9rsg.jpg,1,infertile
/content/training/infertile.infertile1235 Small.png.4gbb6pp7.ingestion-6bf64f87d9-q9rsg.jpg,1,infertile
/content/training/infertile.infertile-277.jpg.4gbb6psu.ingestion-6bf64f87d9-q9rsg.jpg,1,infertile
/content/training/infertile.infertile1286 Small.png.4gbb6pth.ingestion-6bf64f87d9-gzjsg.jpg,1,infertile
/content/training/infertile.infertile1415 Small.png.4gbb6psb.ingestion-6bf64f87d9-nkxcl.jpg,1,infertile
/content/training/infertile.infertile-511.jpg.4gbb6pu5.ingestion-6bf64f87d9-nkxcl.jpg,1,infertile
/content/training/infertile.infertile1325 Small.png.4gbb6qeo.ingestion-6bf64f87d9-q9rsg.jpg,1,infertile
/content/training/infertile.infertile-539.jpg.4gbb6qh0.ingestion-6bf64f87d9-gzjsg.jpg,1,infertile
/content/training/infertile.infertile-249.jpg.4gbb6qot.ingestion-6bf64f87d9-gzjsg.jpg,1,infertile
/content/training/infertile.infertile1219 Small.png.4gbb6qou.ingestion-6bf64f87d9-q9rsg.jpg,1,infertile
/content/training/infertile.infertile-275.jpg.4gbb6qsk.ingestion-6bf64f87d9-q9rsg.jpg,1,infertile
/content/training/infertile.infertile-513.jpg.4gbb6qqp.ingestion-6bf64f87d9-nkxcl.jpg,1,infertile
/content/training/infertile.infertile-936.jpg.4gbb6quf.ingestion-6bf64f87d9-nkxcl.jpg,1,infertile
/content/training/infertile.infertile-922.jpg.4gbb6r00.ingestion-6bf64f87d9-q9rsg.jpg,1,infertile
/content/training/infertile.infertile-261.jpg.4gbb6r00.ingestion-6bf64f87d9-nkxcl.jpg,1,infertile
/content/training/infertile.infertile1396 Small.png.4gbb6r00.ingestion-6bf64f87d9-gzjsg.jpg,1,infertile
/content/training/infertile.infertile1443 Small.png.4gbb6r18.ingestion-6bf64f87d9-q9rsg.jpg,1,infertile
/content/training/infertile.infertile1169 Small.png.4gbb6r25.ingestion-6bf64f87d9-gzjsg.jpg,1,infertile
/content/training/infertile.infertile-507.jpg.4gbb6r2p.ingestion-6bf64f87d9-nkxcl.jpg,1,infertile
/content/training/infertile.infertile1439 Small.png.4gbb6r5a.ingestion-6bf64f87d9-nkxcl.jpg,1,infertile
/content/training/infertile.infertile-881.jpg.4gbb6r72.ingestion-6bf64f87d9-gzjsg.jpg,1,infertile
/content/training/infertile.infertile1263 Small.png.4gbb6r8k.ingestion-6bf64f87d9-gzjsg.jpg,1,infertile
/content/training/infertile.infertile-671.jpg.4gbb6rh8.ingestion-6bf64f87d9-q9rsg.jpg,1,infertile
/content/training/infertile.infertile-117.jpg.4gbb6rip.ingestion-6bf64f87d9-gzjsg.jpg,1,infertile
/content/training/infertile.infertile-842.jpg.4gbb6rnc.ingestion-6bf64f87d9-gzjsg.jpg,1,infertile
/content/training/infertile.infertile-659.jpg.4gbb6rsk.ingestion-6bf64f87d9-nkxcl.jpg,1,infertile
/content/training/infertile.infertile-895.jpg.4gbb6rst.ingestion-6bf64f87d9-q9rsg.jpg,1,infertile
/content/training/infertile.infertile1277 Small.png.4gbb6ruf.ingestion-6bf64f87d9-nkxcl.jpg,1,infertile
/content/training/infertile.infertile-301.jpg.4gbb6s8u.ingestion-6bf64f87d9-q9rsg.jpg,1,infertile
/content/training/infertile.infertile-75.jpg.4gbb6sap.ingestion-6bf64f87d9-nkxcl.jpg,1,infertile
/content/training/infertile.infertile-315.jpg.4gbb6sa5.ingestion-6bf64f87d9-gzjsg.jpg,1,infertile
/content/training/infertile.infertile-856.jpg.4gbb6sef.ingestion-6bf64f87d9-q9rsg.jpg,1,infertile
/content/training/infertile.infertile-61.jpg.4gbb6sf2.ingestion-6bf64f87d9-gzjsg.jpg,1,infertile
/content/training/infertile.infertile1041 Small.png.4gbb6sdr.ingestion-6bf64f87d9-nkxcl.jpg,1,infertile
/content/training/infertile.infertile-473.jpg.4gbb6sc0.ingestion-6bf64f87d9-nkxcl.jpg,1,infertile
/content/training/infertile.infertile-314.jpg.4gbb6sl7.ingestion-6bf64f87d9-gzjsg.jpg,1,infertile
/content/training/infertile.infertile-49.jpg.4gbb6slr.ingestion-6bf64f87d9-nkxcl.jpg,1,infertile
/content/training/infertile.infertile-472.jpg.4gbb6sot.ingestion-6bf64f87d9-q9rsg.jpg,1,infertile
/content/training/infertile.infertile1331 Small.png.4gbb6sph.ingestion-6bf64f87d9-q9rsg.jpg,1,infertile
/content/training/infertile.infertile-329.jpg.4gbb6sq5.ingestion-6bf64f87d9-gzjsg.jpg,1,infertile
/content/training/infertile.infertile-466.jpg.4gbb6str.ingestion-6bf64f87d9-nkxcl.jpg,1,infertile
/content/training/infertile.infertile1457 Small.png.4gbb6sv2.ingestion-6bf64f87d9-gzjsg.jpg,1,infertile
/content/training/infertile.infertile-300.jpg.4gbb6sv2.ingestion-6bf64f87d9-q9rsg.jpg,1,infertile
/content/training/infertile.infertile-499.jpg.4gbb6t0t.ingestion-6bf64f87d9-q9rsg.jpg,1,infertile
/content/training/infertile.infertile-328.jpg.4gbb6t0j.ingestion-6bf64f87d9-gzjsg.jpg,1,infertile
/content/training/infertile.infertile-857.jpg.4gbb6t8t.ingestion-6bf64f87d9-q9rsg.jpg,1,infertile
/content/training/infertile.infertile1256 Small.png.4gbb6t9r.ingestion-6bf64f87d9-nkxcl.jpg,1,infertile
/content/training/infertile.infertile-843.jpg.4gbb6tbc.ingestion-6bf64f87d9-gzjsg.jpg,1,infertile
/content/training/infertile.infertile-670.jpg.4gbb6te5.ingestion-6bf64f87d9-q9rsg.jpg,1,infertile
/content/training/infertile.infertile-102.jpg.4gbb6tgk.ingestion-6bf64f87d9-nkxcl.jpg,1,infertile
/content/training/infertile.infertile-664.jpg.4gbb6thr.ingestion-6bf64f87d9-q9rsg.jpg,1,infertile
/content/training/infertile.infertile1310 Small.png.4gbb6tkk.ingestion-6bf64f87d9-nkxcl.jpg,1,infertile
/content/training/infertile.infertile-74.jpg.4gbb6tnc.ingestion-6bf64f87d9-nkxcl.jpg,1,infertile
/content/training/infertile.infertile-60.jpg.4gbb6tn2.ingestion-6bf64f87d9-nkxcl.jpg,1,infertile
/content/training/infertile.infertile-48.jpg.4gbb6tn2.ingestion-6bf64f87d9-gzjsg.jpg,1,infertile
/content/training/infertile.infertile1195 Small.png.4gbb6tr2.ingestion-6bf64f87d9-gzjsg.jpg,1,infertile
/content/training/fertile.fertile1123.jpg.4gqfhpgr.ingestion-5774855475-bd8w2.jpg,1,fertile
/content/training/fertile.fertile1137.jpg.4gqfhq7f.ingestion-5774855475-bgkc6.jpg,1,fertile
/content/training/fertile.fertile638.jpg.4gqfhqcv.ingestion-5774855475-bgkc6.jpg,1,fertile
/content/training/fertile.fertile-191.jpg.4gqfhq8g.ingestion-5774855475-bd8w2.jpg,1,fertile
/content/training/fertile.fertile-422.jpg.4gqfhqcd.ingestion-5774855475-lq9bd.jpg,1,fertile
/content/training/fertile.fertile837.jpg.4gqfhqer.ingestion-5774855475-bgkc6.jpg,1,fertile
/content/training/fertile.fertile610.jpg.4gqfhqha.ingestion-5774855475-bd8w2.jpg,1,fertile
/content/training/fertile.fertile823.jpg.4gqfhqjp.ingestion-5774855475-lq9bd.jpg,1,fertile
/content/training/fertile.fertile-344.jpg.4gqfhqsd.ingestion-5774855475-lq9bd.jpg,1,fertile
/content/training/fertile.fertile-185.jpg.4gqfhqta.ingestion-5774855475-lq9bd.jpg,1,fertile
/content/training/fertile.fertile-350.jpg.4gqfhqt0.ingestion-5774855475-bd8w2.jpg,1,fertile
/content/training/fertile.fertile-436.jpg.4gqfhqtu.ingestion-5774855475-bgkc6.jpg,1,fertile
/content/training/fertile.fertile-146.jpg.4gqfhqu8.ingestion-5774855475-lq9bd.jpg,1,fertile
/content/training/fertile.fertile1094.jpg.4gqfhqut.ingestion-5774855475-bgkc6.jpg,1,fertile
/content/training/fertile.fertile-38.jpg.4gqfhqu8.ingestion-5774855475-bd8w2.jpg,1,fertile
/content/training/fertile.fertile-378.jpg.4gqfhqsm.ingestion-5774855475-bgkc6.jpg,1,fertile
/content/training/fertile.fertile566.jpg.4gqfhqvk.ingestion-5774855475-bd8w2.jpg,1,fertile
/content/training/fertile.fertile1043.jpg.4gqfhr11.ingestion-5774855475-bgkc6.jpg,1,fertile
/content/training/fertile.fertile-152.jpg.4gqfhqtk.ingestion-5774855475-bd8w2.jpg,1,fertile
/content/training/fertile.fertile1057.jpg.4gqfhr11.ingestion-5774855475-lq9bd.jpg,1,fertile
/content/training/fertile.fertile1080.jpg.4gqfhr0n.ingestion-5774855475-bgkc6.jpg,1,fertile
/content/training/fertile.fertile572.jpg.4gqfhre1.ingestion-5774855475-lq9bd.jpg,1,fertile
/content/training/fertile.fertile770.jpg.4gqfhrhu.ingestion-5774855475-bd8w2.jpg,1,fertile
/content/training/fertile.fertile980.jpg.4gqfhrjq.ingestion-5774855475-bgkc6.jpg,1,fertile
/content/training/fertile.fertile-224.jpg.4gqfhrmh.ingestion-5774855475-bgkc6.jpg,1,fertile
/content/training/fertile.fertile-218.jpg.4gqfhs04.ingestion-5774855475-lq9bd.jpg,1,fertile
/content/training/fertile.fertile-230.jpg.4gqfhs12.ingestion-5774855475-bd8w2.jpg,1,fertile
/content/training/fertile.fertile942.jpg.4gqfhs7g.ingestion-5774855475-lq9bd.jpg,1,fertile
/content/training/fertile.fertile956.jpg.4gqfhs05.ingestion-5774855475-bgkc6.jpg,1,fertile
/content/training/fertile.fertile957.jpg.4gqfhs04.ingestion-5774855475-bgkc6.jpg,1,fertile
/content/training/fertile.fertile-542.jpg.4gqfhse0.ingestion-5774855475-lq9bd.jpg,1,fertile
/content/training/fertile.fertile995.jpg.4gqfhsdv.ingestion-5774855475-bd8w2.jpg,1,fertile
/content/training/fertile.fertile-225.jpg.4gqfhsdk.ingestion-5774855475-bgkc6.jpg,1,fertile
/content/training/fertile.fertile599.jpg.4gqfhson.ingestion-5774855475-lq9bd.jpg,1,fertile
/content/training/fertile.fertile981.jpg.4gqfhson.ingestion-5774855475-bd8w2.jpg,1,fertile
/content/training/fertile.fertile1042.jpg.4gqfhsq1.ingestion-5774855475-bd8w2.jpg,1,fertile
/content/training/fertile.fertile1056.jpg.4gqfhsq0.ingestion-5774855475-lq9bd.jpg,1,fertile
/content/training/fertile.fertile759.jpg.4gqfhspu.ingestion-5774855475-lq9bd.jpg,1,fertile
/content/training/fertile.fertile1081.jpg.4gqfhsrg.ingestion-5774855475-bgkc6.jpg,1,fertile
/content/training/fertile.fertile-543.jpg.4gqfhspv.ingestion-5774855475-lq9bd.jpg,1,fertile
/content/training/fertile.fertile1095.jpg.4gqfhsrq.ingestion-5774855475-bd8w2.jpg,1,fertile
/content/training/fertile.fertile-231.jpg.4gqfhsq0.ingestion-5774855475-bd8w2.jpg,1,fertile
/content/training/fertile.fertile943.jpg.4gqfhspu.ingestion-5774855475-bd8w2.jpg,1,fertile
/content/training/fertile.fertile567.jpg.4gqfhsrq.ingestion-5774855475-lq9bd.jpg,1,fertile
/content/training/fertile.fertile1136.jpg.4gqfht1l.ingestion-5774855475-bd8w2.jpg,1,fertile
/content/training/fertile.fertile771.jpg.4gqfht68.ingestion-5774855475-bgkc6.jpg,1,fertile
/content/training/fertile.fertile598.jpg.4gqfhtcn.ingestion-5774855475-bd8w2.jpg,1,fertile
/content/training/fertile.fertile573.jpg.4gqfhtdd.ingestion-5774855475-lq9bd.jpg,1,fertile
/content/training/fertile.fertile-11.jpg.4gqfhtfp.ingestion-5774855475-bgkc6.jpg,1,fertile
/content/training/fertile.fertile-147.jpg.4gqfhtqi.ingestion-5774855475-lq9bd.jpg,1,fertile
/content/training/fertile.fertile-423.jpg.4gqfhtts.ingestion-5774855475-bgkc6.jpg,1,fertile
/content/training/fertile.fertile-437.jpg.4gqfhu35.ingestion-5774855475-bd8w2.jpg,1,fertile
/content/training/fertile.fertile-184.jpg.4gqfhu4m.ingestion-5774855475-bgkc6.jpg,1,fertile
/content/training/fertile.fertile-190.jpg.4gqfhu64.ingestion-5774855475-bd8w2.jpg,1,fertile
/content/training/fertile.fertile639.jpg.4gqfhu3r.ingestion-5774855475-bgkc6.jpg,1,fertile
/content/training/fertile.fertile-345.jpg.4gqfhu88.ingestion-5774855475-lq9bd.jpg,1,fertile
/content/training/fertile.fertile836.jpg.4gqfhubv.ingestion-5774855475-bd8w2.jpg,1,fertile
/content/training/fertile.fertile611.jpg.4gqfhuc1.ingestion-5774855475-bgkc6.jpg,1,fertile
/content/training/fertile.fertile-351.jpg.4gqfhu8a.ingestion-5774855475-lq9bd.jpg,1,fertile
/content/training/fertile.fertile607.jpg.4gqfhuei.ingestion-5774855475-lq9bd.jpg,1,fertile
/content/training/fertile.fertile822.jpg.4gqfhudu.ingestion-5774855475-bgkc6.jpg,1,fertile
/content/training/fertile.fertile605.jpg.4gqfhuci.ingestion-5774855475-lq9bd.jpg,1,fertile
/content/training/fertile.fertile-392.jpg.4gqfhuk4.ingestion-5774855475-bd8w2.jpg,1,fertile
/content/training/fertile.fertile-384.jpg.4gqfhukd.ingestion-5774855475-bgkc6.jpg,1,fertile
/content/training/fertile.fertile-435.jpg.4gqfi03v.ingestion-5774855475-lq9bd.jpg,1,fertile
/content/training/fertile.fertile834.jpg.4gqfi083.ingestion-5774855475-bd8w2.jpg,1,fertile
/content/training/fertile.fertile1134.jpg.4gqfi0dc.ingestion-5774855475-lq9bd.jpg,1,fertile
/content/training/fertile.fertile-390.jpg.4gqfi0ha.ingestion-5774855475-bd8w2.jpg,1,fertile
/content/training/fertile.fertile-347.jpg.4gqfi0hm.ingestion-5774855475-lq9bd.jpg,1,fertile
/content/training/fertile.fertile808.jpg.4gqfi0i8.ingestion-5774855475-bd8w2.jpg,1,fertile
/content/training/fertile.fertile613.jpg.4gqfi0jp.ingestion-5774855475-bd8w2.jpg,1,fertile
/content/training/fertile.fertile-353.jpg.4gqfi0hk.ingestion-5774855475-bgkc6.jpg,1,fertile
/content/training/fertile.fertile-409.jpg.4gqfi0r5.ingestion-5774855475-bgkc6.jpg,1,fertile
/content/training/fertile.fertile1083.jpg.4gqfi0qj.ingestion-5774855475-bd8w2.jpg,1,fertile
/content/training/fertile.fertile-186.jpg.4gqfi0rf.ingestion-5774855475-lq9bd.jpg,1,fertile
/content/training/fertile.fertile820.jpg.4gqfi0rp.ingestion-5774855475-bd8w2.jpg,1,fertile
/content/training/fertile.fertile1108.jpg.4gqfi0n6.ingestion-5774855475-bd8w2.jpg,1,fertile
/content/training/fertile.fertile-192.jpg.4gqfi0s3.ingestion-5774855475-bgkc6.jpg,1,fertile
/content/training/fertile.fertile-421.jpg.4gqfi0vf.ingestion-5774855475-lq9bd.jpg,1,fertile
/content/training/fertile.fertile1097.jpg.4gqfi104.ingestion-5774855475-lq9bd.jpg,1,fertile
/content/training/fertile.fertile565.jpg.4gqfi104.ingestion-5774855475-bd8w2.jpg,1,fertile
/content/training/fertile.fertile1040.jpg.4gqfi127.ingestion-5774855475-bd8w2.jpg,1,fertile
/content/training/fertile.fertile-151.jpg.4gqfi0vp.ingestion-5774855475-bgkc6.jpg,1,fertile
/content/training/fertile.fertile559.jpg.4gqfi11l.ingestion-5774855475-bgkc6.jpg,1,fertile
/content/training/fertile.fertile-13.jpg.4gqfi17f.ingestion-5774855475-bgkc6.jpg,1,fertile
/content/training/fertile.fertile1068.jpg.4gqfi18n.ingestion-5774855475-bgkc6.jpg,1,fertile
/content/training/fertile.fertile-179.jpg.4gqfi175.ingestion-5774855475-lq9bd.jpg,1,fertile
/content/training/fertile.fertile571.jpg.4gqfi18m.ingestion-5774855475-bgkc6.jpg,1,fertile
/content/training/fertile.fertile983.jpg.4gqfi1ce.ingestion-5774855475-lq9bd.jpg,1,fertile
/content/training/fertile.fertile-227.jpg.4gqfi1g1.ingestion-5774855475-lq9bd.jpg,1,fertile
/content/training/fertile.fertile997.jpg.4gqfi1c4.ingestion-5774855475-bd8w2.jpg,1,fertile
/content/training/fertile.fertile-233.jpg.4gqfi1et.ingestion-5774855475-bd8w2.jpg,1,fertile
/content/training/fertile.fertile954.jpg.4gqfi1jt.ingestion-5774855475-bd8w2.jpg,1,fertile
/content/training/fertile.fertile955.jpg.4gqfi1qi.ingestion-5774855475-bd8w2.jpg,1,fertile
/content/training/fertile.fertile941.jpg.4gqfi1qm.ingestion-5774855475-lq9bd.jpg,1,fertile
/content/training/fertile.fertile767.jpg.4gqfi1pu.ingestion-5774855475-bgkc6.jpg,1,fertile
/content/training/fertile.fertile-226.jpg.4gqfi1rf.ingestion-5774855475-lq9bd.jpg,1,fertile
/content/training/fertile.fertile982.jpg.4gqfi1us.ingestion-5774855475-bgkc6.jpg,1,fertile
/content/training/fertile.fertile969.jpg.4gqfi1tb.ingestion-5774855475-bd8w2.jpg,1,fertile
/content/training/fertile.fertile-541.jpg.4gqfi1ur.ingestion-5774855475-bgkc6.jpg,1,fertile
/content/training/fertile.fertile-232.jpg.4gqfi1v8.ingestion-5774855475-lq9bd.jpg,1,fertile
/content/training/fertile.fertile798.jpg.4gqfi1vp.ingestion-5774855475-bgkc6.jpg,1,fertile
/content/training/fertile.fertile940.jpg.4gqfi20d.ingestion-5774855475-lq9bd.jpg,1,fertile
/content/training/fertile.fertile1041.jpg.4gqfi244.ingestion-5774855475-lq9bd.jpg,1,fertile
/content/training/fertile.fertile1069.jpg.4gqfi23q.ingestion-5774855475-bd8w2.jpg,1,fertile
/content/training/fertile.fertile1055.jpg.4gqfi244.ingestion-5774855475-bgkc6.jpg,1,fertile
/content/training/fertile.fertile-540.jpg.4gqfi2c3.ingestion-5774855475-bgkc6.jpg,1,fertile
/content/training/fertile.fertile799.jpg.4gqfi2c8.ingestion-5774855475-bd8w2.jpg,1,fertile
/content/training/fertile.fertile766.jpg.4gqfi2is.ingestion-5774855475-lq9bd.jpg,1,fertile
/content/training/fertile.fertile1082.jpg.4gqfi2k4.ingestion-5774855475-lq9bd.jpg,1,fertile
/content/training/fertile.fertile1109.jpg.4gqfi2n7.ingestion-5774855475-lq9bd.jpg,1,fertile
/content/training/fertile.fertile564.jpg.4gqfi2jq.ingestion-5774855475-bgkc6.jpg,1,fertile
/content/training/fertile.fertile570.jpg.4gqfi2lf.ingestion-5774855475-bgkc6.jpg,1,fertile
/content/training/fertile.fertile1121.jpg.4gqfi2rs.ingestion-5774855475-lq9bd.jpg,1,fertile
/content/training/fertile.fertile558.jpg.4gqfi33f.ingestion-5774855475-bd8w2.jpg,1,fertile
/content/training/fertile.fertile-178.jpg.4gqfi3pn.ingestion-5774855475-bd8w2.jpg,1,fertile
/content/training/fertile.fertile-144.jpg.4gqfi3qh.ingestion-5774855475-bd8w2.jpg,1,fertile
/content/training/fertile.fertile835.jpg.4gqfi3qs.ingestion-5774855475-bd8w2.jpg,1,fertile
/content/training/fertile.fertile-12.jpg.4gqfi3rp.ingestion-5774855475-bgkc6.jpg,1,fertile
/content/training/fertile.fertile821.jpg.4gqfi3sd.ingestion-5774855475-bd8w2.jpg,1,fertile
/content/training/fertile.fertile-352.jpg.4gqfi3tb.ingestion-5774855475-lq9bd.jpg,1,fertile
/content/training/fertile.fertile-434.jpg.4gqfi3tl.ingestion-5774855475-lq9bd.jpg,1,fertile
/content/training/fertile.fertile-391.jpg.4gqfi43r.ingestion-5774855475-bd8w2.jpg,1,fertile
/content/training/fertile.fertile-420.jpg.4gqfi40n.ingestion-5774855475-lq9bd.jpg,1,fertile
/content/training/fertile.fertile612.jpg.4gqfi45a.ingestion-5774855475-lq9bd.jpg,1,fertile
/content/training/fertile.fertile606.jpg.4gqfi46s.ingestion-5774855475-bgkc6.jpg,1,fertile
/content/training/fertile.fertile-385.jpg.4gqfi4kc.ingestion-5774855475-bd8w2.jpg,1,fertile
/content/training/fertile.fertile-346.jpg.4gqfi4k3.ingestion-5774855475-lq9bd.jpg,1,fertile
/content/training/fertile.fertile-381.jpg.4gqfi4ko.ingestion-5774855475-lq9bd.jpg,1,fertile
/content/training/fertile.fertile602.jpg.4gqfi4km.ingestion-5774855475-bgkc6.jpg,1,fertile
/content/training/fertile.fertile809.jpg.4gqfi4l0.ingestion-5774855475-lq9bd.jpg,1,fertile
/content/training/fertile.fertile-342.jpg.4gqfi4ps.ingestion-5774855475-bgkc6.jpg,1,fertile
/content/training/fertile.fertile-430.jpg.4gqfi4v6.ingestion-5774855475-bgkc6.jpg,1,fertile
/content/training/fertile.fertile-356.jpg.4gqfi4v5.ingestion-5774855475-bd8w2.jpg,1,fertile
/content/training/fertile.fertile825.jpg.4gqfi568.ingestion-5774855475-bgkc6.jpg,1,fertile
/content/training/fertile.fertile616.jpg.4gqfi56h.ingestion-5774855475-bd8w2.jpg,1,fertile
/content/training/fertile.fertile1119.jpg.4gqfi56i.ingestion-5774855475-lq9bd.jpg,1,fertile
/content/training/fertile.fertile831.jpg.4gqfi575.ingestion-5774855475-lq9bd.jpg,1,fertile
/content/training/fertile.fertile1125.jpg.4gqfi591.ingestion-5774855475-bd8w2.jpg,1,fertile
/content/training/fertile.fertile1131.jpg.4gqfi599.ingestion-5774855475-lq9bd.jpg,1,fertile
/content/training/fertile.fertile819.jpg.4gqfi5b5.ingestion-5774855475-lq9bd.jpg,1,fertile
/content/training/fertile.fertile-197.jpg.4gqfi5da.ingestion-5774855475-bd8w2.jpg,1,fertile
/content/training/fertile.fertile-168.jpg.4gqfi5dk.ingestion-5774855475-bd8w2.jpg,1,fertile
/content/training/fertile.fertile1086.jpg.4gqfi5eo.ingestion-5774855475-lq9bd.jpg,1,fertile
/content/training/fertile.fertile-9.jpg.4gqfi5et.ingestion-5774855475-bgkc6.jpg,1,fertile
/content/training/fertile.fertile-140.jpg.4gqfi5ir.ingestion-5774855475-bgkc6.jpg,1,fertile
/content/training/fertile.fertile574.jpg.4gqfi5l0.ingestion-5774855475-bd8w2.jpg,1,fertile
/content/training/fertile.fertile1051.jpg.4gqfi61b.ingestion-5774855475-lq9bd.jpg,1,fertile
/content/training/fertile.fertile1045.jpg.4gqfi611.ingestion-5774855475-bd8w2.jpg,1,fertile
/content/training/fertile.fertile560.jpg.4gqfi62h.ingestion-5774855475-bgkc6.jpg,1,fertile
/content/training/fertile.fertile-222.jpg.4gqfi65a.ingestion-5774855475-lq9bd.jpg,1,fertile
/content/training/fertile.fertile-223.jpg.4gqfi68d.ingestion-5774855475-lq9bd.jpg,1,fertile
/content/training/fertile.fertile986.jpg.4gqfi69v.ingestion-5774855475-lq9bd.jpg,1,fertile
/content/training/fertile.fertile992.jpg.4gqfi6b0.ingestion-5774855475-bd8w2.jpg,1,fertile
/content/training/fertile.fertile978.jpg.4gqfi677.ingestion-5774855475-bd8w2.jpg,1,fertile
/content/training/fertile.fertile776.jpg.4gqfi6cm.ingestion-5774855475-bgkc6.jpg,1,fertile
/content/training/fertile.fertile-544.jpg.4gqfi6ks.ingestion-5774855475-bd8w2.jpg,1,fertile
/content/training/fertile.fertile951.jpg.4gqfi6ib.ingestion-5774855475-bgkc6.jpg,1,fertile
/content/training/fertile.fertile-545.jpg.4gqfi6l0.ingestion-5774855475-bgkc6.jpg,1,fertile
/content/training/fertile.fertile-236.jpg.4gqfi6kr.ingestion-5774855475-bd8w2.jpg,1,fertile
/content/training/fertile.fertile979.jpg.4gqfi6l4.ingestion-5774855475-lq9bd.jpg,1,fertile
/content/training/fertile.fertile950.jpg.4gqfi6pk.ingestion-5774855475-lq9bd.jpg,1,fertile
/content/training/fertile.fertile993.jpg.4gqfi6so.ingestion-5774855475-lq9bd.jpg,1,fertile
/content/training/fertile.fertile987.jpg.4gqfi6so.ingestion-5774855475-bgkc6.jpg,1,fertile
/content/training/fertile.fertile945.jpg.4gqfi6uh.ingestion-5774855475-bd8w2.jpg,1,fertile
/content/training/fertile.fertile1050.jpg.4gqfi6uj.ingestion-5774855475-bd8w2.jpg,1,fertile
/content/training/fertile.fertile1044.jpg.4gqfi6ut.ingestion-5774855475-lq9bd.jpg,1,fertile
/content/training/fertile.fertile-550.jpg.4gqfi6ta.ingestion-5774855475-bgkc6.jpg,1,fertile
/content/training/fertile.fertile1078.jpg.4gqfi7a9.ingestion-5774855475-bd8w2.jpg,1,fertile
/content/training/fertile.fertile944.jpg.4gqfi7h0.ingestion-5774855475-bgkc6.jpg,1,fertile
/content/training/fertile.fertile561.jpg.4gqfi7hv.ingestion-5774855475-bd8w2.jpg,1,fertile
/content/training/fertile.fertile763.jpg.4gqfi7o3.ingestion-5774855475-bgkc6.jpg,1,fertile
/content/training/fertile.fertile1130.jpg.4gqfi83h.ingestion-5774855475-lq9bd.jpg,1,fertile
/content/training/fertile.fertile1118.jpg.4gqfi844.ingestion-5774855475-bd8w2.jpg,1,fertile
/content/training/fertile.fertile-155.jpg.4gqfi8l0.ingestion-5774855475-lq9bd.jpg,1,fertile
/content/training/fertile.fertile-419.jpg.4gqfi8kq.ingestion-5774855475-bgkc6.jpg,1,fertile
/content/training/fertile.fertile830.jpg.4gqfi8kp.ingestion-5774855475-bgkc6.jpg,1,fertile
/content/training/fertile.fertile-431.jpg.4gqfi8k3.ingestion-5774855475-bd8w2.jpg,1,fertile
/content/training/fertile.fertile-357.jpg.4gqfi8kn.ingestion-5774855475-lq9bd.jpg,1,fertile
/content/training/fertile.fertile-169.jpg.4gqfi8lk.ingestion-5774855475-lq9bd.jpg,1,fertile
/content/training/fertile.fertile-141.jpg.4gqfi8la.ingestion-5774855475-bgkc6.jpg,1,fertile
/content/training/fertile.fertile-394.jpg.4gqfi8qf.ingestion-5774855475-bd8w2.jpg,1,fertile
/content/training/fertile.fertile-196.jpg.4gqfi9fp.ingestion-5774855475-bd8w2.jpg,1,fertile
/content/training/fertile.fertile-17.jpg.4gqfi9ff.ingestion-5774855475-bgkc6.jpg,1,fertile
/content/training/fertile.fertile-425.jpg.4gqfi9h0.ingestion-5774855475-bd8w2.jpg,1,fertile
/content/training/fertile.fertile-343.jpg.4gqfi9gd.ingestion-5774855475-lq9bd.jpg,1,fertile
/content/training/fertile.fertile824.jpg.4gqfi9ha.ingestion-5774855475-lq9bd.jpg,1,fertile
/content/training/fertile.fertile-380.jpg.4gqfi9hu.ingestion-5774855475-lq9bd.jpg,1,fertile
/content/training/fertile.fertile818.jpg.4gqfi9la.ingestion-5774855475-bd8w2.jpg,1,fertile
/content/training/fertile.fertile603.jpg.4gqfi9ns.ingestion-5774855475-bd8w2.jpg,1,fertile
/content/training/fertile.fertile617.jpg.4gqfi9la.ingestion-5774855475-bgkc6.jpg,1,fertile
/content/training/fertile.fertile629.jpg.4gqfi9o2.ingestion-5774855475-bd8w2.jpg,1,fertile
/content/training/fertile.fertile-433.jpg.4gqfia5t.ingestion-5774855475-bd8w2.jpg,1,fertile
/content/training/fertile.fertile-341.jpg.4gqfia8m.ingestion-5774855475-bgkc6.jpg,1,fertile
/content/training/fertile.fertile1126.jpg.4gqfiace.ingestion-5774855475-bd8w2.jpg,1,fertile
/content/training/fertile.fertile601.jpg.4gqfiahk.ingestion-5774855475-bd8w2.jpg,1,fertile
/content/training/fertile.fertile-427.jpg.4gqfiajs.ingestion-5774855475-lq9bd.jpg,1,fertile
/content/training/fertile.fertile-382.jpg.4gqfiai0.ingestion-5774855475-lq9bd.jpg,1,fertile
/content/training/fertile.fertile832.jpg.4gqfiai8.ingestion-5774855475-bd8w2.jpg,1,fertile
/content/training/fertile.fertile826.jpg.4gqfiai8.ingestion-5774855475-lq9bd.jpg,1,fertile
/content/training/fertile.fertile-194.jpg.4gqfiamr.ingestion-5774855475-bd8w2.jpg,1,fertile
/content/training/fertile.fertile1091.jpg.4gqfiamj.ingestion-5774855475-bd8w2.jpg,1,fertile
/content/training/fertile.fertile-355.jpg.4gqfialt.ingestion-5774855475-bgkc6.jpg,1,fertile
/content/training/fertile.fertile-157.jpg.4gqfianf.ingestion-5774855475-lq9bd.jpg,1,fertile
/content/training/fertile.fertile563.jpg.4gqfiano.ingestion-5774855475-bgkc6.jpg,1,fertile
/content/training/fertile.fertile615.jpg.4gqfiajl.ingestion-5774855475-bgkc6.jpg,1,fertile
/content/training/fertile.fertile-369.jpg.4gqfiajm.ingestion-5774855475-bgkc6.jpg,1,fertile
/content/training/fertile.fertile-180.jpg.4gqfian5.ingestion-5774855475-lq9bd.jpg,1,fertile
/content/training/fertile.fertile1085.jpg.4gqfianq.ingestion-5774855475-lq9bd.jpg,1,fertile
/content/training/fertile.fertile-29.jpg.4gqfiauh.ingestion-5774855475-lq9bd.jpg,1,fertile
/content/training/fertile.fertile1046.jpg.4gqfib0e.ingestion-5774855475-bgkc6.jpg,1,fertile
/content/training/fertile.fertile985.jpg.4gqfib0e.ingestion-5774855475-bd8w2.jpg,1,fertile
/content/training/fertile.fertile577.jpg.4gqfib6t.ingestion-5774855475-bgkc6.jpg,1,fertile
/content/training/fertile.fertile588.jpg.4gqfic2h.ingestion-5774855475-bd8w2.jpg,1,fertile
/content/training/fertile.fertile991.jpg.4gqficge.ingestion-5774855475-bd8w2.jpg,1,fertile
/content/training/fertile.fertile761.jpg.4gqfichk.ingestion-5774855475-lq9bd.jpg,1,fertile
/content/training/fertile.fertile749.jpg.4gqfid5l.ingestion-5774855475-lq9bd.jpg,1,fertile
/content/training/fertile.fertile-209.jpg.4gqfid90.ingestion-5774855475-lq9bd.jpg,1,fertile
/content/training/fertile.fertile775.jpg.4gqfid8m.ingestion-5774855475-bgkc6.jpg,1,fertile
/content/training/fertile.fertile952.jpg.4gqfid99.ingestion-5774855475-bd8w2.jpg,1,fertile
/content/training/fertile.fertile-234.jpg.4gqfid9b.ingestion-5774855475-bd8w2.jpg,1,fertile
/content/training/fertile.fertile-235.jpg.4gqfidar.ingestion-5774855475-lq9bd.jpg,1,fertile
/content/training/fertile.fertile990.jpg.4gqfidb6.ingestion-5774855475-bgkc6.jpg,1,fertile
/content/training/fertile.fertile774.jpg.4gqfidc3.ingestion-5774855475-bgkc6.jpg,1,fertile
/content/training/fertile.fertile-208.jpg.4gqfidgd.ingestion-5774855475-lq9bd.jpg,1,fertile
/content/training/fertile.fertile953.jpg.4gqfidi7.ingestion-5774855475-bgkc6.jpg,1,fertile
/content/training/fertile.fertile748.jpg.4gqfidkd.ingestion-5774855475-bgkc6.jpg,1,fertile
/content/training/fertile.fertile-547.jpg.4gqfie2b.ingestion-5774855475-bgkc6.jpg,1,fertile
/content/training/fertile.fertile1053.jpg.4gqfie4r.ingestion-5774855475-bd8w2.jpg,1,fertile
/content/training/fertile.fertile1047.jpg.4gqfie4r.ingestion-5774855475-lq9bd.jpg,1,fertile
/content/training/fertile.fertile946.jpg.4gqfie4d.ingestion-5774855475-bgkc6.jpg,1,fertile
/content/training/fertile.fertile-546.jpg.4gqfie9k.ingestion-5774855475-bd8w2.jpg,1,fertile
/content/training/fertile.fertile947.jpg.4gqfie9k.ingestion-5774855475-lq9bd.jpg,1,fertile
/content/training/fertile.fertile1084.jpg.4gqfiebq.ingestion-5774855475-bd8w2.jpg,1,fertile
/content/training/fertile.fertile1090.jpg.4gqfieh2.ingestion-5774855475-lq9bd.jpg,1,fertile
/content/training/fertile.fertile562.jpg.4gqfiedl.ingestion-5774855475-bgkc6.jpg,1,fertile
/content/training/fertile.fertile576.jpg.4gqfievn.ingestion-5774855475-lq9bd.jpg,1,fertile
/content/training/fertile.fertile589.jpg.4gqfievb.ingestion-5774855475-bgkc6.jpg,1,fertile
/content/training/fertile.fertile-340.jpg.4gqfifb5.ingestion-5774855475-bd8w2.jpg,1,fertile
/content/training/fertile.fertile-14.jpg.4gqfifhu.ingestion-5774855475-lq9bd.jpg,1,fertile
/content/training/fertile.fertile-28.jpg.4gqfifht.ingestion-5774855475-lq9bd.jpg,1,fertile
/content/training/fertile.fertile-142.jpg.4gqfifgm.ingestion-5774855475-bgkc6.jpg,1,fertile
/content/training/fertile.fertile-156.jpg.4gqfifha.ingestion-5774855475-bgkc6.jpg,1,fertile
/content/training/fertile.fertile-181.jpg.4gqfig1e.ingestion-5774855475-bgkc6.jpg,1,fertile
/content/training/fertile.fertile-426.jpg.4gqfig1k.ingestion-5774855475-bgkc6.jpg,1,fertile
/content/training/fertile.fertile-195.jpg.4gqfig1a.ingestion-5774855475-bd8w2.jpg,1,fertile
/content/training/fertile.fertile-354.jpg.4gqfig1u.ingestion-5774855475-lq9bd.jpg,1,fertile
/content/training/fertile.fertile673.jpg.4gqfig50.ingestion-5774855475-bd8w2.jpg,1,fertile
/content/training/fertile.fertile-432.jpg.4gqfig6r.ingestion-5774855475-bgkc6.jpg,1,fertile
/content/training/fertile.fertile-368.jpg.4gqfig7f.ingestion-5774855475-bgkc6.jpg,1,fertile
/content/training/fertile.fertile827.jpg.4gqfig7p.ingestion-5774855475-bd8w2.jpg,1,fertile
/content/training/fertile.fertile-383.jpg.4gqfigeh.ingestion-5774855475-bgkc6.jpg,1,fertile
/content/training/fertile.fertile600.jpg.4gqfiggn.ingestion-5774855475-lq9bd.jpg,1,fertile
/content/training/fertile.fertile-397.jpg.4gqfigkd.ingestion-5774855475-bd8w2.jpg,1,fertile
/content/training/fertile.fertile614.jpg.4gqfigkd.ingestion-5774855475-lq9bd.jpg,1,fertile
/content/training/fertile.fertile883.jpg.4gqfigk3.ingestion-5774855475-bgkc6.jpg,1,fertile
/content/training/fertile.fertile-482.jpg.4gqfih03.ingestion-5774855475-bgkc6.jpg,1,fertile
/content/training/fertile.fertile-496.jpg.4gqfigvq.ingestion-5774855475-lq9bd.jpg,1,fertile
/content/training/fertile.fertile667.jpg.4gqfih1k.ingestion-5774855475-bd8w2.jpg,1,fertile
/content/training/fertile.fertile-441.jpg.4gqfih83.ingestion-5774855475-lq9bd.jpg,1,fertile
/content/training/fertile.fertile-327.jpg.4gqfih9a.ingestion-5774855475-bgkc6.jpg,1,fertile
/content/training/fertile.fertile854.jpg.4gqfihar.ingestion-5774855475-bd8w2.jpg,1,fertile
/content/training/fertile.fertile698.jpg.4gqfihdt.ingestion-5774855475-bd8w2.jpg,1,fertile
/content/training/fertile.fertile840.jpg.4gqfiher.ingestion-5774855475-bgkc6.jpg,1,fertile
/content/training/fertile.fertile1140.jpg.4gqfihii.ingestion-5774855475-bgkc6.jpg,1,fertile
/content/training/fertile.fertile-455.jpg.4gqfihpa.ingestion-5774855475-lq9bd.jpg,1,fertile
/content/training/fertile.fertile1034.jpg.4gqfihq9.ingestion-5774855475-lq9bd.jpg,1,fertile
/content/training/fertile.fertile1008.jpg.4gqfihqi.ingestion-5774855475-bd8w2.jpg,1,fertile
/content/training/fertile.fertile868.jpg.4gqfihpu.ingestion-5774855475-bd8w2.jpg,1,fertile
/content/training/fertile.fertile-284.jpg.4gqfihrp.ingestion-5774855475-lq9bd.jpg,1,fertile
/content/training/fertile.fertile1020.jpg.4gqfihro.ingestion-5774855475-bgkc6.jpg,1,fertile
/content/training/fertile.fertile707.jpg.4gqfihtb.ingestion-5774855475-bgkc6.jpg,1,fertile
/content/training/fertile.fertile-67.jpg.4gqfii03.ingestion-5774855475-lq9bd.jpg,1,fertile
/content/training/fertile.fertile-131.jpg.4gqfihvm.ingestion-5774855475-lq9bd.jpg,1,fertile
/content/training/fertile.fertile-247.jpg.4gqfii2r.ingestion-5774855475-bgkc6.jpg,1,fertile
/content/training/fertile.fertile-73.jpg.4gqfii6h.ingestion-5774855475-bd8w2.jpg,1,fertile
/content/training/fertile.fertile-125.jpg.4gqfii0n.ingestion-5774855475-bd8w2.jpg,1,fertile
/content/training/fertile.fertile713.jpg.4gqfii75.ingestion-5774855475-bd8w2.jpg,1,fertile
/content/training/fertile.fertile-521.jpg.4gqfij44.ingestion-5774855475-bd8w2.jpg,1,fertile
/content/training/fertile.fertile908.jpg.4gqfij43.ingestion-5774855475-lq9bd.jpg,1,fertile
/content/training/fertile.fertile-253.jpg.4gqfij75.ingestion-5774855475-lq9bd.jpg,1,fertile
/content/training/fertile.fertile-246.jpg.4gqfijg4.ingestion-5774855475-bd8w2.jpg,1,fertile
/content/training/fertile.fertile1009.jpg.4gqfijq9.ingestion-5774855475-lq9bd.jpg,1,fertile
/content/training/fertile.fertile-291.jpg.4gqfijsc.ingestion-5774855475-lq9bd.jpg,1,fertile
/content/training/fertile.fertile935.jpg.4gqfijs2.ingestion-5774855475-bd8w2.jpg,1,fertile
/content/training/fertile.fertile-285.jpg.4gqfijt1.ingestion-5774855475-bgkc6.jpg,1,fertile
/content/training/fertile.fertile-535.jpg.4gqfijta.ingestion-5774855475-bd8w2.jpg,1,fertile
/content/training/fertile.fertile1021.jpg.4gqfijtm.ingestion-5774855475-bgkc6.jpg,1,fertile
/content/training/fertile.fertile-508.jpg.4gqfijtb.ingestion-5774855475-bd8w2.jpg,1,fertile
/content/training/fertile.fertile-534.jpg.4gqfijtl.ingestion-5774855475-bgkc6.jpg,1,fertile
/content/training/fertile.fertile909.jpg.4gqfijtu.ingestion-5774855475-lq9bd.jpg,1,fertile
/content/training/fertile.fertile1035.jpg.4gqfijtl.ingestion-5774855475-bd8w2.jpg,1,fertile
/content/training/fertile.fertile934.jpg.4gqfijv6.ingestion-5774855475-bgkc6.jpg,1,fertile
/content/training/fertile.fertile-520.jpg.4gqfiju8.ingestion-5774855475-lq9bd.jpg,1,fertile
/content/training/fertile.fertile-72.jpg.4gqfikim.ingestion-5774855475-bgkc6.jpg,1,fertile
/content/training/fertile.fertile-118.jpg.4gqfikji.ingestion-5774855475-lq9bd.jpg,1,fertile
/content/training/fertile.fertile-66.jpg.4gqfikp0.ingestion-5774855475-bd8w2.jpg,1,fertile
/content/training/fertile.fertile855.jpg.4gqfiks4.ingestion-5774855475-bd8w2.jpg,1,fertile
/content/training/fertile.fertile896.jpg.4gqfil6i.ingestion-5774855475-bgkc6.jpg,1,fertile
/content/training/fertile.fertile-130.jpg.4gqfil8d.ingestion-5774855475-bd8w2.jpg,1,fertile
/content/training/fertile.fertile841.jpg.4gqfil94.ingestion-5774855475-bgkc6.jpg,1,fertile
/content/training/fertile.fertile-468.jpg.4gqfilbf.ingestion-5774855475-bgkc6.jpg,1,fertile
/content/training/fertile.fertile699.jpg.4gqfilfk.ingestion-5774855475-lq9bd.jpg,1,fertile
/content/training/fertile.fertile-440.jpg.4gqfilca.ingestion-5774855475-lq9bd.jpg,1,fertile
/content/training/fertile.fertile-454.jpg.4gqfillk.ingestion-5774855475-bd8w2.jpg,1,fertile
/content/training/fertile.fertile869.jpg.4gqfillu.ingestion-5774855475-bgkc6.jpg,1,fertile
/content/training/fertile.fertile-483.jpg.4gqfilod.ingestion-5774855475-bgkc6.jpg,1,fertile
/content/training/fertile.fertile880.jpg.4gqfilrp.ingestion-5774855475-lq9bd.jpg,1,fertile
/content/training/fertile.fertile658.jpg.4gqfilsm.ingestion-5774855475-bgkc6.jpg,1,fertile
/content/training/fertile.fertile-442.jpg.4gqfim0d.ingestion-5774855475-bgkc6.jpg,1,fertile
/content/training/fertile.fertile664.jpg.4gqfim10.ingestion-5774855475-lq9bd.jpg,1,fertile
/content/training/fertile.fertile-324.jpg.4gqfilvf.ingestion-5774855475-lq9bd.jpg,1,fertile
/content/training/fertile.fertile-481.jpg.4gqfim15.ingestion-5774855475-bd8w2.jpg,1,fertile
/content/training/fertile.fertile-497.jpg.4gqfim0m.ingestion-5774855475-lq9bd.jpg,1,fertile
/content/training/fertile.fertile-330.jpg.4gqfim43.ingestion-5774855475-bgkc6.jpg,1,fertile
/content/training/fertile.fertile670.jpg.4gqfim7f.ingestion-5774855475-bgkc6.jpg,1,fertile
/content/training/fertile.fertile-495.jpg.4gqfim90.ingestion-5774855475-bd8w2.jpg,1,fertile
/content/training/fertile.fertile894.jpg.4gqfimb6.ingestion-5774855475-bd8w2.jpg,1,fertile
/content/training/fertile.fertile843.jpg.4gqfimjr.ingestion-5774855475-lq9bd.jpg,1,fertile
/content/training/fertile.fertile-293.jpg.4gqfiml0.ingestion-5774855475-bgkc6.jpg,1,fertile
/content/training/fertile.fertile1037.jpg.4gqfimk4.ingestion-5774855475-lq9bd.jpg,1,fertile
/content/training/fertile.fertile704.jpg.4gqfimor.ingestion-5774855475-lq9bd.jpg,1,fertile
/content/training/fertile.fertile-287.jpg.4gqfimp0.ingestion-5774855475-bgkc6.jpg,1,fertile
/content/training/fertile.fertile738.jpg.4gqfimqj.ingestion-5774855475-bd8w2.jpg,1,fertile
/content/training/fertile.fertile-250.jpg.4gqfimrf.ingestion-5774855475-lq9bd.jpg,1,fertile
/content/training/fertile.fertile-126.jpg.4gqfimt8.ingestion-5774855475-bd8w2.jpg,1,fertile
/content/training/fertile.fertile-244.jpg.4gqfin0r.ingestion-5774855475-bgkc6.jpg,1,fertile
/content/training/fertile.fertile-70.jpg.4gqfin2h.ingestion-5774855475-bd8w2.jpg,1,fertile
/content/training/fertile.fertile710.jpg.4gqfin4d.ingestion-5774855475-bd8w2.jpg,1,fertile
/content/training/fertile.fertile-64.jpg.4gqfin2i.ingestion-5774855475-bgkc6.jpg,1,fertile
/content/training/fertile.fertile-278.jpg.4gqfin5k.ingestion-5774855475-bgkc6.jpg,1,fertile
/content/training/fertile.fertile-522.jpg.4gqfina8.ingestion-5774855475-bd8w2.jpg,1,fertile
/content/training/fertile.fertile-536.jpg.4gqfinah.ingestion-5774855475-bgkc6.jpg,1,fertile
/content/training/fertile.fertile-251.jpg.4gqfine8.ingestion-5774855475-bd8w2.jpg,1,fertile
/content/training/fertile.fertile937.jpg.4gqfing3.ingestion-5774855475-bd8w2.jpg,1,fertile
/content/training/fertile.fertile923.jpg.4gqfinn6.ingestion-5774855475-lq9bd.jpg,1,fertile
/content/training/fertile.fertile-292.jpg.4gqfinpk.ingestion-5774855475-bd8w2.jpg,1,fertile
/content/training/fertile.fertile-286.jpg.4gqfinoc.ingestion-5774855475-lq9bd.jpg,1,fertile
/content/training/fertile.fertile-523.jpg.4gqfinu9.ingestion-5774855475-lq9bd.jpg,1,fertile
/content/training/fertile.fertile-537.jpg.4gqfinuh.ingestion-5774855475-lq9bd.jpg,1,fertile
/content/training/fertile.fertile922.jpg.4gqfinu7.ingestion-5774855475-bd8w2.jpg,1,fertile
/content/training/fertile.fertile705.jpg.4gqfinur.ingestion-5774855475-bd8w2.jpg,1,fertile
/content/training/fertile.fertile1022.jpg.4gqfio2e.ingestion-5774855475-bd8w2.jpg,1,fertile
/content/training/fertile.fertile936.jpg.4gqfinu8.ingestion-5774855475-bd8w2.jpg,1,fertile
/content/training/fertile.fertile1036.jpg.4gqfio4u.ingestion-5774855475-bgkc6.jpg,1,fertile
/content/training/fertile.fertile-319.jpg.4gqfiokd.ingestion-5774855475-lq9bd.jpg,1,fertile
/content/training/fertile.fertile842.jpg.4gqfiokf.ingestion-5774855475-lq9bd.jpg,1,fertile
/content/training/fertile.fertile-331.jpg.4gqfiokl.ingestion-5774855475-bgkc6.jpg,1,fertile
/content/training/fertile.fertile-443.jpg.4gqfioke.ingestion-5774855475-bd8w2.jpg,1,fertile
/content/training/fertile.fertile-325.jpg.4gqfiokm.ingestion-5774855475-bgkc6.jpg,1,fertile
/content/training/fertile.fertile-71.jpg.4gqfiop9.ingestion-5774855475-bgkc6.jpg,1,fertile
/content/training/fertile.fertile-133.jpg.4gqfiovf.ingestion-5774855475-bd8w2.jpg,1,fertile
/content/training/fertile.fertile-127.jpg.4gqfip03.ingestion-5774855475-bgkc6.jpg,1,fertile
/content/training/fertile.fertile-59.jpg.4gqfiovq.ingestion-5774855475-lq9bd.jpg,1,fertile
/content/training/fertile.fertile856.jpg.4gqfip5e.ingestion-5774855475-bd8w2.jpg,1,fertile
/content/training/fertile.fertile895.jpg.4gqfip7f.ingestion-5774855475-bgkc6.jpg,1,fertile
/content/training/fertile.fertile-457.jpg.4gqfip68.ingestion-5774855475-bd8w2.jpg,1,fertile
/content/training/fertile.fertile891.jpg.4gqfipeh.ingestion-5774855475-lq9bd.jpg,1,fertile
/content/training/fertile.fertile885.jpg.4gqfipdu.ingestion-5774855475-bd8w2.jpg,1,fertile
/content/training/fertile.fertile649.jpg.4gqfipfp.ingestion-5774855475-bgkc6.jpg,1,fertile
/content/training/fertile.fertile675.jpg.4gqfipng.ingestion-5774855475-bgkc6.jpg,1,fertile
/content/training/fertile.fertile661.jpg.4gqfipmc.ingestion-5774855475-lq9bd.jpg,1,fertile
/content/training/fertile.fertile-484.jpg.4gqfiq3q.ingestion-5774855475-bd8w2.jpg,1,fertile
/content/training/fertile.fertile-447.jpg.4gqfiq83.ingestion-5774855475-lq9bd.jpg,1,fertile
/content/training/fertile.fertile671.jpg.4gqfiq94.ingestion-5774855475-bgkc6.jpg,1,fertile
/content/training/fertile.fertile846.jpg.4gqfiqg3.ingestion-5774855475-lq9bd.jpg,1,fertile
/content/training/fertile.fertile-321.jpg.4gqfiqbp.ingestion-5774855475-bgkc6.jpg,1,fertile
/content/training/fertile.fertile659.jpg.4gqfir03.ingestion-5774855475-bd8w2.jpg,1,fertile
/content/training/fertile.fertile-494.jpg.4gqfir10.ingestion-5774855475-bd8w2.jpg,1,fertile
/content/training/fertile.fertile881.jpg.4gqfir03.ingestion-5774855475-lq9bd.jpg,1,fertile
/content/training/fertile.fertile852.jpg.4gqfir1a.ingestion-5774855475-bd8w2.jpg,1,fertile
/content/training/fertile.fertile665.jpg.4gqfir28.ingestion-5774855475-bgkc6.jpg,1,fertile
/content/training/fertile.fertile1026.jpg.4gqfir64.ingestion-5774855475-lq9bd.jpg,1,fertile
/content/training/fertile.fertile-453.jpg.4gqfir34.ingestion-5774855475-lq9bd.jpg,1,fertile
/content/training/fertile.fertile-75.jpg.4gqfirgd.ingestion-5774855475-bgkc6.jpg,1,fertile
/content/training/fertile.fertile1032.jpg.4gqfirhv.ingestion-5774855475-bd8w2.jpg,1,fertile
/content/training/fertile.fertile-61.jpg.4gqfirgc.ingestion-5774855475-bd8w2.jpg,1,fertile
/content/training/fertile.fertile729.jpg.4gqfiriq.ingestion-5774855475-lq9bd.jpg,1,fertile
/content/training/fertile.fertile-123.jpg.4gqfirla.ingestion-5774855475-lq9bd.jpg,1,fertile
/content/training/fertile.fertile-296.jpg.4gqfirl3.ingestion-5774855475-bd8w2.jpg,1,fertile
/content/training/fertile.fertile-49.jpg.4gqfirod.ingestion-5774855475-lq9bd.jpg,1,fertile
/content/training/fertile.fertile-282.jpg.4gqfirmr.ingestion-5774855475-bgkc6.jpg,1,fertile
/content/training/fertile.fertile932.jpg.4gqfirq8.ingestion-5774855475-lq9bd.jpg,1,fertile
/content/training/fertile.fertile-137.jpg.4gqfiron.ingestion-5774855475-bgkc6.jpg,1,fertile
/content/training/fertile.fertile-269.jpg.4gqfirrp.ingestion-5774855475-bgkc6.jpg,1,fertile
/content/training/fertile.fertile-255.jpg.4gqfis10.ingestion-5774855475-bgkc6.jpg,1,fertile
/content/training/fertile.fertile-241.jpg.4gqfis1t.ingestion-5774855475-bd8w2.jpg,1,fertile
/content/training/fertile.fertile715.jpg.4gqfis43.ingestion-5774855475-bgkc6.jpg,1,fertile
/content/training/fertile.fertile-254.jpg.4gqfisah.ingestion-5774855475-bgkc6.jpg,1,fertile
/content/training/fertile.fertile926.jpg.4gqfismb.ingestion-5774855475-bd8w2.jpg,1,fertile
/content/training/fertile.fertile-268.jpg.4gqfispk.ingestion-5774855475-bgkc6.jpg,1,fertile
/content/training/fertile.fertile-533.jpg.4gqfisov.ingestion-5774855475-lq9bd.jpg,1,fertile
/content/training/fertile.fertile-297.jpg.4gqfit67.ingestion-5774855475-bgkc6.jpg,1,fertile
/content/training/fertile.fertile890.jpg.4gqfiutg.ingestion-5774855475-lq9bd.jpg,1,fertile
/content/training/fertile.fertile-334.jpg.4gqfiv4d.ingestion-5774855475-bd8w2.jpg,1,fertile
/content/training/fertile.fertile674.jpg.4gqfiv4m.ingestion-5774855475-bgkc6.jpg,1,fertile
/content/training/fertile.fertile892.jpg.4gqfiv5a.ingestion-5774855475-lq9bd.jpg,1,fertile
/content/training/fertile.fertile-320.jpg.4gqfiv9i.ingestion-5774855475-bd8w2.jpg,1,fertile
/content/training/fertile.fertile-122.jpg.4gqfiv9u.ingestion-5774855475-bd8w2.jpg,1,fertile
/content/training/fertile.fertile886.jpg.4gqfivbg.ingestion-5774855475-bgkc6.jpg,1,fertile
/content/training/fertile.fertile-308.jpg.4gqfivl1.ingestion-5774855475-lq9bd.jpg,1,fertile
/content/training/fertile.fertile648.jpg.4gqfivl0.ingestion-5774855475-bgkc6.jpg,1,fertile
/content/training/fertile.fertile-74.jpg.4gqfivm7.ingestion-5774855475-bgkc6.jpg,1,fertile
/content/training/fertile.fertile-491.jpg.4gqfivm7.ingestion-5774855475-lq9bd.jpg,1,fertile
/content/training/fertile.fertile660.jpg.4gqfivlu.ingestion-5774855475-lq9bd.jpg,1,fertile
/content/training/fertile.fertile847.jpg.4gqfivmr.ingestion-5774855475-lq9bd.jpg,1,fertile
/content/training/fertile.fertile884.jpg.4gqfivmh.ingestion-5774855475-lq9bd.jpg,1,fertile
/content/training/fertile.fertile-485.jpg.4gqfivlk.ingestion-5774855475-bd8w2.jpg,1,fertile
/content/training/fertile.fertile-452.jpg.4gqfivmh.ingestion-5774855475-bd8w2.jpg,1,fertile
/content/training/fertile.fertile853.jpg.4gqfivmr.ingestion-5774855475-bgkc6.jpg,1,fertile
/content/training/fertile.fertile676.jpg.4gqfj2sn.ingestion-5774855475-lq9bd.jpg,1,fertile
/content/training/fertile.fertile662.jpg.4gqfj3a8.ingestion-5774855475-bgkc6.jpg,1,fertile
/content/training/fertile.fertile-450.jpg.4gqfj5i3.ingestion-5774855475-bd8w2.jpg,1,fertile
/content/training/fertile.fertile-336.jpg.4gqfj5p3.ingestion-5774855475-bgkc6.jpg,1,fertile
/content/training/fertile.fertile-487.jpg.4gqfj610.ingestion-5774855475-bd8w2.jpg,1,fertile
/content/training/fertile.fertile-478.jpg.4gqfj61a.ingestion-5774855475-bd8w2.jpg,1,fertile
/content/training/fertile.fertile689.jpg.4gqfj62h.ingestion-5774855475-bd8w2.jpg,1,fertile
/content/training/fertile.fertile879.jpg.4gqfj66r.ingestion-5774855475-bgkc6.jpg,1,fertile
/content/training/fertile.fertile1019.jpg.4gqfj6es.ingestion-5774855475-bd8w2.jpg,1,fertile
/content/training/fertile.fertile851.jpg.4gqfj6fi.ingestion-5774855475-lq9bd.jpg,1,fertile
/content/training/fertile.fertile1025.jpg.4gqfj6fh.ingestion-5774855475-bgkc6.jpg,1,fertile
/content/training/fertile.fertile-108.jpg.4gqfj747.ingestion-5774855475-bd8w2.jpg,1,fertile
/content/training/fertile.fertile-76.jpg.4gqfj750.ingestion-5774855475-bd8w2.jpg,1,fertile
/content/training/fertile.fertile-89.jpg.4gqfj73f.ingestion-5774855475-bgkc6.jpg,1,fertile
/content/training/fertile.fertile-120.jpg.4gqfj75a.ingestion-5774855475-bgkc6.jpg,1,fertile
/content/training/fertile.fertile702.jpg.4gqfjaqt.ingestion-5774855475-bd8w2.jpg,1,fertile
/content/training/fertile.fertile-281.jpg.4gqfjas5.ingestion-5774855475-bgkc6.jpg,1,fertile
/content/training/fertile.fertile-295.jpg.4gqfjasm.ingestion-5774855475-bd8w2.jpg,1,fertile
/content/training/fertile.fertile-242.jpg.4gqfjb10.ingestion-5774855475-bgkc6.jpg,1,fertile
/content/training/fertile.fertile-257.jpg.4gqfjb4m.ingestion-5774855475-bgkc6.jpg,1,fertile
/content/training/fertile.fertile-530.jpg.4gqfjboc.ingestion-5774855475-bd8w2.jpg,1,fertile
/content/training/fertile.fertile-243.jpg.4gqfjbrf.ingestion-5774855475-bd8w2.jpg,1,fertile
/content/training/fertile.fertile925.jpg.4gqfjc4c.ingestion-5774855475-bd8w2.jpg,1,fertile
/content/training/fertile.fertile1024.jpg.4gqfjc5c.ingestion-5774855475-bgkc6.jpg,1,fertile
/content/training/fertile.fertile-524.jpg.4gqfjc75.ingestion-5774855475-bgkc6.jpg,1,fertile
/content/training/fertile.fertile919.jpg.4gqfjc6r.ingestion-5774855475-bd8w2.jpg,1,fertile
/content/training/fertile.fertile-531.jpg.4gqfjc7f.ingestion-5774855475-bd8w2.jpg,1,fertile
/content/training/fertile.fertile-519.jpg.4gqfjc7p.ingestion-5774855475-bgkc6.jpg,1,fertile
/content/training/fertile.fertile1030.jpg.4gqfjc6s.ingestion-5774855475-bd8w2.jpg,1,fertile
/content/training/fertile.fertile703.jpg.4gqfjc67.ingestion-5774855475-bd8w2.jpg,1,fertile
/content/training/fertile.fertile717.jpg.4gqfjcar.ingestion-5774855475-bgkc6.jpg,1,fertile
/content/training/fertile.fertile930.jpg.4gqfjc3r.ingestion-5774855475-lq9bd.jpg,1,fertile
/content/training/fertile.fertile924.jpg.4gqfjca8.ingestion-5774855475-bd8w2.jpg,1,fertile
/content/training/fertile.fertile-518.jpg.4gqfjc3u.ingestion-5774855475-lq9bd.jpg,1,fertile
/content/training/fertile.fertile716.jpg.4gqfjc4n.ingestion-5774855475-lq9bd.jpg,1,fertile
/content/training/fertile.fertile-294.jpg.4gqfjc3q.ingestion-5774855475-lq9bd.jpg,1,fertile
/content/training/fertile.fertile918.jpg.4gqfjc3o.ingestion-5774855475-lq9bd.jpg,1,fertile
/content/training/fertile.fertile-323.jpg.4gqfjcqj.ingestion-5774855475-lq9bd.jpg,1,fertile
/content/training/fertile.fertile-121.jpg.4gqfjcqr.ingestion-5774855475-bgkc6.jpg,1,fertile
/content/training/fertile.fertile878.jpg.4gqfjct0.ingestion-5774855475-lq9bd.jpg,1,fertile
/content/training/fertile.fertile-445.jpg.4gqfjcrp.ingestion-5774855475-bd8w2.jpg,1,fertile
/content/training/fertile.fertile-337.jpg.4gqfjcv5.ingestion-5774855475-bd8w2.jpg,1,fertile
/content/training/fertile.fertile-135.jpg.4gqfjd10.ingestion-5774855475-lq9bd.jpg,1,fertile
/content/training/fertile.fertile663.jpg.4gqfjddk.ingestion-5774855475-lq9bd.jpg,1,fertile
/content/training/fertile.fertile-77.jpg.4gqfjde9.ingestion-5774855475-bgkc6.jpg,1,fertile
/content/training/fertile.fertile-109.jpg.4gqfjdhu.ingestion-5774855475-bd8w2.jpg,1,fertile
/content/training/fertile.fertile-63.jpg.4gqfjdi8.ingestion-5774855475-lq9bd.jpg,1,fertile
/content/training/fertile.fertile887.jpg.4gqfjdjp.ingestion-5774855475-bd8w2.jpg,1,fertile
/content/training/fertile.fertile677.jpg.4gqfjdht.ingestion-5774855475-bgkc6.jpg,1,fertile
/content/training/fertile.fertile844.jpg.4gqfjdkm.ingestion-5774855475-bd8w2.jpg,1,fertile
/content/training/fertile.fertile850.jpg.4gqfjdl0.ingestion-5774855475-bgkc6.jpg,1,fertile
/content/training/fertile.fertile-479.jpg.4gqfjdm5.ingestion-5774855475-lq9bd.jpg,1,fertile
/content/training/fertile.fertile652.jpg.4gqfjdom.ingestion-5774855475-bgkc6.jpg,1,fertile
/content/training/fertile.fertile-312.jpg.4gqfjdr5.ingestion-5774855475-lq9bd.jpg,1,fertile
/content/training/fertile.fertile646.jpg.4gqfjdpu.ingestion-5774855475-bd8w2.jpg,1,fertile
/content/training/fertile.fertile-492.jpg.4gqfjdvp.ingestion-5774855475-lq9bd.jpg,1,fertile
/content/training/fertile.fertile685.jpg.4gqfje41.ingestion-5774855475-bd8w2.jpg,1,fertile
/content/training/fertile.fertile688.jpg.4gqfje2j.ingestion-5774855475-bd8w2.jpg,1,fertile
/content/training/fertile.fertile-306.jpg.4gqfje50.ingestion-5774855475-lq9bd.jpg,1,fertile
/content/training/fertile.fertile893.jpg.4gqfje6j.ingestion-5774855475-lq9bd.jpg,1,fertile
/content/training/fertile.fertile691.jpg.4gqfjekd.ingestion-5774855475-bgkc6.jpg,1,fertile
/content/training/fertile.fertile849.jpg.4gqfjel0.ingestion-5774855475-bd8w2.jpg,1,fertile
/content/training/fertile.fertile-460.jpg.4gqfjf7p.ingestion-5774855475-bgkc6.jpg,1,fertile
/content/training/fertile.fertile1001.jpg.4gqfjfa0.ingestion-5774855475-lq9bd.jpg,1,fertile
/content/training/fertile.fertile732.jpg.4gqfjfa3.ingestion-5774855475-bgkc6.jpg,1,fertile
/content/training/fertile.fertile1015.jpg.4gqfjfa0.ingestion-5774855475-bd8w2.jpg,1,fertile
/content/training/fertile.fertile875.jpg.4gqfjf9u.ingestion-5774855475-bd8w2.jpg,1,fertile
/content/training/fertile.fertile1029.jpg.4gqfjfa1.ingestion-5774855475-bd8w2.jpg,1,fertile
/content/training/fertile.fertile861.jpg.4gqfjf9v.ingestion-5774855475-lq9bd.jpg,1,fertile
/content/training/fertile.fertile-299.jpg.4gqfjfa1.ingestion-5774855475-lq9bd.jpg,1,fertile
/content/training/fertile.fertile-46.jpg.4gqfjfe8.ingestion-5774855475-lq9bd.jpg,1,fertile
/content/training/fertile.fertile-91.jpg.4gqfjfe8.ingestion-5774855475-lq9bd.jpg,1,fertile
/content/training/fertile.fertile-104.jpg.4gqfjfe9.ingestion-5774855475-bd8w2.jpg,1,fertile
/content/training/fertile.fertile-110.jpg.4gqfjfe8.ingestion-5774855475-bgkc6.jpg,1,fertile
/content/training/fertile.fertile726.jpg.4gqfjgda.ingestion-5774855475-bgkc6.jpg,1,fertile
/content/training/fertile.fertile-500.jpg.4gqfjgkd.ingestion-5774855475-lq9bd.jpg,1,fertile
/content/training/fertile.fertile-514.jpg.4gqfjgkm.ingestion-5774855475-bgkc6.jpg,1,fertile
/content/training/fertile.fertile-272.jpg.4gqfjh2k.ingestion-5774855475-lq9bd.jpg,1,fertile
/content/training/fertile.fertile915.jpg.4gqfjh5k.ingestion-5774855475-bgkc6.jpg,1,fertile
/content/training/fertile.fertile929.jpg.4gqfjhfp.ingestion-5774855475-bgkc6.jpg,1,fertile
/content/training/fertile.fertile-528.jpg.4gqfjhkb.ingestion-5774855475-bd8w2.jpg,1,fertile
/content/training/fertile.fertile901.jpg.4gqfjhj1.ingestion-5774855475-lq9bd.jpg,1,fertile
/content/training/fertile.fertile-529.jpg.4gqfjhk4.ingestion-5774855475-lq9bd.jpg,1,fertile
/content/training/fertile.fertile900.jpg.4gqfjho2.ingestion-5774855475-bd8w2.jpg,1,fertile
/content/training/fertile.fertile914.jpg.4gqfjhkd.ingestion-5774855475-bgkc6.jpg,1,fertile
/content/training/fertile.fertile928.jpg.4gqfjhom.ingestion-5774855475-bgkc6.jpg,1,fertile
/content/training/fertile.fertile733.jpg.4gqfjhts.ingestion-5774855475-bd8w2.jpg,1,fertile
/content/training/fertile.fertile1028.jpg.4gqfjhvh.ingestion-5774855475-bgkc6.jpg,1,fertile
/content/training/fertile.fertile1000.jpg.4gqfji3e.ingestion-5774855475-lq9bd.jpg,1,fertile
/content/training/fertile.fertile-273.jpg.4gqfji2q.ingestion-5774855475-bd8w2.jpg,1,fertile
/content/training/fertile.fertile727.jpg.4gqfji33.ingestion-5774855475-bgkc6.jpg,1,fertile
/content/training/fertile.fertile1014.jpg.4gqfji9l.ingestion-5774855475-lq9bd.jpg,1,fertile
/content/training/fertile.fertile-515.jpg.4gqfjiu8.ingestion-5774855475-lq9bd.jpg,1,fertile
/content/training/fertile.fertile-501.jpg.4gqfjiu9.ingestion-5774855475-bgkc6.jpg,1,fertile
/content/training/fertile.fertile-449.jpg.4gqfjiua.ingestion-5774855475-bgkc6.jpg,1,fertile
/content/training/fertile.fertile-53.jpg.4gqfjj02.ingestion-5774855475-bd8w2.jpg,1,fertile
/content/training/fertile.fertile-307.jpg.4gqfjiv7.ingestion-5774855475-bd8w2.jpg,1,fertile
/content/training/fertile.fertile-47.jpg.4gqfjivp.ingestion-5774855475-bgkc6.jpg,1,fertile
/content/training/fertile.fertile-111.jpg.4gqfjjl0.ingestion-5774855475-bgkc6.jpg,1,fertile
/content/training/fertile.fertile-105.jpg.4gqfjjl1.ingestion-5774855475-lq9bd.jpg,1,fertile
/content/training/fertile.fertile-84.jpg.4gqfjjlk.ingestion-5774855475-lq9bd.jpg,1,fertile
/content/training/fertile.fertile860.jpg.4gqfjjvp.ingestion-5774855475-bd8w2.jpg,1,fertile
/content/training/fertile.fertile690.jpg.4gqfjjua.ingestion-5774855475-bgkc6.jpg,1,fertile
/content/training/fertile.fertile-461.jpg.4gqfjjsm.ingestion-5774855475-lq9bd.jpg,1,fertile
/content/training/fertile.fertile874.jpg.4gqfjk0m.ingestion-5774855475-bd8w2.jpg,1,fertile
/content/training/fertile.fertile848.jpg.4gqfjk0n.ingestion-5774855475-lq9bd.jpg,1,fertile
/content/training/fertile.fertile889.jpg.4gqfjk5k.ingestion-5774855475-bgkc6.jpg,1,fertile
/content/training/fertile.fertile679.jpg.4gqfjk7p.ingestion-5774855475-lq9bd.jpg,1,fertile
/content/training/fertile.fertile651.jpg.4gqfjk84.ingestion-5774855475-bd8w2.jpg,1,fertile
/content/training/fertile.fertile-305.jpg.4gqfjkah.ingestion-5774855475-lq9bd.jpg,1,fertile
/content/training/fertile.fertile686.jpg.4gqfjkd2.ingestion-5774855475-bd8w2.jpg,1,fertile
/content/training/fertile.fertile-311.jpg.4gqfjkhk.ingestion-5774855475-bd8w2.jpg,1,fertile
/content/training/fertile.fertile-488.jpg.4gqfjkoq.ingestion-5774855475-bgkc6.jpg,1,fertile
/content/training/fertile.fertile-463.jpg.4gqfjl28.ingestion-5774855475-bgkc6.jpg,1,fertile
/content/training/fertile.fertile876.jpg.4gqfjl3f.ingestion-5774855475-bd8w2.jpg,1,fertile
/content/training/fertile.fertile-477.jpg.4gqfjl2u.ingestion-5774855475-bgkc6.jpg,1,fertile
/content/training/fertile.fertile692.jpg.4gqfjl3q.ingestion-5774855475-lq9bd.jpg,1,fertile
/content/training/fertile.fertile862.jpg.4gqfjl43.ingestion-5774855475-bgkc6.jpg,1,fertile
/content/training/fertile.fertile1016.jpg.4gqfjl4e.ingestion-5774855475-bgkc6.jpg,1,fertile
/content/training/fertile.fertile731.jpg.4gqfjl5k.ingestion-5774855475-bd8w2.jpg,1,fertile
/content/training/fertile.fertile-271.jpg.4gqfjl9a.ingestion-5774855475-lq9bd.jpg,1,fertile
/content/training/fertile.fertile719.jpg.4gqfjl9t.ingestion-5774855475-bd8w2.jpg,1,fertile
/content/training/fertile.fertile-51.jpg.4gqfjlar.ingestion-5774855475-bgkc6.jpg,1,fertile
/content/training/fertile.fertile-92.jpg.4gqfjl9k.ingestion-5774855475-lq9bd.jpg,1,fertile
/content/training/fertile.fertile-113.jpg.4gqfjla8.ingestion-5774855475-bgkc6.jpg,1,fertile
/content/training/fertile.fertile-107.jpg.4gqfjlb9.ingestion-5774855475-lq9bd.jpg,1,fertile
/content/training/fertile.fertile-79.jpg.4gqfjlbb.ingestion-5774855475-lq9bd.jpg,1,fertile
/content/training/fertile.fertile-265.jpg.4gqfjlhk.ingestion-5774855475-bd8w2.jpg,1,fertile
/content/training/fertile.fertile725.jpg.4gqfjlh2.ingestion-5774855475-bgkc6.jpg,1,fertile
/content/training/fertile.fertile-517.jpg.4gqfjlpf.ingestion-5774855475-bgkc6.jpg,1,fertile
/content/training/fertile.fertile-258.jpg.4gqfjm2h.ingestion-5774855475-bgkc6.jpg,1,fertile
/content/training/fertile.fertile-259.jpg.4gqfjm02.ingestion-5774855475-bd8w2.jpg,1,fertile
/content/training/fertile.fertile-270.jpg.4gqfjmdv.ingestion-5774855475-bd8w2.jpg,1,fertile
/content/training/fertile.fertile1003.jpg.4gqfjmfg.ingestion-5774855475-bgkc6.jpg,1,fertile
/content/training/fertile.fertile1017.jpg.4gqfjmf6.ingestion-5774855475-lq9bd.jpg,1,fertile
/content/training/fertile.fertile-264.jpg.4gqfjme2.ingestion-5774855475-lq9bd.jpg,1,fertile
/content/training/fertile.fertile917.jpg.4gqfjmo4.ingestion-5774855475-bd8w2.jpg,1,fertile
/content/training/fertile.fertile902.jpg.4gqfjmo3.ingestion-5774855475-bgkc6.jpg,1,fertile
/content/training/fertile.fertile724.jpg.4gqfjmv5.ingestion-5774855475-bgkc6.jpg,1,fertile
/content/training/fertile.fertile-44.jpg.4gqfjmvf.ingestion-5774855475-bd8w2.jpg,1,fertile
/content/training/fertile.fertile-502.jpg.4gqfjmu8.ingestion-5774855475-bgkc6.jpg,1,fertile
/content/training/fertile.fertile718.jpg.4gqfjmuh.ingestion-5774855475-lq9bd.jpg,1,fertile
/content/training/fertile.fertile730.jpg.4gqfjmv5.ingestion-5774855475-bd8w2.jpg,1,fertile
/content/training/fertile.fertile-50.jpg.4gqfjmvp.ingestion-5774855475-lq9bd.jpg,1,fertile
/content/training/fertile.fertile877.jpg.4gqfjn6d.ingestion-5774855475-bd8w2.jpg,1,fertile
/content/training/fertile.fertile-112.jpg.4gqfjn6i.ingestion-5774855475-bd8w2.jpg,1,fertile
/content/training/fertile.fertile-106.jpg.4gqfjn5u.ingestion-5774855475-bgkc6.jpg,1,fertile
/content/training/fertile.fertile-87.jpg.4gqfjncd.ingestion-5774855475-lq9bd.jpg,1,fertile
/content/training/fertile.fertile-93.jpg.4gqfjne6.ingestion-5774855475-bgkc6.jpg,1,fertile
/content/training/fertile.fertile-304.jpg.4gqfjo5k.ingestion-5774855475-lq9bd.jpg,1,fertile
/content/training/fertile.fertile-338.jpg.4gqfjo7f.ingestion-5774855475-bd8w2.jpg,1,fertile
/content/training/fertile.fertile650.jpg.4gqfjobf.ingestion-5774855475-lq9bd.jpg,1,fertile
/content/training/fertile.fertile888.jpg.4gqfjocm.ingestion-5774855475-bgkc6.jpg,1,fertile
/content/training/fertile.fertile678.jpg.4gqfjoj5.ingestion-5774855475-bgkc6.jpg,1,fertile
/content/training/fertile.fertile654.jpg.4gqfjosd.ingestion-5774855475-bd8w2.jpg,1,fertile
/content/training/fertile.fertile-489.jpg.4gqfjp08.ingestion-5774855475-lq9bd.jpg,1,fertile
/content/training/fertile.fertile-328.jpg.4gqfjotb.ingestion-5774855475-bgkc6.jpg,1,fertile
/content/training/fertile.fertile644.jpg.4gqfjovh.ingestion-5774855475-bgkc6.jpg,1,fertile
/content/training/fertile.fertile687.jpg.4gqfjovf.ingestion-5774855475-bd8w2.jpg,1,fertile
/content/training/fertile.fertile640.jpg.4gqfjove.ingestion-5774855475-bgkc6.jpg,1,fertile
/content/training/fertile.fertile683.jpg.4gqfjp43.ingestion-5774855475-bgkc6.jpg,1,fertile
/content/training/fertile.fertile-314.jpg.4gqfjp6i.ingestion-5774855475-lq9bd.jpg,1,fertile
/content/training/fertile.fertile668.jpg.4gqfjp8o.ingestion-5774855475-bd8w2.jpg,1,fertile
/content/training/fertile.fertile898.jpg.4gqfjp91.ingestion-5774855475-lq9bd.jpg,1,fertile
/content/training/fertile.fertile-462.jpg.4gqfjp6s.ingestion-5774855475-lq9bd.jpg,1,fertile
/content/training/fertile.fertile697.jpg.4gqfjpbk.ingestion-5774855475-bgkc6.jpg,1,fertile
/content/training/fertile.fertile873.jpg.4gqfjphl.ingestion-5774855475-bd8w2.jpg,1,fertile
/content/training/fertile.fertile-466.jpg.4gqfjph9.ingestion-5774855475-lq9bd.jpg,1,fertile
/content/training/fertile.fertile-116.jpg.4gqfjptv.ingestion-5774855475-bgkc6.jpg,1,fertile
/content/training/fertile.fertile1013.jpg.4gqfjq00.ingestion-5774855475-lq9bd.jpg,1,fertile
/content/training/fertile.fertile720.jpg.4gqfjq35.ingestion-5774855475-lq9bd.jpg,1,fertile
/content/training/fertile.fertile734.jpg.4gqfjq36.ingestion-5774855475-bd8w2.jpg,1,fertile
/content/training/fertile.fertile-97.jpg.4gqfjq5s.ingestion-5774855475-lq9bd.jpg,1,fertile
/content/training/fertile.fertile-83.jpg.4gqfjq5a.ingestion-5774855475-bgkc6.jpg,1,fertile
/content/training/fertile.fertile913.jpg.4gqfjq4o.ingestion-5774855475-bgkc6.jpg,1,fertile
/content/training/fertile.fertile-472.jpg.4gqfjq50.ingestion-5774855475-bd8w2.jpg,1,fertile
/content/training/fertile.fertile907.jpg.4gqfjq90.ingestion-5774855475-bd8w2.jpg,1,fertile
/content/training/fertile.fertile-40.jpg.4gqfjqc3.ingestion-5774855475-lq9bd.jpg,1,fertile
/content/training/fertile.fertile-248.jpg.4gqfjq88.ingestion-5774855475-bd8w2.jpg,1,fertile
/content/training/fertile.fertile-54.jpg.4gqfjqbp.ingestion-5774855475-bd8w2.jpg,1,fertile
/content/training/fertile.fertile-102.jpg.4gqfjqda.ingestion-5774855475-bgkc6.jpg,1,fertile
/content/training/fertile.fertile-260.jpg.4gqfjqd0.ingestion-5774855475-lq9bd.jpg,1,fertile
/content/training/fertile.fertile-68.jpg.4gqfjqda.ingestion-5774855475-lq9bd.jpg,1,fertile
/content/training/fertile.fertile708.jpg.4gqfjqf5.ingestion-5774855475-bgkc6.jpg,1,fertile
/content/training/fertile.fertile-261.jpg.4gqfjqg2.ingestion-5774855475-bd8w2.jpg,1,fertile
/content/training/fertile.fertile-512.jpg.4gqfjqlm.ingestion-5774855475-bgkc6.jpg,1,fertile
/content/training/fertile.fertile906.jpg.4gqfjqlu.ingestion-5774855475-bgkc6.jpg,1,fertile
/content/training/fertile.fertile-506.jpg.4gqfjqn5.ingestion-5774855475-bgkc6.jpg,1,fertile
/content/training/fertile.fertile912.jpg.4gqfjqmr.ingestion-5774855475-bd8w2.jpg,1,fertile
/content/training/fertile.fertile-249.jpg.4gqfjqod.ingestion-5774855475-lq9bd.jpg,1,fertile
/content/training/fertile.fertile735.jpg.4gqfjqrg.ingestion-5774855475-bd8w2.jpg,1,fertile
/content/training/fertile.fertile1012.jpg.4gqfjqtb.ingestion-5774855475-bgkc6.jpg,1,fertile
/content/training/fertile.fertile-507.jpg.4gqfjqtr.ingestion-5774855475-lq9bd.jpg,1,fertile
/content/training/fertile.fertile1006.jpg.4gqfjqtl.ingestion-5774855475-bd8w2.jpg,1,fertile
/content/training/fertile.fertile-513.jpg.4gqfjr10.ingestion-5774855475-bgkc6.jpg,1,fertile
/content/training/fertile.fertile-96.jpg.4gqfjr90.ingestion-5774855475-bd8w2.jpg,1,fertile
/content/training/fertile.fertile-315.jpg.4gqfjrat.ingestion-5774855475-lq9bd.jpg,1,fertile
/content/training/fertile.fertile709.jpg.4gqfjre8.ingestion-5774855475-lq9bd.jpg,1,fertile
/content/training/fertile.fertile-117.jpg.4gqfjreh.ingestion-5774855475-lq9bd.jpg,1,fertile
/content/training/fertile.fertile682.jpg.4gqfjrgb.ingestion-5774855475-bgkc6.jpg,1,fertile
/content/training/fertile.fertile-301.jpg.4gqfjrit.ingestion-5774855475-bgkc6.jpg,1,fertile
/content/training/fertile.fertile-55.jpg.4gqfjrn7.ingestion-5774855475-bd8w2.jpg,1,fertile
/content/training/fertile.fertile-329.jpg.4gqfjrkm.ingestion-5774855475-lq9bd.jpg,1,fertile
/content/training/fertile.fertile-41.jpg.4gqfjrms.ingestion-5774855475-lq9bd.jpg,1,fertile
/content/training/fertile.fertile-69.jpg.4gqfjrjf.ingestion-5774855475-bd8w2.jpg,1,fertile
/content/training/fertile.fertile-473.jpg.4gqfjrnp.ingestion-5774855475-bgkc6.jpg,1,fertile
/content/training/fertile.fertile696.jpg.4gqfjro2.ingestion-5774855475-bd8w2.jpg,1,fertile
/content/training/fertile.fertile-82.jpg.4gqfjrnf.ingestion-5774855475-lq9bd.jpg,1,fertile
/content/training/fertile.fertile641.jpg.4gqfjrrp.ingestion-5774855475-bgkc6.jpg,1,fertile
/content/training/fertile.fertile899.jpg.4gqfjrta.ingestion-5774855475-bd8w2.jpg,1,fertile
/content/training/fertile.fertile655.jpg.4gqfjrrq.ingestion-5774855475-lq9bd.jpg,1,fertile
/content/training/fertile.fertile-467.jpg.4gqfjrv5.ingestion-5774855475-lq9bd.jpg,1,fertile
/content/training/fertile.fertile657.jpg.4gqfjs2h.ingestion-5774855475-lq9bd.jpg,1,fertile
/content/training/fertile.fertile866.jpg.4gqfjs6r.ingestion-5774855475-bd8w2.jpg,1,fertile
/content/training/fertile.fertile864.jpg.4gqfjs7p.ingestion-5774855475-lq9bd.jpg,1,fertile
/content/training/fertile.fertile669.jpg.4gqfjsa8.ingestion-5774855475-lq9bd.jpg,1,fertile
/content/training/fertile.fertile-303.jpg.4gqfjsg4.ingestion-5774855475-lq9bd.jpg,1,fertile
/content/training/fertile.fertile-317.jpg.4gqfjsf2.ingestion-5774855475-bd8w2.jpg,1,fertile
/content/training/fertile.fertile858.jpg.4gqfjsk7.ingestion-5774855475-bgkc6.jpg,1,fertile
/content/training/fertile.fertile680.jpg.4gqfjsih.ingestion-5774855475-lq9bd.jpg,1,fertile
/content/training/fertile.fertile870.jpg.4gqfjsr8.ingestion-5774855475-bd8w2.jpg,1,fertile
/content/training/fertile.fertile1004.jpg.4gqfjt12.ingestion-5774855475-lq9bd.jpg,1,fertile
/content/training/fertile.fertile1010.jpg.4gqfjt11.ingestion-5774855475-bd8w2.jpg,1,fertile
/content/training/fertile.fertile-471.jpg.4gqfjt0d.ingestion-5774855475-bgkc6.jpg,1,fertile
/content/training/fertile.fertile1038.jpg.4gqfjt11.ingestion-5774855475-bgkc6.jpg,1,fertile
/content/training/fertile.fertile-80.jpg.4gqfjt3f.ingestion-5774855475-bd8w2.jpg,1,fertile
/content/training/fertile.fertile-129.jpg.4gqfjt4d.ingestion-5774855475-bgkc6.jpg,1,fertile
/content/training/fertile.fertile-465.jpg.4gqfjt47.ingestion-5774855475-bgkc6.jpg,1,fertile
/content/training/fertile.fertile-43.jpg.4gqfjt4m.ingestion-5774855475-bd8w2.jpg,1,fertile
/content/training/fertile.fertile-288.jpg.4gqfjt5t.ingestion-5774855475-bd8w2.jpg,1,fertile
/content/training/fertile.fertile737.jpg.4gqfjt90.ingestion-5774855475-bgkc6.jpg,1,fertile
/content/training/fertile.fertile-101.jpg.4gqfjt9t.ingestion-5774855475-bd8w2.jpg,1,fertile
/content/training/fertile.fertile-115.jpg.4gqfjt9k.ingestion-5774855475-bgkc6.jpg,1,fertile
/content/training/fertile.fertile-57.jpg.4gqfjt9a.ingestion-5774855475-lq9bd.jpg,1,fertile
/content/training/fertile.fertile723.jpg.4gqfjtnp.ingestion-5774855475-lq9bd.jpg,1,fertile
/content/training/fertile.fertile-277.jpg.4gqfju2j.ingestion-5774855475-lq9bd.jpg,1,fertile
/content/training/fertile.fertile-263.jpg.4gqfju2d.ingestion-5774855475-bd8w2.jpg,1,fertile
/content/training/fertile.fertile-262.jpg.4gqfjubf.ingestion-5774855475-lq9bd.jpg,1,fertile
/content/training/fertile.fertile911.jpg.4gqfjuda.ingestion-5774855475-bgkc6.jpg,1,fertile
/content/training/fertile.fertile-289.jpg.4gqfjuj5.ingestion-5774855475-lq9bd.jpg,1,fertile
/content/training/fertile.fertile-505.jpg.4gqfjusm.ingestion-5774855475-bgkc6.jpg,1,fertile
/content/training/fertile.fertile938.jpg.4gqfjuta.ingestion-5774855475-lq9bd.jpg,1,fertile
/content/training/fertile.fertile1005.jpg.4gqfjutb.ingestion-5774855475-lq9bd.jpg,1,fertile
/content/training/fertile.fertile904.jpg.4gqfjut0.ingestion-5774855475-bgkc6.jpg,1,fertile
/content/training/fertile.fertile-510.jpg.4gqfjv1u.ingestion-5774855475-lq9bd.jpg,1,fertile
/content/training/fertile.fertile-511.jpg.4gqfjv1o.ingestion-5774855475-bgkc6.jpg,1,fertile
/content/training/fertile.fertile1039.jpg.4gqfjv4j.ingestion-5774855475-bd8w2.jpg,1,fertile
/content/training/fertile.fertile939.jpg.4gqfjv4h.ingestion-5774855475-bd8w2.jpg,1,fertile
/content/training/fertile.fertile-538.jpg.4gqfjv90.ingestion-5774855475-lq9bd.jpg,1,fertile
/content/training/fertile.fertile-128.jpg.4gqfjvgd.ingestion-5774855475-lq9bd.jpg,1,fertile
/content/training/fertile.fertile-464.jpg.4gqfjvq7.ingestion-5774855475-bgkc6.jpg,1,fertile
/content/training/fertile.fertile-114.jpg.4gqfjvqs.ingestion-5774855475-bgkc6.jpg,1,fertile
/content/training/fertile.fertile681.jpg.4gqfjvp0.ingestion-5774855475-lq9bd.jpg,1,fertile
/content/training/fertile.fertile642.jpg.4gqfk05k.ingestion-5774855475-lq9bd.jpg,1,fertile
/content/training/fertile.fertile-95.jpg.4gqfk0cm.ingestion-5774855475-bd8w2.jpg,1,fertile
/content/training/fertile.fertile859.jpg.4gqfk0du.ingestion-5774855475-bd8w2.jpg,1,fertile
/content/training/fertile.fertile-42.jpg.4gqfk0cj.ingestion-5774855475-bgkc6.jpg,1,fertile
/content/training/fertile.fertile-458.jpg.4gqfk0km.ingestion-5774855475-lq9bd.jpg,1,fertile
/content/training/fertile.fertile695.jpg.4gqfk0kd.ingestion-5774855475-bgkc6.jpg,1,fertile
/content/training/fertile.fertile865.jpg.4gqfk0l0.ingestion-5774855475-bgkc6.jpg,1,fertile
/content/training/fertile.fertile-365.jpg.4gqfk0s4.ingestion-5774855475-bd8w2.jpg,1,fertile
/content/training/fertile.fertile-403.jpg.4gqfk0ub.ingestion-5774855475-lq9bd.jpg,1,fertile
/content/training/fertile.fertile871.jpg.4gqfk10m.ingestion-5774855475-bd8w2.jpg,1,fertile
/content/training/fertile.fertile631.jpg.4gqfk128.ingestion-5774855475-bgkc6.jpg,1,fertile
/content/training/fertile.fertile-417.jpg.4gqfk19l.ingestion-5774855475-bgkc6.jpg,1,fertile
/content/training/fertile.fertile816.jpg.4gqfk1fg.ingestion-5774855475-bgkc6.jpg,1,fertile
/content/training/fertile.fertile625.jpg.4gqfk1e8.ingestion-5774855475-bd8w2.jpg,1,fertile
/content/training/fertile.fertile-371.jpg.4gqfk1e8.ingestion-5774855475-bd8w2.jpg,1,fertile
/content/training/fertile.fertile1102.jpg.4gqfk1fh.ingestion-5774855475-bgkc6.jpg,1,fertile
/content/training/fertile.fertile1116.jpg.4gqfk1hc.ingestion-5774855475-bd8w2.jpg,1,fertile
/content/training/fertile.fertile802.jpg.4gqfk1np.ingestion-5774855475-lq9bd.jpg,1,fertile
/content/training/fertile.fertile-198.jpg.4gqfk1n5.ingestion-5774855475-bd8w2.jpg,1,fertile
/content/training/fertile.fertile1076.jpg.4gqfk1qs.ingestion-5774855475-lq9bd.jpg,1,fertile
/content/training/fertile.fertile-6.jpg.4gqfk1r4.ingestion-5774855475-bd8w2.jpg,1,fertile
/content/training/fertile.fertile-173.jpg.4gqfk1sm.ingestion-5774855475-lq9bd.jpg,1,fertile
/content/training/fertile.fertile-167.jpg.4gqfk1t0.ingestion-5774855475-lq9bd.jpg,1,fertile
/content/training/fertile.fertile1089.jpg.4gqfk1pb.ingestion-5774855475-bgkc6.jpg,1,fertile
/content/training/fertile.fertile751.jpg.4gqfk21k.ingestion-5774855475-lq9bd.jpg,1,fertile
/content/training/fertile.fertile1062.jpg.4gqfk1v8.ingestion-5774855475-bgkc6.jpg,1,fertile
/content/training/fertile.fertile-25.jpg.4gqfk1v1.ingestion-5774855475-bgkc6.jpg,1,fertile
/content/training/fertile.fertile989.jpg.4gqfk21v.ingestion-5774855475-bgkc6.jpg,1,fertile
/content/training/fertile.fertile553.jpg.4gqfk268.ingestion-5774855475-lq9bd.jpg,1,fertile
/content/training/fertile.fertile-205.jpg.4gqfk275.ingestion-5774855475-bgkc6.jpg,1,fertile
/content/training/fertile.fertile779.jpg.4gqfk2g2.ingestion-5774855475-bd8w2.jpg,1,fertile
/content/training/fertile.fertile786.jpg.4gqfk2hl.ingestion-5774855475-lq9bd.jpg,1,fertile
/content/training/fertile.fertile590.jpg.4gqfk2hk.ingestion-5774855475-lq9bd.jpg,1,fertile
/content/training/fertile.fertile963.jpg.4gqfk2l1.ingestion-5774855475-bgkc6.jpg,1,fertile
/content/training/fertile.fertile-239.jpg.4gqfk2km.ingestion-5774855475-bgkc6.jpg,1,fertile
/content/training/fertile.fertile977.jpg.4gqfk2l1.ingestion-5774855475-lq9bd.jpg,1,fertile
/content/training/fertile.fertile976.jpg.4gqfk2kn.ingestion-5774855475-bd8w2.jpg,1,fertile
/content/training/fertile.fertile-210.jpg.4gqfk2n5.ingestion-5774855475-lq9bd.jpg,1,fertile
/content/training/fertile.fertile793.jpg.4gqfk3k4.ingestion-5774855475-bgkc6.jpg,1,fertile
/content/training/fertile.fertile1063.jpg.4gqfk3qu.ingestion-5774855475-bd8w2.jpg,1,fertile
/content/training/fertile.fertile988.jpg.4gqfk3qu.ingestion-5774855475-lq9bd.jpg,1,fertile
/content/training/fertile.fertile750.jpg.4gqfk4d0.ingestion-5774855475-bgkc6.jpg,1,fertile
/content/training/fertile.fertile-204.jpg.4gqfk4c5.ingestion-5774855475-bgkc6.jpg,1,fertile
/content/training/fertile.fertile778.jpg.4gqfk4cm.ingestion-5774855475-lq9bd.jpg,1,fertile
/content/training/fertile.fertile1117.jpg.4gqfk4ge.ingestion-5774855475-bd8w2.jpg,1,fertile
/content/training/fertile.fertile1103.jpg.4gqfk4ge.ingestion-5774855475-lq9bd.jpg,1,fertile
/content/training/fertile.fertile-7.jpg.4gqfk4ff.ingestion-5774855475-bgkc6.jpg,1,fertile
/content/training/fertile.fertile1088.jpg.4gqfk4ge.ingestion-5774855475-bgkc6.jpg,1,fertile
/content/training/fertile.fertile744.jpg.4gqfk4ha.ingestion-5774855475-bd8w2.jpg,1,fertile
/content/training/fertile.fertile585.jpg.4gqfk4jf.ingestion-5774855475-lq9bd.jpg,1,fertile
/content/training/fertile.fertile-358.jpg.4gqfk4mr.ingestion-5774855475-bgkc6.jpg,1,fertile
/content/training/fertile.fertile-24.jpg.4gqfk4v5.ingestion-5774855475-lq9bd.jpg,1,fertile
/content/training/fertile.fertile-30.jpg.4gqfk4vf.ingestion-5774855475-bgkc6.jpg,1,fertile
/content/training/fertile.fertile-166.jpg.4gqfk4ur.ingestion-5774855475-bd8w2.jpg,1,fertile
/content/training/fertile.fertile-364.jpg.4gqfk528.ingestion-5774855475-bgkc6.jpg,1,fertile
/content/training/fertile.fertile-199.jpg.4gqfk58m.ingestion-5774855475-bd8w2.jpg,1,fertile
/content/training/fertile.fertile-172.jpg.4gqfk583.ingestion-5774855475-bgkc6.jpg,1,fertile
/content/training/fertile.fertile-18.jpg.4gqfk58d.ingestion-5774855475-lq9bd.jpg,1,fertile
/content/training/fertile.fertile803.jpg.4gqfk59u.ingestion-5774855475-bd8w2.jpg,1,fertile
/content/training/fertile.fertile817.jpg.4gqfk5bh.ingestion-5774855475-lq9bd.jpg,1,fertile
/content/training/fertile.fertile630.jpg.4gqfk5kc.ingestion-5774855475-bd8w2.jpg,1,fertile
/content/training/fertile.fertile-400.jpg.4gqfk5qh.ingestion-5774855475-bgkc6.jpg,1,fertile
/content/training/fertile.fertile-414.jpg.4gqfk5v7.ingestion-5774855475-bd8w2.jpg,1,fertile
/content/training/fertile.fertile-370.jpg.4gqfk611.ingestion-5774855475-bd8w2.jpg,1,fertile
/content/training/fertile.fertile618.jpg.4gqfk65u.ingestion-5774855475-lq9bd.jpg,1,fertile
/content/training/fertile.fertile624.jpg.4gqfk668.ingestion-5774855475-bgkc6.jpg,1,fertile
/content/training/fertile.fertile1115.jpg.4gqfk6bl.ingestion-5774855475-lq9bd.jpg,1,fertile
/content/training/fertile.fertile-428.jpg.4gqfk6ah.ingestion-5774855475-bd8w2.jpg,1,fertile
/content/training/fertile.fertile-372.jpg.4gqfk6ff.ingestion-5774855475-bgkc6.jpg,1,fertile
/content/training/fertile.fertile-366.jpg.4gqfk6fg.ingestion-5774855475-bd8w2.jpg,1,fertile
/content/training/fertile.fertile632.jpg.4gqfk6ir.ingestion-5774855475-bgkc6.jpg,1,fertile
/content/training/fertile.fertile1101.jpg.4gqfk6jq.ingestion-5774855475-lq9bd.jpg,1,fertile
/content/training/fertile.fertile1129.jpg.4gqfk6ln.ingestion-5774855475-bd8w2.jpg,1,fertile
/content/training/fertile.fertile815.jpg.4gqfk6o3.ingestion-5774855475-bgkc6.jpg,1,fertile
/content/training/fertile.fertile801.jpg.4gqfk6od.ingestion-5774855475-lq9bd.jpg,1,fertile
/content/training/fertile.fertile-170.jpg.4gqfk71a.ingestion-5774855475-bd8w2.jpg,1,fertile
/content/training/fertile.fertile1061.jpg.4gqfk6v6.ingestion-5774855475-bgkc6.jpg,1,fertile
/content/training/fertile.fertile1075.jpg.4gqfk736.ingestion-5774855475-bd8w2.jpg,1,fertile
/content/training/fertile.fertile-164.jpg.4gqfk71a.ingestion-5774855475-bgkc6.jpg,1,fertile
/content/training/fertile.fertile-26.jpg.4gqfk78u.ingestion-5774855475-bgkc6.jpg,1,fertile
/content/training/fertile.fertile-32.jpg.4gqfk792.ingestion-5774855475-lq9bd.jpg,1,fertile
/content/training/fertile.fertile1049.jpg.4gqfk7ak.ingestion-5774855475-bgkc6.jpg,1,fertile
/content/training/fertile.fertile752.jpg.4gqfk7b5.ingestion-5774855475-bd8w2.jpg,1,fertile
/content/training/fertile.fertile949.jpg.4gqfk7da.ingestion-5774855475-lq9bd.jpg,1,fertile
/content/training/fertile.fertile-212.jpg.4gqfk7g3.ingestion-5774855475-bd8w2.jpg,1,fertile
/content/training/fertile.fertile578.jpg.4gqfk7qi.ingestion-5774855475-lq9bd.jpg,1,fertile
/content/training/fertile.fertile-5.jpg.4gqfk7pa.ingestion-5774855475-bd8w2.jpg,1,fertile
/content/training/fertile.fertile-206.jpg.4gqfk7rp.ingestion-5774855475-bgkc6.jpg,1,fertile
/content/training/fertile.fertile593.jpg.4gqfk835.ingestion-5774855475-bd8w2.jpg,1,fertile
/content/training/fertile.fertile791.jpg.4gqfk83p.ingestion-5774855475-bgkc6.jpg,1,fertile
/content/training/fertile.fertile961.jpg.4gqfk85l.ingestion-5774855475-bd8w2.jpg,1,fertile
/content/training/fertile.fertile974.jpg.4gqfk85v.ingestion-5774855475-bgkc6.jpg,1,fertile
/content/training/fertile.fertile-549.jpg.4gqfk875.ingestion-5774855475-bd8w2.jpg,1,fertile
/content/training/fertile.fertile960.jpg.4gqfk860.ingestion-5774855475-lq9bd.jpg,1,fertile
/content/training/fertile.fertile747.jpg.4gqfk8f5.ingestion-5774855475-bgkc6.jpg,1,fertile
/content/training/fertile.fertile790.jpg.4gqfk8bf.ingestion-5774855475-lq9bd.jpg,1,fertile
/content/training/fertile.fertile785.jpg.4gqfk8qh.ingestion-5774855475-bd8w2.jpg,1,fertile
/content/training/fertile.fertile-548.jpg.4gqfk8r7.ingestion-5774855475-lq9bd.jpg,1,fertile
/content/training/fertile.fertile784.jpg.4gqfk8r5.ingestion-5774855475-bd8w2.jpg,1,fertile
/content/training/fertile.fertile948.jpg.4gqfk9o5.ingestion-5774855475-bgkc6.jpg,1,fertile
/content/training/fertile.fertile1060.jpg.4gqfk9vg.ingestion-5774855475-bd8w2.jpg,1,fertile
/content/training/fertile.fertile1074.jpg.4gqfk9vq.ingestion-5774855475-bgkc6.jpg,1,fertile
/content/training/fertile.fertile1100.jpg.4gqfkal3.ingestion-5774855475-lq9bd.jpg,1,fertile
/content/training/fertile.fertile551.jpg.4gqfkamj.ingestion-5774855475-bd8w2.jpg,1,fertile
/content/training/fertile.fertile-4.jpg.4gqfkamf.ingestion-5774855475-bgkc6.jpg,1,fertile
/content/training/fertile.fertile-171.jpg.4gqfkakv.ingestion-5774855475-lq9bd.jpg,1,fertile
/content/training/fertile.fertile586.jpg.4gqfkamk.ingestion-5774855475-bd8w2.jpg,1,fertile
/content/training/fertile.fertile579.jpg.4gqfkal2.ingestion-5774855475-bd8w2.jpg,1,fertile
/content/training/fertile.fertile-27.jpg.4gqfkalu.ingestion-5774855475-lq9bd.jpg,1,fertile
/content/training/fertile.fertile-429.jpg.4gqfkb3f.ingestion-5774855475-lq9bd.jpg,1,fertile
/content/training/fertile.fertile-33.jpg.4gqfkb3u.ingestion-5774855475-bgkc6.jpg,1,fertile
/content/training/fertile.fertile814.jpg.4gqfkb5b.ingestion-5774855475-bd8w2.jpg,1,fertile
/content/training/fertile.fertile-165.jpg.4gqfkb3v.ingestion-5774855475-bgkc6.jpg,1,fertile
/content/training/fertile.fertile-373.jpg.4gqfkb7f.ingestion-5774855475-bd8w2.jpg,1,fertile
/content/training/fertile.fertile800.jpg.4gqfkb7p.ingestion-5774855475-bgkc6.jpg,1,fertile
/content/training/fertile.fertile-401.jpg.4gqfkb8m.ingestion-5774855475-bd8w2.jpg,1,fertile
/content/training/fertile.fertile-398.jpg.4gqfkbda.ingestion-5774855475-bgkc6.jpg,1,fertile
/content/training/fertile.fertile828.jpg.4gqfkbf5.ingestion-5774855475-lq9bd.jpg,1,fertile
/content/training/fertile.fertile-439.jpg.4gqfkbnq.ingestion-5774855475-bgkc6.jpg,1,fertile
/content/training/fertile.fertile-367.jpg.4gqfkc2h.ingestion-5774855475-lq9bd.jpg,1,fertile
/content/training/fertile.fertile-388.jpg.4gqfkc3p.ingestion-5774855475-bgkc6.jpg,1,fertile
/content/training/fertile.fertile804.jpg.4gqfkc6h.ingestion-5774855475-bd8w2.jpg,1,fertile
/content/training/fertile.fertile633.jpg.4gqfkc83.ingestion-5774855475-bd8w2.jpg,1,fertile
/content/training/fertile.fertile637.jpg.4gqfkc4d.ingestion-5774855475-lq9bd.jpg,1,fertile
/content/training/fertile.fertile-363.jpg.4gqfkcmo.ingestion-5774855475-lq9bd.jpg,1,fertile
/content/training/fertile.fertile623.jpg.4gqfkclv.ingestion-5774855475-bd8w2.jpg,1,fertile
/content/training/fertile.fertile1138.jpg.4gqfkcm0.ingestion-5774855475-bd8w2.jpg,1,fertile
/content/training/fertile.fertile-405.jpg.4gqfkcm1.ingestion-5774855475-bgkc6.jpg,1,fertile
/content/training/fertile.fertile-411.jpg.4gqfkcm1.ingestion-5774855475-bd8w2.jpg,1,fertile
/content/training/fertile.fertile1110.jpg.4gqfkcoe.ingestion-5774855475-lq9bd.jpg,1,fertile
/content/training/fertile.fertile569.jpg.4gqfkd8d.ingestion-5774855475-bgkc6.jpg,1,fertile
/content/training/fertile.fertile-377.jpg.4gqfkd90.ingestion-5774855475-lq9bd.jpg,1,fertile
/content/training/fertile.fertile-37.jpg.4gqfkd91.ingestion-5774855475-lq9bd.jpg,1,fertile
/content/training/fertile.fertile1058.jpg.4gqfkdb6.ingestion-5774855475-lq9bd.jpg,1,fertile
/content/training/fertile.fertile1070.jpg.4gqfkdei.ingestion-5774855475-lq9bd.jpg,1,fertile
/content/training/fertile.fertile1064.jpg.4gqfkdd1.ingestion-5774855475-bd8w2.jpg,1,fertile
/content/training/fertile.fertile-23.jpg.4gqfkddt.ingestion-5774855475-bd8w2.jpg,1,fertile
/content/training/fertile.fertile555.jpg.4gqfke69.ingestion-5774855475-bd8w2.jpg,1,fertile
/content/training/fertile.fertile-161.jpg.4gqfke71.ingestion-5774855475-bgkc6.jpg,1,fertile
/content/training/fertile.fertile-175.jpg.4gqfke69.ingestion-5774855475-bd8w2.jpg,1,fertile
/content/training/fertile.fertile970.jpg.4gqfkebs.ingestion-5774855475-lq9bd.jpg,1,fertile
/content/training/fertile.fertile-217.jpg.4gqfkeda.ingestion-5774855475-bd8w2.jpg,1,fertile
/content/training/fertile.fertile958.jpg.4gqfkees.ingestion-5774855475-bgkc6.jpg,1,fertile
/content/training/fertile.fertile780.jpg.4gqfkegc.ingestion-5774855475-bd8w2.jpg,1,fertile
/content/training/fertile.fertile781.jpg.4gqfkeid.ingestion-5774855475-bgkc6.jpg,1,fertile
/content/training/fertile.fertile582.jpg.4gqfkejl.ingestion-5774855475-bgkc6.jpg,1,fertile
/content/training/fertile.fertile794.jpg.4gqfkeon.ingestion-5774855475-lq9bd.jpg,1,fertile
/content/training/fertile.fertile743.jpg.4gqfkenk.ingestion-5774855475-bgkc6.jpg,1,fertile
/content/training/fertile.fertile-216.jpg.4gqfkeld.ingestion-5774855475-bgkc6.jpg,1,fertile
/content/training/fertile.fertile757.jpg.4gqfkep0.ingestion-5774855475-lq9bd.jpg,1,fertile
/content/training/fertile.fertile742.jpg.4gqfkerg.ingestion-5774855475-bgkc6.jpg,1,fertile
/content/training/fertile.fertile965.jpg.4gqfker6.ingestion-5774855475-lq9bd.jpg,1,fertile
/content/training/fertile.fertile1071.jpg.4gqfketb.ingestion-5774855475-bgkc6.jpg,1,fertile
/content/training/fertile.fertile971.jpg.4gqfkerg.ingestion-5774855475-bd8w2.jpg,1,fertile
/content/training/fertile.fertile-202.jpg.4gqfkev5.ingestion-5774855475-lq9bd.jpg,1,fertile
/content/training/fertile.fertile1065.jpg.4gqfkf29.ingestion-5774855475-bgkc6.jpg,1,fertile
/content/training/fertile.fertile1059.jpg.4gqfkf29.ingestion-5774855475-bd8w2.jpg,1,fertile
/content/training/fertile.fertile583.jpg.4gqfkevf.ingestion-5774855475-bd8w2.jpg,1,fertile
/content/training/fertile.fertile1105.jpg.4gqfkf5v.ingestion-5774855475-lq9bd.jpg,1,fertile
/content/training/fertile.fertile756.jpg.4gqfkfff.ingestion-5774855475-lq9bd.jpg,1,fertile
/content/training/fertile.fertile-1.jpg.4gqfkfgm.ingestion-5774855475-bd8w2.jpg,1,fertile
/content/training/fertile.fertile554.jpg.4gqfkfk7.ingestion-5774855475-lq9bd.jpg,1,fertile
/content/training/fertile.fertile1111.jpg.4gqfkftl.ingestion-5774855475-lq9bd.jpg,1,fertile
/content/training/fertile.fertile-410.jpg.4gqfkg2c.ingestion-5774855475-bgkc6.jpg,1,fertile
/content/training/fertile.fertile-362.jpg.4gqfkg0m.ingestion-5774855475-lq9bd.jpg,1,fertile
/content/training/fertile.fertile1139.jpg.4gqfkgfh.ingestion-5774855475-bgkc6.jpg,1,fertile
/content/training/fertile.fertile839.jpg.4gqfkggo.ingestion-5774855475-bd8w2.jpg,1,fertile
/content/training/fertile.fertile-404.jpg.4gqfkgk3.ingestion-5774855475-lq9bd.jpg,1,fertile
/content/training/fertile.fertile-148.jpg.4gqfkgq8.ingestion-5774855475-bd8w2.jpg,1,fertile
/content/training/fertile.fertile-174.jpg.4gqfkgq8.ingestion-5774855475-bd8w2.jpg,1,fertile
/content/training/fertile.fertile608.jpg.4gqfkgp0.ingestion-5774855475-lq9bd.jpg,1,fertile
/content/training/fertile.fertile-22.jpg.4gqfkgqh.ingestion-5774855475-bd8w2.jpg,1,fertile
/content/training/fertile.fertile811.jpg.4gqfkgsd.ingestion-5774855475-lq9bd.jpg,1,fertile
/content/training/fertile.fertile-438.jpg.4gqfkgu7.ingestion-5774855475-bd8w2.jpg,1,fertile
/content/training/fertile.fertile-160.jpg.4gqfkgv5.ingestion-5774855475-bd8w2.jpg,1,fertile
/content/training/fertile.fertile-376.jpg.4gqfkgvp.ingestion-5774855475-bgkc6.jpg,1,fertile
/content/training/fertile.fertile-389.jpg.4gqfkh0c.ingestion-5774855475-bd8w2.jpg,1,fertile
/content/training/fertile.fertile-36.jpg.4gqfkgvf.ingestion-5774855475-lq9bd.jpg,1,fertile
/content/training/fertile.fertile622.jpg.4gqfkh43.ingestion-5774855475-bgkc6.jpg,1,fertile
/content/training/fertile.fertile634.jpg.4gqfkhnp.ingestion-5774855475-bgkc6.jpg,1,fertile
/content/training/fertile.fertile813.jpg.4gqfkifp.ingestion-5774855475-bgkc6.jpg,1,fertile
/content/training/fertile.fertile1113.jpg.4gqfkike.ingestion-5774855475-bd8w2.jpg,1,fertile
/content/training/fertile.fertile1098.jpg.4gqfkim9.ingestion-5774855475-bgkc6.jpg,1,fertile
/content/training/fertile.fertile-348.jpg.4gqfkif5.ingestion-5774855475-lq9bd.jpg,1,fertile
/content/training/fertile.fertile807.jpg.4gqfkim8.ingestion-5774855475-lq9bd.jpg,1,fertile
/content/training/fertile.fertile-189.jpg.4gqfkiui.ingestion-5774855475-bgkc6.jpg,1,fertile
/content/training/fertile.fertile-374.jpg.4gqfkiug.ingestion-5774855475-bgkc6.jpg,1,fertile
/content/training/fertile.fertile-412.jpg.4gqfkivf.ingestion-5774855475-bd8w2.jpg,1,fertile
/content/training/fertile.fertile1067.jpg.4gqfkj04.ingestion-5774855475-bgkc6.jpg,1,fertile
/content/training/fertile.fertile-20.jpg.4gqfkivh.ingestion-5774855475-bd8w2.jpg,1,fertile
/content/training/fertile.fertile-176.jpg.4gqfkivi.ingestion-5774855475-bd8w2.jpg,1,fertile
/content/training/fertile.fertile1073.jpg.4gqfkj1i.ingestion-5774855475-lq9bd.jpg,1,fertile
/content/training/fertile.fertile-162.jpg.4gqfkj1f.ingestion-5774855475-lq9bd.jpg,1,fertile
/content/training/fertile.fertile768.jpg.4gqfkj35.ingestion-5774855475-lq9bd.jpg,1,fertile
/content/training/fertile.fertile556.jpg.4gqfkj68.ingestion-5774855475-lq9bd.jpg,1,fertile
/content/training/fertile.fertile581.jpg.4gqfkj6h.ingestion-5774855475-bd8w2.jpg,1,fertile
/content/training/fertile.fertile998.jpg.4gqfkj8e.ingestion-5774855475-lq9bd.jpg,1,fertile
/content/training/fertile.fertile973.jpg.4gqfkjej.ingestion-5774855475-lq9bd.jpg,1,fertile
/content/training/fertile.fertile-228.jpg.4gqfkjhk.ingestion-5774855475-bd8w2.jpg,1,fertile
/content/training/fertile.fertile-214.jpg.4gqfkjns.ingestion-5774855475-lq9bd.jpg,1,fertile
/content/training/fertile.fertile-215.jpg.4gqfkjqr.ingestion-5774855475-bd8w2.jpg,1,fertile
/content/training/fertile.fertile782.jpg.4gqfkjse.ingestion-5774855475-bd8w2.jpg,1,fertile
/content/training/fertile.fertile754.jpg.4gqfkjsp.ingestion-5774855475-bgkc6.jpg,1,fertile
/content/training/fertile.fertile740.jpg.4gqfkjsm.ingestion-5774855475-bd8w2.jpg,1,fertile
/content/training/fertile.fertile-229.jpg.4gqfkjuc.ingestion-5774855475-bgkc6.jpg,1,fertile
/content/training/fertile.fertile966.jpg.4gqfkjv9.ingestion-5774855475-bd8w2.jpg,1,fertile
/content/training/fertile.fertile-200.jpg.4gqfkk1n.ingestion-5774855475-lq9bd.jpg,1,fertile
/content/training/fertile.fertile999.jpg.4gqfkk09.ingestion-5774855475-bgkc6.jpg,1,fertile
/content/training/fertile.fertile783.jpg.4gqfkk0d.ingestion-5774855475-bgkc6.jpg,1,fertile
/content/training/fertile.fertile797.jpg.4gqfkk2i.ingestion-5774855475-bd8w2.jpg,1,fertile
/content/training/fertile.fertile796.jpg.4gqfkk3q.ingestion-5774855475-bgkc6.jpg,1,fertile
/content/training/fertile.fertile1066.jpg.4gqfkk4o.ingestion-5774855475-lq9bd.jpg,1,fertile
/content/training/fertile.fertile769.jpg.4gqfkk4d.ingestion-5774855475-bgkc6.jpg,1,fertile
/content/training/fertile.fertile-201.jpg.4gqfkk7q.ingestion-5774855475-bgkc6.jpg,1,fertile
/content/training/fertile.fertile1072.jpg.4gqfkk7q.ingestion-5774855475-lq9bd.jpg,1,fertile
/content/training/fertile.fertile755.jpg.4gqfkk7p.ingestion-5774855475-lq9bd.jpg,1,fertile
/content/training/fertile.fertile1099.jpg.4gqfkkg4.ingestion-5774855475-bgkc6.jpg,1,fertile
/content/training/fertile.fertile1112.jpg.4gqfkki7.ingestion-5774855475-lq9bd.jpg,1,fertile
/content/training/fertile.fertile-2.jpg.4gqfkkod.ingestion-5774855475-bd8w2.jpg,1,fertile
/content/training/fertile.fertile594.jpg.4gqfkkq8.ingestion-5774855475-bgkc6.jpg,1,fertile
/content/training/fertile.fertile1106.jpg.4gqfkkse.ingestion-5774855475-bd8w2.jpg,1,fertile
/content/training/fertile.fertile-163.jpg.4gqfkku7.ingestion-5774855475-bd8w2.jpg,1,fertile
/content/training/fertile.fertile-361.jpg.4gqfkl5u.ingestion-5774855475-bd8w2.jpg,1,fertile
/content/training/fertile.fertile-177.jpg.4gqfklgq.ingestion-5774855475-lq9bd.jpg,1,fertile
/content/training/fertile.fertile-188.jpg.4gqfklk3.ingestion-5774855475-lq9bd.jpg,1,fertile
/content/training/fertile.fertile-407.jpg.4gqfklkd.ingestion-5774855475-bgkc6.jpg,1,fertile
/content/training/fertile.fertile609.jpg.4gqfkljg.ingestion-5774855475-bgkc6.jpg,1,fertile
/content/training/fertile.fertile806.jpg.4gqfklr5.ingestion-5774855475-bd8w2.jpg,1,fertile
/content/training/fertile.fertile-413.jpg.4gqfklqi.ingestion-5774855475-bgkc6.jpg,1,fertile
/content/training/fertile.fertile-349.jpg.4gqfklvp.ingestion-5774855475-lq9bd.jpg,1,fertile
/content/training/fertile.fertile635.jpg.4gqfkm10.ingestion-5774855475-lq9bd.jpg,1,fertile
/content/training/fertile.fertile-527.jpg.4gqfmk9i.ingestion-5774855475-bgkc6.jpg,1,fertile
/content/training/fertile.fertile1033.jpg.4gqfmkbg.ingestion-5774855475-lq9bd.jpg,1,fertile
/content/training/fertile.fertile1027.jpg.4gqfmkbq.ingestion-5774855475-bgkc6.jpg,1,fertile
/content/training/fertile.fertile-240.jpg.4gqfmkcd.ingestion-5774855475-bd8w2.jpg,1,fertile
/content/training/fertile.fertile-526.jpg.4gqfmkon.ingestion-5774855475-lq9bd.jpg,1,fertile
/content/training/fertile.fertile714.jpg.4gqfmkpk.ingestion-5774855475-lq9bd.jpg,1,fertile
/content/training/fertile.fertile-532.jpg.4gqfmkp0.ingestion-5774855475-bd8w2.jpg,1,fertile
/content/training/fertile.fertile927.jpg.4gqfmkp0.ingestion-5774855475-bgkc6.jpg,1,fertile
/content/training/fertile.fertile728.jpg.4gqfmkrr.ingestion-5774855475-bd8w2.jpg,1,fertile
/content/training/fertile.fertile700.jpg.4gqfmkso.ingestion-5774855475-bd8w2.jpg,1,fertile
/content/training/fertile.fertile1418.jpg.4gqfvj3a.ingestion-5774855475-bgkc6.jpg,1,fertile
/content/training/fertile.fertile1420.jpg.4gqfvj3l.ingestion-5774855475-lq9bd.jpg,1,fertile
/content/training/fertile.fertile1419.jpg.4gqfvj3f.ingestion-5774855475-bd8w2.jpg,1,fertile
/content/training/fertile.fertile1416.jpg.4gqfvj3g.ingestion-5774855475-bgkc6.jpg,1,fertile
/content/training/fertile.fertile1409.jpg.4gqfvja9.ingestion-5774855475-bd8w2.jpg,1,fertile
/content/training/fertile.fertile1405.jpg.4gqfvjb8.ingestion-5774855475-bgkc6.jpg,1,fertile
/content/training/fertile.fertile1415.jpg.4gqfvjat.ingestion-5774855475-bd8w2.jpg,1,fertile
/content/training/fertile.fertile1411.jpg.4gqfvjhc.ingestion-5774855475-lq9bd.jpg,1,fertile
/content/training/fertile.fertile1412.jpg.4gqfvjhd.ingestion-5774855475-bgkc6.jpg,1,fertile
/content/training/fertile.fertile1414.jpg.4gqfvjof.ingestion-5774855475-lq9bd.jpg,1,fertile
/content/training/fertile.fertile1406.jpg.4gqfvjqj.ingestion-5774855475-lq9bd.jpg,1,fertile
/content/training/fertile.fertile1413.jpg.4gqfvjuh.ingestion-5774855475-lq9bd.jpg,1,fertile
/content/training/fertile.fertile1404.jpg.4gqfvjtt.ingestion-5774855475-bgkc6.jpg,1,fertile
/content/training/fertile.fertile1408.jpg.4gqfvjsm.ingestion-5774855475-bd8w2.jpg,1,fertile
/content/training/fertile.fertile1402.jpg.4gqfvk1t.ingestion-5774855475-bgkc6.jpg,1,fertile
/content/training/fertile.fertile1421.jpg.4gqfvk2h.ingestion-5774855475-bgkc6.jpg,1,fertile
/content/training/fertile.fertile1431.jpg.4gqfvk5l.ingestion-5774855475-lq9bd.jpg,1,fertile
/content/training/fertile.fertile1426.jpg.4gqfvk5t.ingestion-5774855475-bgkc6.jpg,1,fertile
/content/training/fertile.fertile1432.jpg.4gqfvk5v.ingestion-5774855475-bgkc6.jpg,1,fertile
/content/training/fertile.fertile1434.jpg.4gqfvk76.ingestion-5774855475-bgkc6.jpg,1,fertile
/content/training/fertile.fertile1435.jpg.4gqfvk69.ingestion-5774855475-lq9bd.jpg,1,fertile
/content/training/fertile.fertile1427.jpg.4gqfvk1l.ingestion-5774855475-bd8w2.jpg,1,fertile
/content/training/fertile.fertile1433.jpg.4gqfvk7g.ingestion-5774855475-bd8w2.jpg,1,fertile
/content/training/fertile.fertile1422.jpg.4gqfvk4a.ingestion-5774855475-bd8w2.jpg,1,fertile
/content/training/fertile.fertile1403.jpg.4gqfvk5l.ingestion-5774855475-bd8w2.jpg,1,fertile
/content/training/fertile.fertile1430.jpg.4gqfvk7g.ingestion-5774855475-bd8w2.jpg,1,fertile
/content/training/fertile.fertile1440.jpg.4gqfvkdu.ingestion-5774855475-bgkc6.jpg,1,fertile
/content/training/fertile.fertile1438.jpg.4gqfvkat.ingestion-5774855475-bd8w2.jpg,1,fertile
/content/training/fertile.fertile1446.jpg.4gqfvki3.ingestion-5774855475-bgkc6.jpg,1,fertile
/content/training/fertile.fertile1442.jpg.4gqfvki1.ingestion-5774855475-bgkc6.jpg,1,fertile
/content/training/fertile.fertile1444.jpg.4gqfvkip.ingestion-5774855475-bd8w2.jpg,1,fertile
/content/training/fertile.fertile1441.jpg.4gqfvkhb.ingestion-5774855475-lq9bd.jpg,1,fertile
/content/training/fertile.fertile1445.jpg.4gqfvkhl.ingestion-5774855475-lq9bd.jpg,1,fertile
/content/training/fertile.fertile1443.jpg.4gqfvkio.ingestion-5774855475-bd8w2.jpg,1,fertile
/content/training/fertile.fertile1447.jpg.4gqfvkkf.ingestion-5774855475-bd8w2.jpg,1,fertile
/content/training/fertile.fertile1448.jpg.4gqfvkl2.ingestion-5774855475-lq9bd.jpg,1,fertile
/content/training/fertile.fertile1450.jpg.4gqfvku8.ingestion-5774855475-bgkc6.jpg,1,fertile
/content/training/fertile.fertile1452.jpg.4gqfvl0s.ingestion-5774855475-lq9bd.jpg,1,fertile
/content/training/fertile.fertile1454.jpg.4gqfvl27.ingestion-5774855475-bd8w2.jpg,1,fertile
/content/training/fertile.fertile1453.jpg.4gqfvl19.ingestion-5774855475-bgkc6.jpg,1,fertile
/content/training/fertile.fertile1455.jpg.4gqfvl3f.ingestion-5774855475-bgkc6.jpg,1,fertile
/content/training/fertile.fertile1457.jpg.4gqfvl67.ingestion-5774855475-bgkc6.jpg,1,fertile
/content/training/fertile.fertile1458.jpg.4gqfvl7o.ingestion-5774855475-bd8w2.jpg,1,fertile
/content/training/fertile.fertile1456.jpg.4gqfvll1.ingestion-5774855475-bd8w2.jpg,1,fertile
/content/training/fertile.fertile1463.jpg.4gqfvll3.ingestion-5774855475-bd8w2.jpg,1,fertile
/content/training/fertile.fertile1462.jpg.4gqfvll1.ingestion-5774855475-bgkc6.jpg,1,fertile
/content/training/fertile.fertile1469.jpg.4gqfvll3.ingestion-5774855475-bgkc6.jpg,1,fertile
/content/training/fertile.fertile1466.jpg.4gqfvll4.ingestion-5774855475-bd8w2.jpg,1,fertile
/content/training/fertile.fertile1464.jpg.4gqfvll2.ingestion-5774855475-bd8w2.jpg,1,fertile
/content/training/fertile.fertile1465.jpg.4gqfvll2.ingestion-5774855475-lq9bd.jpg,1,fertile
/content/training/fertile.fertile1461.jpg.4gqfvlko.ingestion-5774855475-lq9bd.jpg,1,fertile
/content/training/fertile.fertile1468.jpg.4gqfvll3.ingestion-5774855475-lq9bd.jpg,1,fertile
/content/training/fertile.fertile1470.jpg.4gqfvlm9.ingestion-5774855475-lq9bd.jpg,1,fertile
/content/training/fertile.fertile1459.jpg.4gqfvlsd.ingestion-5774855475-lq9bd.jpg,1,fertile
/content/training/fertile.fertile1476.jpg.4gqfvm0d.ingestion-5774855475-bgkc6.jpg,1,fertile
/content/training/fertile.fertile1475.jpg.4gqfvlv5.ingestion-5774855475-bd8w2.jpg,1,fertile
/content/training/fertile.fertile1477.jpg.4gqfvm13.ingestion-5774855475-bd8w2.jpg,1,fertile
/content/training/fertile.fertile1471.jpg.4gqfvm2h.ingestion-5774855475-bd8w2.jpg,1,fertile
/content/training/fertile.fertile1478.jpg.4gqfvm2s.ingestion-5774855475-bgkc6.jpg,1,fertile
/content/training/fertile.fertile1472.jpg.4gqfvm2h.ingestion-5774855475-lq9bd.jpg,1,fertile
/content/training/fertile.fertile1460.jpg.4gqfvm1k.ingestion-5774855475-bd8w2.jpg,1,fertile
/content/training/fertile.fertile1484.jpg.4gqfvmbo.ingestion-5774855475-bd8w2.jpg,1,fertile
/content/training/fertile.fertile1483.jpg.4gqfvmah.ingestion-5774855475-bgkc6.jpg,1,fertile
/content/training/fertile.fertile1473.jpg.4gqfvmc3.ingestion-5774855475-bd8w2.jpg,1,fertile
/content/training/fertile.fertile1486.jpg.4gqfvme7.ingestion-5774855475-bd8w2.jpg,1,fertile
/content/training/fertile.fertile1485.jpg.4gqfvmd9.ingestion-5774855475-bgkc6.jpg,1,fertile
/content/training/fertile.fertile1487.jpg.4gqfvmf5.ingestion-5774855475-lq9bd.jpg,1,fertile
/content/training/fertile.fertile1474.jpg.4gqfvmg3.ingestion-5774855475-bgkc6.jpg,1,fertile
/content/training/fertile.fertile1480.jpg.4gqfvmkc.ingestion-5774855475-lq9bd.jpg,1,fertile
/content/training/fertile.fertile1479.jpg.4gqfvmkc.ingestion-5774855475-bd8w2.jpg,1,fertile
/content/training/fertile.fertile1481.jpg.4gqfvmnp.ingestion-5774855475-bd8w2.jpg,1,fertile
/content/training/fertile.fertile1482.jpg.4gqfvmuh.ingestion-5774855475-lq9bd.jpg,1,fertile
/content/training/fertile.fertile1495.jpg.4gqfvn0d.ingestion-5774855475-lq9bd.jpg,1,fertile
/content/training/fertile.fertile1496.jpg.4gqfvn1j.ingestion-5774855475-bgkc6.jpg,1,fertile
/content/training/fertile.fertile1489.jpg.4gqfvn6r.ingestion-5774855475-lq9bd.jpg,1,fertile
/content/training/fertile.fertile1491.jpg.4gqfvnbf.ingestion-5774855475-bd8w2.jpg,1,fertile
/content/training/fertile.fertile1492.jpg.4gqfvnf5.ingestion-5774855475-bgkc6.jpg,1,fertile
/content/training/fertile.fertile1503.jpg.4gqfvngm.ingestion-5774855475-lq9bd.jpg,1,fertile
/content/training/fertile.fertile1493.jpg.4gqfvnih.ingestion-5774855475-bd8w2.jpg,1,fertile
/content/training/fertile.fertile1494.jpg.4gqfvnjl.ingestion-5774855475-lq9bd.jpg,1,fertile
/content/training/fertile.fertile1497.jpg.4gqfvnmr.ingestion-5774855475-bd8w2.jpg,1,fertile
/content/training/fertile.fertile1498.jpg.4gqfvnne.ingestion-5774855475-bgkc6.jpg,1,fertile
/content/training/fertile.fertile1510.jpg.4gqfvnt0.ingestion-5774855475-bgkc6.jpg,1,fertile
/content/training/fertile.fertile1509.jpg.4gqfvnrp.ingestion-5774855475-lq9bd.jpg,1,fertile
/content/training/fertile.fertile1499.jpg.4gqfvo29.ingestion-5774855475-lq9bd.jpg,1,fertile
/content/training/fertile.fertile1502.jpg.4gqfvo1m.ingestion-5774855475-bgkc6.jpg,1,fertile
/content/training/fertile.fertile1504.jpg.4gqfvo1t.ingestion-5774855475-bgkc6.jpg,1,fertile
/content/training/fertile.fertile1500.jpg.4gqfvo2r.ingestion-5774855475-bgkc6.jpg,1,fertile
/content/training/fertile.fertile1505.jpg.4gqfvo3p.ingestion-5774855475-lq9bd.jpg,1,fertile
/content/training/fertile.fertile1506.jpg.4gqfvo4f.ingestion-5774855475-bd8w2.jpg,1,fertile
/content/training/fertile.fertile1501.jpg.4gqfvo2u.ingestion-5774855475-lq9bd.jpg,1,fertile
/content/training/fertile.fertile1507.jpg.4gqfvo5a.ingestion-5774855475-lq9bd.jpg,1,fertile
/content/training/fertile.fertile1508.jpg.4gqfvo68.ingestion-5774855475-bd8w2.jpg,1,fertile
/content/training/fertile.fertile1513.jpg.4gqfvop0.ingestion-5774855475-lq9bd.jpg,1,fertile
/content/training/fertile.fertile1511.jpg.4gqfvop0.ingestion-5774855475-bgkc6.jpg,1,fertile
/content/training/fertile.fertile1522.jpg.4gqfvos2.ingestion-5774855475-bgkc6.jpg,1,fertile
/content/training/fertile.fertile1519.jpg.4gqfvp7q.ingestion-5774855475-bd8w2.jpg,1,fertile
/content/training/fertile.fertile1518.jpg.4gqfvp7h.ingestion-5774855475-bgkc6.jpg,1,fertile
/content/training/fertile.fertile1515.jpg.4gqfvp7r.ingestion-5774855475-lq9bd.jpg,1,fertile
/content/training/fertile.fertile1517.jpg.4gqfvp7p.ingestion-5774855475-bd8w2.jpg,1,fertile
/content/training/fertile.fertile1523.jpg.4gqfvp7p.ingestion-5774855475-lq9bd.jpg,1,fertile
/content/training/fertile.fertile1520.jpg.4gqfvp7t.ingestion-5774855475-lq9bd.jpg,1,fertile
/content/training/fertile.fertile1524.jpg.4gqfvp82.ingestion-5774855475-lq9bd.jpg,1,fertile
/content/training/fertile.fertile1512.jpg.4gqfvpi7.ingestion-5774855475-bd8w2.jpg,1,fertile
/content/training/fertile.fertile1516.jpg.4gqfvpt0.ingestion-5774855475-bd8w2.jpg,1,fertile
/content/training/fertile.fertile1526.jpg.4gqfvq0t.ingestion-5774855475-bgkc6.jpg,1,fertile
/content/training/fertile.fertile1525.jpg.4gqfvq0f.ingestion-5774855475-bgkc6.jpg,1,fertile
/content/training/fertile.fertile1527.jpg.4gqfvq36.ingestion-5774855475-bd8w2.jpg,1,fertile
/content/training/fertile.fertile1528.jpg.4gqfvq3g.ingestion-5774855475-bgkc6.jpg,1,fertile
/content/training/fertile.fertile1529.jpg.4gqfvq8m.ingestion-5774855475-lq9bd.jpg,1,fertile
/content/training/fertile.fertile1530.jpg.4gqfvqan.ingestion-5774855475-bd8w2.jpg,1,fertile
/content/training/fertile.fertile1537.jpg.4gqfvqcm.ingestion-5774855475-bgkc6.jpg,1,fertile
/content/training/fertile.fertile1533.jpg.4gqfvqod.ingestion-5774855475-bgkc6.jpg,1,fertile
/content/training/fertile.fertile1531.jpg.4gqfvqpa.ingestion-5774855475-bd8w2.jpg,1,fertile
/content/training/fertile.fertile1532.jpg.4gqfvqpa.ingestion-5774855475-lq9bd.jpg,1,fertile
/content/training/fertile.fertile1538.jpg.4gqfvqrn.ingestion-5774855475-bgkc6.jpg,1,fertile
/content/training/fertile.fertile1540.jpg.4gqfvr4q.ingestion-5774855475-bd8w2.jpg,1,fertile
/content/training/fertile.fertile1539.jpg.4gqfvr4m.ingestion-5774855475-lq9bd.jpg,1,fertile
/content/training/fertile.fertile1535.jpg.4gqfvr6i.ingestion-5774855475-lq9bd.jpg,1,fertile
/content/training/fertile.fertile1541.jpg.4gqfvr5s.ingestion-5774855475-bgkc6.jpg,1,fertile
/content/training/fertile.fertile1534.jpg.4gqfvr5q.ingestion-5774855475-bgkc6.jpg,1,fertile
/content/training/fertile.fertile1546.jpg.4gqfvrar.ingestion-5774855475-bd8w2.jpg,1,fertile
/content/training/fertile.fertile1536.jpg.4gqfvrc2.ingestion-5774855475-bd8w2.jpg,1,fertile
/content/training/fertile.fertile1544.jpg.4gqfvr9g.ingestion-5774855475-lq9bd.jpg,1,fertile
/content/training/fertile.fertile1545.jpg.4gqfvrd2.ingestion-5774855475-bgkc6.jpg,1,fertile
/content/training/fertile.fertile1547.jpg.4gqfvreh.ingestion-5774855475-bgkc6.jpg,1,fertile
/content/training/fertile.fertile1550.jpg.4gqfvri7.ingestion-5774855475-bgkc6.jpg,1,fertile
/content/training/fertile.fertile1549.jpg.4gqfvri9.ingestion-5774855475-bd8w2.jpg,1,fertile
/content/training/fertile.fertile1551.jpg.4gqfvro5.ingestion-5774855475-bd8w2.jpg,1,fertile
/content/training/fertile.fertile1554.jpg.4gqfvrqn.ingestion-5774855475-bd8w2.jpg,1,fertile
/content/training/fertile.fertile1552.jpg.4gqfvrq1.ingestion-5774855475-lq9bd.jpg,1,fertile
/content/training/fertile.fertile1543.jpg.4gqfvrr8.ingestion-5774855475-lq9bd.jpg,1,fertile
/content/training/fertile.fertile1553.jpg.4gqfvrq7.ingestion-5774855475-bgkc6.jpg,1,fertile
/content/training/fertile.fertile1542.jpg.4gqfvrr5.ingestion-5774855475-bgkc6.jpg,1,fertile
/content/training/fertile.fertile1556.jpg.4gqfvrtk.ingestion-5774855475-bgkc6.jpg,1,fertile
/content/training/fertile.fertile1557.jpg.4gqfvrur.ingestion-5774855475-lq9bd.jpg,1,fertile
/content/training/fertile.fertile1559.jpg.4gqfvs5a.ingestion-5774855475-bd8w2.jpg,1,fertile
/content/training/fertile.fertile1560.jpg.4gqfvs78.ingestion-5774855475-bgkc6.jpg,1,fertile
/content/training/fertile.fertile1555.jpg.4gqfvsb5.ingestion-5774855475-lq9bd.jpg,1,fertile
/content/training/fertile.fertile1564.jpg.4gqfvscc.ingestion-5774855475-bgkc6.jpg,1,fertile
/content/training/fertile.fertile1565.jpg.4gqfvsdl.ingestion-5774855475-bd8w2.jpg,1,fertile
/content/training/fertile.fertile1566.jpg.4gqfvsoc.ingestion-5774855475-bgkc6.jpg,1,fertile
/content/training/fertile.fertile1571.jpg.4gqfvstq.ingestion-5774855475-bgkc6.jpg,1,fertile
/content/training/fertile.fertile1569.jpg.4gqfvsud.ingestion-5774855475-bd8w2.jpg,1,fertile
/content/training/fertile.fertile1570.jpg.4gqfvssj.ingestion-5774855475-lq9bd.jpg,1,fertile
/content/training/fertile.fertile1561.jpg.4gqfvumj.ingestion-5774855475-bd8w2.jpg,1,fertile
/content/training/fertile.fertile1558.jpg.4gqfvumr.ingestion-5774855475-lq9bd.jpg,1,fertile
/content/training/fertile.fertile1587.jpg.4gqfvvpk.ingestion-5774855475-bgkc6.jpg,1,fertile
/content/training/fertile.fertile1588.jpg.4gqfvvrj.ingestion-5774855475-bd8w2.jpg,1,fertile
/content/training/fertile.fertile1576.jpg.4gqfvvtk.ingestion-5774855475-lq9bd.jpg,1,fertile
/content/training/fertile.fertile1574.jpg.4gqg0090.ingestion-5774855475-bd8w2.jpg,1,fertile
/content/training/fertile.fertile1589.jpg.4gqg0067.ingestion-5774855475-bgkc6.jpg,1,fertile
/content/training/fertile.fertile1583.jpg.4gqg007p.ingestion-5774855475-bd8w2.jpg,1,fertile
/content/training/fertile.fertile1575.jpg.4gqg00f8.ingestion-5774855475-lq9bd.jpg,1,fertile
/content/training/fertile.fertile1591.jpg.4gqg00k3.ingestion-5774855475-bd8w2.jpg,1,fertile
/content/training/fertile.fertile1578.jpg.4gqg00j5.ingestion-5774855475-bd8w2.jpg,1,fertile
/content/training/fertile.fertile1577.jpg.4gqg00h0.ingestion-5774855475-bgkc6.jpg,1,fertile
/content/training/fertile.fertile1590.jpg.4gqg00mt.ingestion-5774855475-bgkc6.jpg,1,fertile
/content/training/fertile.fertile1595.jpg.4gqg00q0.ingestion-5774855475-bd8w2.jpg,1,fertile
/content/training/fertile.fertile1582.jpg.4gqg00r5.ingestion-5774855475-bd8w2.jpg,1,fertile
/content/training/fertile.fertile1580.jpg.4gqg00rq.ingestion-5774855475-bgkc6.jpg,1,fertile
/content/training/fertile.fertile1581.jpg.4gqg00qi.ingestion-5774855475-lq9bd.jpg,1,fertile
/content/training/fertile.fertile1592.jpg.4gqg00s3.ingestion-5774855475-bgkc6.jpg,1,fertile
/content/training/fertile.fertile1598.jpg.4gqg00tg.ingestion-5774855475-lq9bd.jpg,1,fertile
/content/training/fertile.fertile1593.jpg.4gqg0110.ingestion-5774855475-bgkc6.jpg,1,fertile
/content/training/fertile.fertile1594.jpg.4gqg012r.ingestion-5774855475-bgkc6.jpg,1,fertile
/content/training/fertile.fertile1603.jpg.4gqg021a.ingestion-5774855475-lq9bd.jpg,1,fertile
/content/training/fertile.fertile1599.jpg.4gqg0237.ingestion-5774855475-bd8w2.jpg,1,fertile
/content/training/fertile.fertile1602.jpg.4gqg023c.ingestion-5774855475-bd8w2.jpg,1,fertile
/content/training/fertile.fertile1601.jpg.4gqg023h.ingestion-5774855475-lq9bd.jpg,1,fertile
/content/training/fertile.fertile1604.jpg.4gqg023i.ingestion-5774855475-lq9bd.jpg,1,fertile
/content/training/fertile.fertile1608.jpg.4gqg02tk.ingestion-5774855475-bgkc6.jpg,1,fertile
/content/training/fertile.fertile1618.jpg.4gqg02pa.ingestion-5774855475-bd8w2.jpg,1,fertile
/content/training/fertile.fertile1606.jpg.4gqg02v5.ingestion-5774855475-bgkc6.jpg,1,fertile
/content/training/fertile.fertile1605.jpg.4gqg02uh.ingestion-5774855475-lq9bd.jpg,1,fertile
/content/training/fertile.fertile1607.jpg.4gqg032i.ingestion-5774855475-bd8w2.jpg,1,fertile
/content/training/fertile.fertile1609.jpg.4gqg0375.ingestion-5774855475-lq9bd.jpg,1,fertile
/content/training/fertile.fertile1619.jpg.4gqg036r.ingestion-5774855475-bgkc6.jpg,1,fertile
/content/training/fertile.fertile1610.jpg.4gqg037o.ingestion-5774855475-bd8w2.jpg,1,fertile
/content/training/fertile.fertile1620.jpg.4gqg038c.ingestion-5774855475-bd8w2.jpg,1,fertile
/content/training/fertile.fertile1612.jpg.4gqg03al.ingestion-5774855475-bgkc6.jpg,1,fertile
/content/training/fertile.fertile1624.jpg.4gqg03aq.ingestion-5774855475-bgkc6.jpg,1,fertile
/content/training/fertile.fertile1622.jpg.4gqg03gf.ingestion-5774855475-bgkc6.jpg,1,fertile
/content/training/fertile.fertile1615.jpg.4gqg03ih.ingestion-5774855475-bgkc6.jpg,1,fertile
/content/training/fertile.fertile1623.jpg.4gqg03g2.ingestion-5774855475-bd8w2.jpg,1,fertile
/content/training/fertile.fertile1614.jpg.4gqg03ie.ingestion-5774855475-lq9bd.jpg,1,fertile
/content/training/fertile.fertile1616.jpg.4gqg03ij.ingestion-5774855475-lq9bd.jpg,1,fertile
/content/training/fertile.fertile1613.jpg.4gqg03lq.ingestion-5774855475-bd8w2.jpg,1,fertile
/content/training/fertile.fertile1629.jpg.4gqg03r7.ingestion-5774855475-lq9bd.jpg,1,fertile
/content/training/fertile.fertile1630.jpg.4gqg03tq.ingestion-5774855475-bgkc6.jpg,1,fertile
/content/training/fertile.fertile1631.jpg.4gqg03u7.ingestion-5774855475-lq9bd.jpg,1,fertile
/content/training/fertile.fertile1633.jpg.4gqg041a.ingestion-5774855475-lq9bd.jpg,1,fertile
/content/training/fertile.fertile1634.jpg.4gqg042h.ingestion-5774855475-bgkc6.jpg,1,fertile
/content/training/fertile.fertile1625.jpg.4gqg045u.ingestion-5774855475-lq9bd.jpg,1,fertile
/content/training/fertile.fertile1637.jpg.4gqg047p.ingestion-5774855475-bgkc6.jpg,1,fertile
/content/training/fertile.fertile1638.jpg.4gqg049q.ingestion-5774855475-lq9bd.jpg,1,fertile
/content/training/fertile.fertile1626.jpg.4gqg04bq.ingestion-5774855475-lq9bd.jpg,1,fertile
/content/training/fertile.fertile1627.jpg.4gqg04da.ingestion-5774855475-bd8w2.jpg,1,fertile
/content/training/fertile.fertile1632.jpg.4gqg04cm.ingestion-5774855475-bgkc6.jpg,1,fertile
/content/training/fertile.fertile1636.jpg.4gqg0667.ingestion-5774855475-bd8w2.jpg,1,fertile
/content/training/fertile.fertile1252.jpg.4gqg6reg.ingestion-5774855475-bd8w2.jpg,1,fertile
/content/training/fertile.fertile1261.jpg.4gqg6rp1.ingestion-5774855475-bd8w2.jpg,1,fertile
/content/training/fertile.fertile1263.jpg.4gqg6rp6.ingestion-5774855475-bgkc6.jpg,1,fertile
/content/training/fertile.fertile1264.jpg.4gqg6rpk.ingestion-5774855475-bgkc6.jpg,1,fertile
/content/training/fertile.fertile1265.jpg.4gqg6rpk.ingestion-5774855475-bd8w2.jpg,1,fertile
/content/training/fertile.fertile1258.jpg.4gqg6sa7.ingestion-5774855475-lq9bd.jpg,1,fertile
/content/training/fertile.fertile1269.jpg.4gqg6sah.ingestion-5774855475-lq9bd.jpg,1,fertile
/content/training/fertile.fertile1255.jpg.4gqg6sgq.ingestion-5774855475-bd8w2.jpg,1,fertile
/content/training/fertile.fertile1254.jpg.4gqg6s9i.ingestion-5774855475-bgkc6.jpg,1,fertile
/content/training/fertile.fertile1253.jpg.4gqg6sb4.ingestion-5774855475-bgkc6.jpg,1,fertile
/content/training/fertile.fertile1267.jpg.4gqg6sgm.ingestion-5774855475-lq9bd.jpg,1,fertile
/content/training/fertile.fertile1257.jpg.4gqg6sh0.ingestion-5774855475-lq9bd.jpg,1,fertile
/content/training/fertile.fertile1270.jpg.4gqg6sgc.ingestion-5774855475-bd8w2.jpg,1,fertile
/content/training/fertile.fertile1276.jpg.4gqg6sqi.ingestion-5774855475-bd8w2.jpg,1,fertile
/content/training/fertile.fertile1250.jpg.4gqg6sjj.ingestion-5774855475-bgkc6.jpg,1,fertile
/content/training/fertile.fertile1271.jpg.4gqg6spl.ingestion-5774855475-lq9bd.jpg,1,fertile
/content/training/fertile.fertile1274.jpg.4gqg6spu.ingestion-5774855475-lq9bd.jpg,1,fertile
/content/training/fertile.fertile1273.jpg.4gqg6suu.ingestion-5774855475-bgkc6.jpg,1,fertile
/content/training/fertile.fertile1275.jpg.4gqg6suv.ingestion-5774855475-bgkc6.jpg,1,fertile
/content/training/fertile.fertile1268.jpg.4gqg6tfo.ingestion-5774855475-bgkc6.jpg,1,fertile
/content/training/fertile.fertile1278.jpg.4gqg6tg3.ingestion-5774855475-bgkc6.jpg,1,fertile
/content/training/fertile.fertile1280.jpg.4gqg6tng.ingestion-5774855475-lq9bd.jpg,1,fertile
/content/training/fertile.fertile1281.jpg.4gqg6uh0.ingestion-5774855475-bgkc6.jpg,1,fertile
/content/training/fertile.fertile1284.jpg.4gqg6ue4.ingestion-5774855475-bgkc6.jpg,1,fertile
/content/training/fertile.fertile1282.jpg.4gqg6uoc.ingestion-5774855475-bd8w2.jpg,1,fertile
/content/training/fertile.fertile1283.jpg.4gqg6v75.ingestion-5774855475-lq9bd.jpg,1,fertile
/content/training/fertile.fertile1287.jpg.4gqg6vb4.ingestion-5774855475-bgkc6.jpg,1,fertile
/content/training/fertile.fertile1292.jpg.4gqg6vd9.ingestion-5774855475-lq9bd.jpg,1,fertile
/content/training/fertile.fertile1289.jpg.4gqg6vh0.ingestion-5774855475-lq9bd.jpg,1,fertile
/content/training/fertile.fertile1293.jpg.4gqg6vi7.ingestion-5774855475-bgkc6.jpg,1,fertile
/content/training/fertile.fertile1299.jpg.4gqg6vkm.ingestion-5774855475-bgkc6.jpg,1,fertile
/content/training/fertile.fertile1290.jpg.4gqg6vno.ingestion-5774855475-bgkc6.jpg,1,fertile
/content/training/fertile.fertile1294.jpg.4gqg6vih.ingestion-5774855475-bd8w2.jpg,1,fertile
/content/training/fertile.fertile1297.jpg.4gqg6vp5.ingestion-5774855475-bd8w2.jpg,1,fertile
/content/training/fertile.fertile1298.jpg.4gqg6vu5.ingestion-5774855475-lq9bd.jpg,1,fertile
/content/training/fertile.fertile1295.jpg.4gqg6vua.ingestion-5774855475-lq9bd.jpg,1,fertile
/content/negative_samples/neg_0_0.jpg,0,non-egg
/content/negative_samples/neg_0_1.jpg,0,non-egg
/content/negative_samples/neg_0_2.jpg,0,non-egg
/content/negative_samples/neg_0_3.jpg,0,non-egg
/content/negative_samples/neg_1_0.jpg,0,non-egg
/content/negative_samples/neg_1_1.jpg,0,non-egg
/content/negative_samples/neg_1_2.jpg,0,non-egg
/content/negative_samples/neg_1_3.jpg,0,non-egg
/content/negative_samples/neg_2_0.jpg,0,non-egg
/content/negative_samples/neg_2_1.jpg,0,non-egg
/content/negative_samples/neg_2_2.jpg,0,non-egg
/content/negative_samples/neg_2_3.jpg,0,non-egg
/content/negative_samples/neg_3_0.jpg,0,non-egg
/content/negative_samples/neg_3_1.jpg,0,non-egg
/content/negative_samples/neg_3_2.jpg,0,non-egg
/content/negative_samples/neg_3_3.jpg,0,non-egg
/content/negative_samples/neg_4_0.jpg,0,non-egg
/content/negative_samples/neg_4_1.jpg,0,non-egg
/content/negative_samples/neg_4_2.jpg,0,non-egg
/content/negative_samples/neg_4_3.jpg,0,non-egg
/content/negative_samples/neg_5_0.jpg,0,non-egg
/content/negative_samples/neg_5_1.jpg,0,non-egg
/content/negative_samples/neg_5_2.jpg,0,non-egg
/content/negative_samples/neg_5_3.jpg,0,non-egg
/content/negative_samples/neg_6_0.jpg,0,non-egg
/content/negative_samples/neg_6_1.jpg,0,non-egg
/content/negative_samples/neg_6_2.jpg,0,non-egg
/content/negative_samples/neg_6_3.jpg,0,non-egg
/content/negative_samples/neg_7_0.jpg,0,non-egg
/content/negative_samples/neg_7_1.jpg,0,non-egg
/content/negative_samples/neg_7_2.jpg,0,non-egg
/content/negative_samples/neg_7_3.jpg,0,non-egg
/content/negative_samples/neg_8_0.jpg,0,non-egg
/content/negative_samples/neg_8_1.jpg,0,non-egg
/content/negative_samples/neg_8_2.jpg,0,non-egg
/content/negative_samples/neg_8_3.jpg,0,non-egg
/content/negative_samples/neg_9_0.jpg,0,non-egg
/content/negative_samples/neg_9_1.jpg,0,non-egg
/content/negative_samples/neg_9_2.jpg,0,non-egg
/content/negative_samples/neg_9_3.jpg,0,non-egg
/content/negative_samples/neg_10_0.jpg,0,non-egg
/content/negative_samples/neg_10_1.jpg,0,non-egg
/content/negative_samples/neg_10_2.jpg,0,non-egg
/content/negative_samples/neg_10_3.jpg,0,non-egg
/content/negative_samples/neg_11_0.jpg,0,non-egg
/content/negative_samples/neg_11_1.jpg,0,non-egg
/content/negative_samples/neg_11_2.jpg,0,non-egg
/content/negative_samples/neg_11_3.jpg,0,non-egg
/content/negative_samples/neg_12_0.jpg,0,non-egg
/content/negative_samples/neg_12_1.jpg,0,non-egg
/content/negative_samples/neg_12_2.jpg,0,non-egg
/content/negative_samples/neg_12_3.jpg,0,non-egg
/content/negative_samples/neg_13_0.jpg,0,non-egg
/content/negative_samples/neg_13_1.jpg,0,non-egg
/content/negative_samples/neg_13_2.jpg,0,non-egg
/content/negative_samples/neg_13_3.jpg,0,non-egg
/content/negative_samples/neg_14_0.jpg,0,non-egg
/content/negative_samples/neg_14_1.jpg,0,non-egg
/content/negative_samples/neg_14_2.jpg,0,non-egg
/content/negative_samples/neg_14_3.jpg,0,non-egg
/content/negative_samples/neg_15_0.jpg,0,non-egg
/content/negative_samples/neg_15_1.jpg,0,non-egg
/content/negative_samples/neg_15_2.jpg,0,non-egg
/content/negative_samples/neg_15_3.jpg,0,non-egg
/content/negative_samples/neg_16_0.jpg,0,non-egg
/content/negative_samples/neg_16_1.jpg,0,non-egg
/content/negative_samples/neg_16_2.jpg,0,non-egg
/content/negative_samples/neg_16_3.jpg,0,non-egg
/content/negative_samples/neg_17_0.jpg,0,non-egg
/content/negative_samples/neg_17_1.jpg,0,non-egg
/content/negative_samples/neg_17_2.jpg,0,non-egg
/content/negative_samples/neg_17_3.jpg,0,non-egg
/content/negative_samples/neg_18_0.jpg,0,non-egg
/content/negative_samples/neg_18_1.jpg,0,non-egg
/content/negative_samples/neg_18_2.jpg,0,non-egg
/content/negative_samples/neg_18_3.jpg,0,non-egg
/content/negative_samples/neg_19_0.jpg,0,non-egg
/content/negative_samples/neg_19_1.jpg,0,non-egg
/content/negative_samples/neg_19_2.jpg,0,non-egg
/content/negative_samples/neg_19_3.jpg,0,non-egg
/content/negative_samples/neg_20_0.jpg,0,non-egg
/content/negative_samples/neg_20_1.jpg,0,non-egg
/content/negative_samples/neg_20_2.jpg,0,non-egg
/content/negative_samples/neg_20_3.jpg,0,non-egg
/content/negative_samples/neg_21_0.jpg,0,non-egg
/content/negative_samples/neg_21_1.jpg,0,non-egg
/content/negative_samples/neg_21_2.jpg,0,non-egg
/content/negative_samples/neg_21_3.jpg,0,non-egg
/content/negative_samples/neg_22_0.jpg,0,non-egg
/content/negative_samples/neg_22_1.jpg,0,non-egg
/content/negative_samples/neg_22_2.jpg,0,non-egg
/content/negative_samples/neg_22_3.jpg,0,non-egg
/content/negative_samples/neg_23_0.jpg,0,non-egg
/content/negative_samples/neg_23_1.jpg,0,non-egg
/content/negative_samples/neg_23_2.jpg,0,non-egg
/content/negative_samples/neg_23_3.jpg,0,non-egg
/content/negative_samples/neg_24_0.jpg,0,non-egg
/content/negative_samples/neg_24_1.jpg,0,non-egg
/content/negative_samples/neg_24_2.jpg,0,non-egg
/content/negative_samples/neg_24_3.jpg,0,non-egg
/content/negative_samples/neg_25_0.jpg,0,non-egg
/content/negative_samples/neg_25_1.jpg,0,non-egg
/content/negative_samples/neg_25_2.jpg,0,non-egg
/content/negative_samples/neg_25_3.jpg,0,non-egg
/content/negative_samples/neg_26_0.jpg,0,non-egg
/content/negative_samples/neg_26_1.jpg,0,non-egg
/content/negative_samples/neg_26_2.jpg,0,non-egg
/content/negative_samples/neg_26_3.jpg,0,non-egg
/content/negative_samples/neg_27_0.jpg,0,non-egg
/content/negative_samples/neg_27_1.jpg,0,non-egg
/content/negative_samples/neg_27_2.jpg,0,non-egg
/content/negative_samples/neg_27_3.jpg,0,non-egg
/content/negative_samples/neg_28_0.jpg,0,non-egg
/content/negative_samples/neg_28_1.jpg,0,non-egg
/content/negative_samples/neg_28_2.jpg,0,non-egg
/content/negative_samples/neg_28_3.jpg,0,non-egg
/content/negative_samples/neg_29_0.jpg,0,non-egg
/content/negative_samples/neg_29_1.jpg,0,non-egg
/content/negative_samples/neg_29_2.jpg,0,non-egg
/content/negative_samples/neg_29_3.jpg,0,non-egg
/content/negative_samples/neg_30_0.jpg,0,non-egg
/content/negative_samples/neg_30_1.jpg,0,non-egg
/content/negative_samples/neg_30_2.jpg,0,non-egg
/content/negative_samples/neg_30_3.jpg,0,non-egg
/content/negative_samples/neg_31_0.jpg,0,non-egg
/content/negative_samples/neg_31_1.jpg,0,non-egg
/content/negative_samples/neg_31_2.jpg,0,non-egg
/content/negative_samples/neg_31_3.jpg,0,non-egg
/content/negative_samples/neg_32_0.jpg,0,non-egg
/content/negative_samples/neg_32_1.jpg,0,non-egg
/content/negative_samples/neg_32_2.jpg,0,non-egg
/content/negative_samples/neg_32_3.jpg,0,non-egg
/content/negative_samples/neg_33_0.jpg,0,non-egg
/content/negative_samples/neg_33_1.jpg,0,non-egg
/content/negative_samples/neg_33_2.jpg,0,non-egg
/content/negative_samples/neg_33_3.jpg,0,non-egg
/content/negative_samples/neg_34_0.jpg,0,non-egg
/content/negative_samples/neg_34_1.jpg,0,non-egg
/content/negative_samples/neg_34_2.jpg,0,non-egg
/content/negative_samples/neg_34_3.jpg,0,non-egg
/content/negative_samples/neg_35_0.jpg,0,non-egg
/content/negative_samples/neg_35_1.jpg,0,non-egg
/content/negative_samples/neg_35_2.jpg,0,non-egg
/content/negative_samples/neg_35_3.jpg,0,non-egg
/content/negative_samples/neg_36_0.jpg,0,non-egg
/content/negative_samples/neg_36_1.jpg,0,non-egg
/content/negative_samples/neg_36_2.jpg,0,non-egg
/content/negative_samples/neg_36_3.jpg,0,non-egg
/content/negative_samples/neg_37_0.jpg,0,non-egg
/content/negative_samples/neg_37_1.jpg,0,non-egg
/content/negative_samples/neg_37_2.jpg,0,non-egg
/content/negative_samples/neg_37_3.jpg,0,non-egg
/content/negative_samples/neg_38_0.jpg,0,non-egg
/content/negative_samples/neg_38_1.jpg,0,non-egg
/content/negative_samples/neg_38_2.jpg,0,non-egg
/content/negative_samples/neg_38_3.jpg,0,non-egg
/content/negative_samples/neg_39_0.jpg,0,non-egg
/content/negative_samples/neg_39_1.jpg,0,non-egg
/content/negative_samples/neg_39_2.jpg,0,non-egg
/content/negative_samples/neg_39_3.jpg,0,non-egg
/content/negative_samples/neg_40_0.jpg,0,non-egg
/content/negative_samples/neg_40_1.jpg,0,non-egg
/content/negative_samples/neg_40_2.jpg,0,non-egg
/content/negative_samples/neg_40_3.jpg,0,non-egg
/content/negative_samples/neg_41_0.jpg,0,non-egg
/content/negative_samples/neg_41_1.jpg,0,non-egg
/content/negative_samples/neg_41_2.jpg,0,non-egg
/content/negative_samples/neg_41_3.jpg,0,non-egg
/content/negative_samples/neg_42_0.jpg,0,non-egg
/content/negative_samples/neg_42_1.jpg,0,non-egg
/content/negative_samples/neg_42_2.jpg,0,non-egg
/content/negative_samples/neg_42_3.jpg,0,non-egg
/content/negative_samples/neg_43_0.jpg,0,non-egg
/content/negative_samples/neg_43_1.jpg,0,non-egg
/content/negative_samples/neg_43_2.jpg,0,non-egg
/content/negative_samples/neg_43_3.jpg,0,non-egg
/content/negative_samples/neg_44_0.jpg,0,non-egg
/content/negative_samples/neg_44_1.jpg,0,non-egg
/content/negative_samples/neg_44_2.jpg,0,non-egg
/content/negative_samples/neg_44_3.jpg,0,non-egg
/content/negative_samples/neg_45_0.jpg,0,non-egg
/content/negative_samples/neg_45_1.jpg,0,non-egg
/content/negative_samples/neg_45_2.jpg,0,non-egg
/content/negative_samples/neg_45_3.jpg,0,non-egg
/content/negative_samples/neg_46_0.jpg,0,non-egg
/content/negative_samples/neg_46_1.jpg,0,non-egg
/content/negative_samples/neg_46_2.jpg,0,non-egg
/content/negative_samples/neg_46_3.jpg,0,non-egg
/content/negative_samples/neg_47_0.jpg,0,non-egg
/content/negative_samples/neg_47_1.jpg,0,non-egg
/content/negative_samples/neg_47_2.jpg,0,non-egg
/content/negative_samples/neg_47_3.jpg,0,non-egg
/content/negative_samples/neg_48_0.jpg,0,non-egg
/content/negative_samples/neg_48_1.jpg,0,non-egg
/content/negative_samples/neg_48_2.jpg,0,non-egg
/content/negative_samples/neg_48_3.jpg,0,non-egg
/content/negative_samples/neg_49_0.jpg,0,non-egg
/content/negative_samples/neg_49_1.jpg,0,non-egg
/content/negative_samples/neg_49_2.jpg,0,non-egg
/content/negative_samples/neg_49_3.jpg,0,non-egg
/content/negative_samples/neg_50_0.jpg,0,non-egg
/content/negative_samples/neg_50_1.jpg,0,non-egg
/content/negative_samples/neg_50_2.jpg,0,non-egg
/content/negative_samples/neg_50_3.jpg,0,non-egg
/content/negative_samples/neg_51_0.jpg,0,non-egg
/content/negative_samples/neg_51_1.jpg,0,non-egg
/content/negative_samples/neg_51_2.jpg,0,non-egg
/content/negative_samples/neg_51_3.jpg,0,non-egg
/content/negative_samples/neg_52_0.jpg,0,non-egg
/content/negative_samples/neg_52_1.jpg,0,non-egg
/content/negative_samples/neg_52_2.jpg,0,non-egg
/content/negative_samples/neg_52_3.jpg,0,non-egg
/content/negative_samples/neg_53_0.jpg,0,non-egg
/content/negative_samples/neg_53_1.jpg,0,non-egg
/content/negative_samples/neg_53_2.jpg,0,non-egg
/content/negative_samples/neg_53_3.jpg,0,non-egg
/content/negative_samples/neg_54_0.jpg,0,non-egg
/content/negative_samples/neg_54_1.jpg,0,non-egg
/content/negative_samples/neg_54_2.jpg,0,non-egg
/content/negative_samples/neg_54_3.jpg,0,non-egg
/content/negative_samples/neg_55_0.jpg,0,non-egg
/content/negative_samples/neg_55_1.jpg,0,non-egg
/content/negative_samples/neg_55_2.jpg,0,non-egg
/content/negative_samples/neg_55_3.jpg,0,non-egg
/content/negative_samples/neg_56_0.jpg,0,non-egg
/content/negative_samples/neg_56_1.jpg,0,non-egg
/content/negative_samples/neg_56_2.jpg,0,non-egg
/content/negative_samples/neg_56_3.jpg,0,non-egg
/content/negative_samples/neg_57_0.jpg,0,non-egg
/content/negative_samples/neg_57_1.jpg,0,non-egg
/content/negative_samples/neg_57_2.jpg,0,non-egg
/content/negative_samples/neg_57_3.jpg,0,non-egg
/content/negative_samples/neg_58_0.jpg,0,non-egg
/content/negative_samples/neg_58_1.jpg,0,non-egg
/content/negative_samples/neg_58_2.jpg,0,non-egg
/content/negative_samples/neg_58_3.jpg,0,non-egg
/content/negative_samples/neg_59_0.jpg,0,non-egg
/content/negative_samples/neg_59_1.jpg,0,non-egg
/content/negative_samples/neg_59_2.jpg,0,non-egg
/content/negative_samples/neg_59_3.jpg,0,non-egg
/content/negative_samples/neg_60_0.jpg,0,non-egg
/content/negative_samples/neg_60_1.jpg,0,non-egg
/content/negative_samples/neg_60_2.jpg,0,non-egg
/content/negative_samples/neg_60_3.jpg,0,non-egg
/content/negative_samples/neg_61_0.jpg,0,non-egg
/content/negative_samples/neg_61_1.jpg,0,non-egg
/content/negative_samples/neg_61_2.jpg,0,non-egg
/content/negative_samples/neg_61_3.jpg,0,non-egg
/content/negative_samples/neg_62_0.jpg,0,non-egg
/content/negative_samples/neg_62_1.jpg,0,non-egg
/content/negative_samples/neg_62_2.jpg,0,non-egg
/content/negative_samples/neg_62_3.jpg,0,non-egg
/content/negative_samples/neg_63_0.jpg,0,non-egg
/content/negative_samples/neg_63_1.jpg,0,non-egg
/content/negative_samples/neg_63_2.jpg,0,non-egg
/content/negative_samples/neg_63_3.jpg,0,non-egg
/content/negative_samples/neg_64_0.jpg,0,non-egg
/content/negative_samples/neg_64_1.jpg,0,non-egg
/content/negative_samples/neg_64_2.jpg,0,non-egg
/content/negative_samples/neg_64_3.jpg,0,non-egg
/content/negative_samples/neg_65_0.jpg,0,non-egg
/content/negative_samples/neg_65_1.jpg,0,non-egg
/content/negative_samples/neg_65_2.jpg,0,non-egg
/content/negative_samples/neg_65_3.jpg,0,non-egg
/content/negative_samples/neg_66_0.jpg,0,non-egg
/content/negative_samples/neg_66_1.jpg,0,non-egg
/content/negative_samples/neg_66_2.jpg,0,non-egg
/content/negative_samples/neg_66_3.jpg,0,non-egg
/content/negative_samples/neg_67_0.jpg,0,non-egg
/content/negative_samples/neg_67_1.jpg,0,non-egg
/content/negative_samples/neg_67_2.jpg,0,non-egg
/content/negative_samples/neg_67_3.jpg,0,non-egg
/content/negative_samples/neg_68_0.jpg,0,non-egg
/content/negative_samples/neg_68_1.jpg,0,non-egg
/content/negative_samples/neg_68_2.jpg,0,non-egg
/content/negative_samples/neg_68_3.jpg,0,non-egg
/content/negative_samples/neg_69_0.jpg,0,non-egg
/content/negative_samples/neg_69_1.jpg,0,non-egg
/content/negative_samples/neg_69_2.jpg,0,non-egg
/content/negative_samples/neg_69_3.jpg,0,non-egg
/content/negative_samples/neg_70_0.jpg,0,non-egg
/content/negative_samples/neg_70_1.jpg,0,non-egg
/content/negative_samples/neg_70_2.jpg,0,non-egg
/content/negative_samples/neg_70_3.jpg,0,non-egg
/content/negative_samples/neg_71_0.jpg,0,non-egg
/content/negative_samples/neg_71_1.jpg,0,non-egg
/content/negative_samples/neg_71_2.jpg,0,non-egg
/content/negative_samples/neg_71_3.jpg,0,non-egg
/content/negative_samples/neg_72_0.jpg,0,non-egg
/content/negative_samples/neg_72_1.jpg,0,non-egg
/content/negative_samples/neg_72_2.jpg,0,non-egg
/content/negative_samples/neg_72_3.jpg,0,non-egg
/content/negative_samples/neg_73_0.jpg,0,non-egg
/content/negative_samples/neg_73_1.jpg,0,non-egg
/content/negative_samples/neg_73_2.jpg,0,non-egg
/content/negative_samples/neg_73_3.jpg,0,non-egg
/content/negative_samples/neg_74_0.jpg,0,non-egg
/content/negative_samples/neg_74_1.jpg,0,non-egg
/content/negative_samples/neg_74_2.jpg,0,non-egg
/content/negative_samples/neg_74_3.jpg,0,non-egg
/content/negative_samples/neg_75_0.jpg,0,non-egg
/content/negative_samples/neg_75_1.jpg,0,non-egg
/content/negative_samples/neg_75_2.jpg,0,non-egg
/content/negative_samples/neg_75_3.jpg,0,non-egg
/content/negative_samples/neg_76_0.jpg,0,non-egg
/content/negative_samples/neg_76_1.jpg,0,non-egg
/content/negative_samples/neg_76_2.jpg,0,non-egg
/content/negative_samples/neg_76_3.jpg,0,non-egg
/content/negative_samples/neg_77_0.jpg,0,non-egg
/content/negative_samples/neg_77_1.jpg,0,non-egg
/content/negative_samples/neg_77_2.jpg,0,non-egg
/content/negative_samples/neg_77_3.jpg,0,non-egg
/content/negative_samples/neg_78_0.jpg,0,non-egg
/content/negative_samples/neg_78_1.jpg,0,non-egg
/content/negative_samples/neg_78_2.jpg,0,non-egg
/content/negative_samples/neg_78_3.jpg,0,non-egg
/content/negative_samples/neg_79_0.jpg,0,non-egg
/content/negative_samples/neg_79_1.jpg,0,non-egg
/content/negative_samples/neg_79_2.jpg,0,non-egg
/content/negative_samples/neg_79_3.jpg,0,non-egg
/content/negative_samples/neg_80_0.jpg,0,non-egg
/content/negative_samples/neg_80_1.jpg,0,non-egg
/content/negative_samples/neg_80_2.jpg,0,non-egg
/content/negative_samples/neg_80_3.jpg,0,non-egg
/content/negative_samples/neg_81_0.jpg,0,non-egg
/content/negative_samples/neg_81_1.jpg,0,non-egg
/content/negative_samples/neg_81_2.jpg,0,non-egg
/content/negative_samples/neg_81_3.jpg,0,non-egg
/content/negative_samples/neg_82_0.jpg,0,non-egg
/content/negative_samples/neg_82_1.jpg,0,non-egg
/content/negative_samples/neg_82_2.jpg,0,non-egg
/content/negative_samples/neg_82_3.jpg,0,non-egg
/content/negative_samples/neg_83_0.jpg,0,non-egg
/content/negative_samples/neg_83_1.jpg,0,non-egg
/content/negative_samples/neg_83_2.jpg,0,non-egg
/content/negative_samples/neg_83_3.jpg,0,non-egg
/content/negative_samples/neg_84_0.jpg,0,non-egg
/content/negative_samples/neg_84_1.jpg,0,non-egg
/content/negative_samples/neg_84_2.jpg,0,non-egg
/content/negative_samples/neg_84_3.jpg,0,non-egg
/content/negative_samples/neg_85_0.jpg,0,non-egg
/content/negative_samples/neg_85_1.jpg,0,non-egg
/content/negative_samples/neg_85_2.jpg,0,non-egg
/content/negative_samples/neg_85_3.jpg,0,non-egg
/content/negative_samples/neg_86_0.jpg,0,non-egg
/content/negative_samples/neg_86_1.jpg,0,non-egg
/content/negative_samples/neg_86_2.jpg,0,non-egg
/content/negative_samples/neg_86_3.jpg,0,non-egg
/content/negative_samples/neg_87_0.jpg,0,non-egg
/content/negative_samples/neg_87_1.jpg,0,non-egg
/content/negative_samples/neg_87_2.jpg,0,non-egg
/content/negative_samples/neg_87_3.jpg,0,non-egg
/content/negative_samples/neg_88_0.jpg,0,non-egg
/content/negative_samples/neg_88_1.jpg,0,non-egg
/content/negative_samples/neg_88_2.jpg,0,non-egg
/content/negative_samples/neg_88_3.jpg,0,non-egg
/content/negative_samples/neg_89_0.jpg,0,non-egg
/content/negative_samples/neg_89_1.jpg,0,non-egg
/content/negative_samples/neg_89_2.jpg,0,non-egg
/content/negative_samples/neg_89_3.jpg,0,non-egg
/content/negative_samples/neg_90_0.jpg,0,non-egg
/content/negative_samples/neg_90_1.jpg,0,non-egg
/content/negative_samples/neg_90_2.jpg,0,non-egg
/content/negative_samples/neg_90_3.jpg,0,non-egg
/content/negative_samples/neg_91_0.jpg,0,non-egg
/content/negative_samples/neg_91_1.jpg,0,non-egg
/content/negative_samples/neg_91_2.jpg,0,non-egg
/content/negative_samples/neg_91_3.jpg,0,non-egg
/content/negative_samples/neg_92_0.jpg,0,non-egg
/content/negative_samples/neg_92_1.jpg,0,non-egg
/content/negative_samples/neg_92_2.jpg,0,non-egg
/content/negative_samples/neg_92_3.jpg,0,non-egg
/content/negative_samples/neg_93_0.jpg,0,non-egg
/content/negative_samples/neg_93_1.jpg,0,non-egg
/content/negative_samples/neg_93_2.jpg,0,non-egg
/content/negative_samples/neg_93_3.jpg,0,non-egg
/content/negative_samples/neg_94_0.jpg,0,non-egg
/content/negative_samples/neg_94_1.jpg,0,non-egg
/content/negative_samples/neg_94_2.jpg,0,non-egg
/content/negative_samples/neg_94_3.jpg,0,non-egg
/content/negative_samples/neg_95_0.jpg,0,non-egg
/content/negative_samples/neg_95_1.jpg,0,non-egg
/content/negative_samples/neg_95_2.jpg,0,non-egg
/content/negative_samples/neg_95_3.jpg,0,non-egg
/content/negative_samples/neg_96_0.jpg,0,non-egg
/content/negative_samples/neg_96_1.jpg,0,non-egg
/content/negative_samples/neg_96_2.jpg,0,non-egg
/content/negative_samples/neg_96_3.jpg,0,non-egg
/content/negative_samples/neg_97_0.jpg,0,non-egg
/content/negative_samples/neg_97_1.jpg,0,non-egg
/content/negative_samples/neg_97_2.jpg,0,non-egg
/content/negative_samples/neg_97_3.jpg,0,non-egg
/content/negative_samples/neg_98_0.jpg,0,non-egg
/content/negative_samples/neg_98_1.jpg,0,non-egg
/content/negative_samples/neg_98_2.jpg,0,non-egg
/content/negative_samples/neg_98_3.jpg,0,non-egg
/content/negative_samples/neg_99_0.jpg,0,non-egg
/content/negative_samples/neg_99_1.jpg,0,non-egg
/content/negative_samples/neg_99_2.jpg,0,non-egg
/content/negative_samples/neg_99_3.jpg,0,non-egg
/content/negative_samples/neg_100_0.jpg,0,non-egg
/content/negative_samples/neg_100_1.jpg,0,non-egg
/content/negative_samples/neg_100_2.jpg,0,non-egg
/content/negative_samples/neg_100_3.jpg,0,non-egg
/content/negative_samples/neg_101_0.jpg,0,non-egg
/content/negative_samples/neg_101_1.jpg,0,non-egg
/content/negative_samples/neg_101_2.jpg,0,non-egg
/content/negative_samples/neg_101_3.jpg,0,non-egg
/content/negative_samples/neg_102_0.jpg,0,non-egg
/content/negative_samples/neg_102_1.jpg,0,non-egg
/content/negative_samples/neg_102_2.jpg,0,non-egg
/content/negative_samples/neg_102_3.jpg,0,non-egg
/content/negative_samples/neg_103_0.jpg,0,non-egg
/content/negative_samples/neg_103_1.jpg,0,non-egg
/content/negative_samples/neg_103_2.jpg,0,non-egg
/content/negative_samples/neg_103_3.jpg,0,non-egg
/content/negative_samples/neg_104_0.jpg,0,non-egg
/content/negative_samples/neg_104_1.jpg,0,non-egg
/content/negative_samples/neg_104_2.jpg,0,non-egg
/content/negative_samples/neg_104_3.jpg,0,non-egg
/content/negative_samples/neg_105_0.jpg,0,non-egg
/content/negative_samples/neg_105_1.jpg,0,non-egg
/content/negative_samples/neg_105_2.jpg,0,non-egg
/content/negative_samples/neg_105_3.jpg,0,non-egg
/content/negative_samples/neg_106_0.jpg,0,non-egg
/content/negative_samples/neg_106_1.jpg,0,non-egg
/content/negative_samples/neg_106_2.jpg,0,non-egg
/content/negative_samples/neg_106_3.jpg,0,non-egg
/content/negative_samples/neg_107_0.jpg,0,non-egg
/content/negative_samples/neg_107_1.jpg,0,non-egg
/content/negative_samples/neg_107_2.jpg,0,non-egg
/content/negative_samples/neg_107_3.jpg,0,non-egg
/content/negative_samples/neg_108_0.jpg,0,non-egg
/content/negative_samples/neg_108_1.jpg,0,non-egg
/content/negative_samples/neg_108_2.jpg,0,non-egg
/content/negative_samples/neg_108_3.jpg,0,non-egg
/content/negative_samples/neg_109_0.jpg,0,non-egg
/content/negative_samples/neg_109_1.jpg,0,non-egg
/content/negative_samples/neg_109_2.jpg,0,non-egg
/content/negative_samples/neg_109_3.jpg,0,non-egg
/content/negative_samples/neg_110_0.jpg,0,non-egg
/content/negative_samples/neg_110_1.jpg,0,non-egg
/content/negative_samples/neg_110_2.jpg,0,non-egg
/content/negative_samples/neg_110_3.jpg,0,non-egg
/content/negative_samples/neg_111_0.jpg,0,non-egg
/content/negative_samples/neg_111_1.jpg,0,non-egg
/content/negative_samples/neg_111_2.jpg,0,non-egg
/content/negative_samples/neg_111_3.jpg,0,non-egg
/content/negative_samples/neg_112_0.jpg,0,non-egg
/content/negative_samples/neg_112_1.jpg,0,non-egg
/content/negative_samples/neg_112_2.jpg,0,non-egg
/content/negative_samples/neg_112_3.jpg,0,non-egg
/content/negative_samples/neg_113_0.jpg,0,non-egg
/content/negative_samples/neg_113_1.jpg,0,non-egg
/content/negative_samples/neg_113_2.jpg,0,non-egg
/content/negative_samples/neg_113_3.jpg,0,non-egg
/content/negative_samples/neg_114_0.jpg,0,non-egg
/content/negative_samples/neg_114_1.jpg,0,non-egg
/content/negative_samples/neg_114_2.jpg,0,non-egg
/content/negative_samples/neg_114_3.jpg,0,non-egg
/content/negative_samples/neg_115_0.jpg,0,non-egg
/content/negative_samples/neg_115_1.jpg,0,non-egg
/content/negative_samples/neg_115_2.jpg,0,non-egg
/content/negative_samples/neg_115_3.jpg,0,non-egg
/content/negative_samples/neg_116_0.jpg,0,non-egg
/content/negative_samples/neg_116_1.jpg,0,non-egg
/content/negative_samples/neg_116_2.jpg,0,non-egg
/content/negative_samples/neg_116_3.jpg,0,non-egg
/content/negative_samples/neg_117_0.jpg,0,non-egg
/content/negative_samples/neg_117_1.jpg,0,non-egg
/content/negative_samples/neg_117_2.jpg,0,non-egg
/content/negative_samples/neg_117_3.jpg,0,non-egg
/content/negative_samples/neg_118_0.jpg,0,non-egg
/content/negative_samples/neg_118_1.jpg,0,non-egg
/content/negative_samples/neg_118_2.jpg,0,non-egg
/content/negative_samples/neg_118_3.jpg,0,non-egg
/content/negative_samples/neg_119_0.jpg,0,non-egg
/content/negative_samples/neg_119_1.jpg,0,non-egg
/content/negative_samples/neg_119_2.jpg,0,non-egg
/content/negative_samples/neg_119_3.jpg,0,non-egg
/content/negative_samples/neg_120_0.jpg,0,non-egg
/content/negative_samples/neg_120_1.jpg,0,non-egg
/content/negative_samples/neg_120_2.jpg,0,non-egg
/content/negative_samples/neg_120_3.jpg,0,non-egg
/content/negative_samples/neg_121_0.jpg,0,non-egg
/content/negative_samples/neg_121_1.jpg,0,non-egg
/content/negative_samples/neg_121_2.jpg,0,non-egg
/content/negative_samples/neg_121_3.jpg,0,non-egg
/content/negative_samples/neg_122_0.jpg,0,non-egg
/content/negative_samples/neg_122_1.jpg,0,non-egg
/content/negative_samples/neg_122_2.jpg,0,non-egg
/content/negative_samples/neg_122_3.jpg,0,non-egg
/content/negative_samples/neg_123_0.jpg,0,non-egg
/content/negative_samples/neg_123_1.jpg,0,non-egg
/content/negative_samples/neg_123_2.jpg,0,non-egg
/content/negative_samples/neg_123_3.jpg,0,non-egg
/content/negative_samples/neg_124_0.jpg,0,non-egg
/content/negative_samples/neg_124_1.jpg,0,non-egg
/content/negative_samples/neg_124_2.jpg,0,non-egg
/content/negative_samples/neg_124_3.jpg,0,non-egg
/content/negative_samples/neg_125_0.jpg,0,non-egg
/content/negative_samples/neg_125_1.jpg,0,non-egg
/content/negative_samples/neg_125_2.jpg,0,non-egg
/content/negative_samples/neg_125_3.jpg,0,non-egg
/content/negative_samples/neg_126_0.jpg,0,non-egg
/content/negative_samples/neg_126_1.jpg,0,non-egg
/content/negative_samples/neg_126_2.jpg,0,non-egg
/content/negative_samples/neg_126_3.jpg,0,non-egg
/content/negative_samples/neg_127_0.jpg,0,non-egg
/content/negative_samples/neg_127_1.jpg,0,non-egg
/content/negative_samples/neg_127_2.jpg,0,non-egg
/content/negative_samples/neg_127_3.jpg,0,non-egg
/content/negative_samples/neg_128_0.jpg,0,non-egg
/content/negative_samples/neg_128_1.jpg,0,non-egg
/content/negative_samples/neg_128_2.jpg,0,non-egg
/content/negative_samples/neg_128_3.jpg,0,non-egg
/content/negative_samples/neg_129_0.jpg,0,non-egg
/content/negative_samples/neg_129_1.jpg,0,non-egg
/content/negative_samples/neg_129_2.jpg,0,non-egg
/content/negative_samples/neg_129_3.jpg,0,non-egg
/content/negative_samples/neg_130_0.jpg,0,non-egg
/content/negative_samples/neg_130_1.jpg,0,non-egg
/content/negative_samples/neg_130_2.jpg,0,non-egg
/content/negative_samples/neg_130_3.jpg,0,non-egg
/content/negative_samples/neg_131_0.jpg,0,non-egg
/content/negative_samples/neg_131_1.jpg,0,non-egg
/content/negative_samples/neg_131_2.jpg,0,non-egg
/content/negative_samples/neg_131_3.jpg,0,non-egg
/content/negative_samples/neg_132_0.jpg,0,non-egg
/content/negative_samples/neg_132_1.jpg,0,non-egg
/content/negative_samples/neg_132_2.jpg,0,non-egg
/content/negative_samples/neg_132_3.jpg,0,non-egg
/content/negative_samples/neg_133_0.jpg,0,non-egg
/content/negative_samples/neg_133_1.jpg,0,non-egg
/content/negative_samples/neg_133_2.jpg,0,non-egg
/content/negative_samples/neg_133_3.jpg,0,non-egg
/content/negative_samples/neg_134_0.jpg,0,non-egg
/content/negative_samples/neg_134_1.jpg,0,non-egg
/content/negative_samples/neg_134_2.jpg,0,non-egg
/content/negative_samples/neg_134_3.jpg,0,non-egg
/content/negative_samples/neg_135_0.jpg,0,non-egg
/content/negative_samples/neg_135_1.jpg,0,non-egg
/content/negative_samples/neg_135_2.jpg,0,non-egg
/content/negative_samples/neg_135_3.jpg,0,non-egg
/content/negative_samples/neg_136_0.jpg,0,non-egg
/content/negative_samples/neg_136_1.jpg,0,non-egg
/content/negative_samples/neg_136_2.jpg,0,non-egg
/content/negative_samples/neg_136_3.jpg,0,non-egg
/content/negative_samples/neg_137_0.jpg,0,non-egg
/content/negative_samples/neg_137_1.jpg,0,non-egg
/content/negative_samples/neg_137_2.jpg,0,non-egg
/content/negative_samples/neg_137_3.jpg,0,non-egg
/content/negative_samples/neg_138_0.jpg,0,non-egg
/content/negative_samples/neg_138_1.jpg,0,non-egg
/content/negative_samples/neg_138_2.jpg,0,non-egg
/content/negative_samples/neg_138_3.jpg,0,non-egg
/content/negative_samples/neg_139_0.jpg,0,non-egg
/content/negative_samples/neg_139_1.jpg,0,non-egg
/content/negative_samples/neg_139_2.jpg,0,non-egg
/content/negative_samples/neg_139_3.jpg,0,non-egg
/content/negative_samples/neg_140_0.jpg,0,non-egg
/content/negative_samples/neg_140_1.jpg,0,non-egg
/content/negative_samples/neg_140_2.jpg,0,non-egg
/content/negative_samples/neg_140_3.jpg,0,non-egg
/content/negative_samples/neg_141_0.jpg,0,non-egg
/content/negative_samples/neg_141_1.jpg,0,non-egg
/content/negative_samples/neg_141_2.jpg,0,non-egg
/content/negative_samples/neg_141_3.jpg,0,non-egg
/content/negative_samples/neg_142_0.jpg,0,non-egg
/content/negative_samples/neg_142_1.jpg,0,non-egg
/content/negative_samples/neg_142_2.jpg,0,non-egg
/content/negative_samples/neg_142_3.jpg,0,non-egg
/content/negative_samples/neg_143_0.jpg,0,non-egg
/content/negative_samples/neg_143_1.jpg,0,non-egg
/content/negative_samples/neg_143_2.jpg,0,non-egg
/content/negative_samples/neg_143_3.jpg,0,non-egg
/content/negative_samples/neg_144_0.jpg,0,non-egg
/content/negative_samples/neg_144_1.jpg,0,non-egg
/content/negative_samples/neg_144_2.jpg,0,non-egg
/content/negative_samples/neg_144_3.jpg,0,non-egg
/content/negative_samples/neg_145_0.jpg,0,non-egg
/content/negative_samples/neg_145_1.jpg,0,non-egg
/content/negative_samples/neg_145_2.jpg,0,non-egg
/content/negative_samples/neg_145_3.jpg,0,non-egg
/content/negative_samples/neg_146_0.jpg,0,non-egg
/content/negative_samples/neg_146_1.jpg,0,non-egg
/content/negative_samples/neg_146_2.jpg,0,non-egg
/content/negative_samples/neg_146_3.jpg,0,non-egg
/content/negative_samples/neg_147_0.jpg,0,non-egg
/content/negative_samples/neg_147_1.jpg,0,non-egg
/content/negative_samples/neg_147_2.jpg,0,non-egg
/content/negative_samples/neg_147_3.jpg,0,non-egg
/content/negative_samples/neg_148_0.jpg,0,non-egg
/content/negative_samples/neg_148_1.jpg,0,non-egg
/content/negative_samples/neg_148_2.jpg,0,non-egg
/content/negative_samples/neg_148_3.jpg,0,non-egg
/content/negative_samples/neg_149_0.jpg,0,non-egg
/content/negative_samples/neg_149_1.jpg,0,non-egg
/content/negative_samples/neg_149_2.jpg,0,non-egg
/content/negative_samples/neg_149_3.jpg,0,non-egg
/content/negative_samples/neg_150_0.jpg,0,non-egg
/content/negative_samples/neg_150_1.jpg,0,non-egg
/content/negative_samples/neg_150_2.jpg,0,non-egg
/content/negative_samples/neg_150_3.jpg,0,non-egg
/content/negative_samples/neg_151_0.jpg,0,non-egg
/content/negative_samples/neg_151_1.jpg,0,non-egg
/content/negative_samples/neg_151_2.jpg,0,non-egg
/content/negative_samples/neg_151_3.jpg,0,non-egg
/content/negative_samples/neg_152_0.jpg,0,non-egg
/content/negative_samples/neg_152_1.jpg,0,non-egg
/content/negative_samples/neg_152_2.jpg,0,non-egg
/content/negative_samples/neg_152_3.jpg,0,non-egg
/content/negative_samples/neg_153_0.jpg,0,non-egg
/content/negative_samples/neg_153_1.jpg,0,non-egg
/content/negative_samples/neg_153_2.jpg,0,non-egg
/content/negative_samples/neg_153_3.jpg,0,non-egg
/content/negative_samples/neg_154_0.jpg,0,non-egg
/content/negative_samples/neg_154_1.jpg,0,non-egg
/content/negative_samples/neg_154_2.jpg,0,non-egg
/content/negative_samples/neg_154_3.jpg,0,non-egg
/content/negative_samples/neg_155_0.jpg,0,non-egg
/content/negative_samples/neg_155_1.jpg,0,non-egg
/content/negative_samples/neg_155_2.jpg,0,non-egg
/content/negative_samples/neg_155_3.jpg,0,non-egg
/content/negative_samples/neg_156_0.jpg,0,non-egg
/content/negative_samples/neg_156_1.jpg,0,non-egg
/content/negative_samples/neg_156_2.jpg,0,non-egg
/content/negative_samples/neg_156_3.jpg,0,non-egg
/content/negative_samples/neg_157_0.jpg,0,non-egg
/content/negative_samples/neg_157_1.jpg,0,non-egg
/content/negative_samples/neg_157_2.jpg,0,non-egg
/content/negative_samples/neg_157_3.jpg,0,non-egg
/content/negative_samples/neg_158_0.jpg,0,non-egg
/content/negative_samples/neg_158_1.jpg,0,non-egg
/content/negative_samples/neg_158_2.jpg,0,non-egg
/content/negative_samples/neg_158_3.jpg,0,non-egg
/content/negative_samples/neg_159_0.jpg,0,non-egg
/content/negative_samples/neg_159_1.jpg,0,non-egg
/content/negative_samples/neg_159_2.jpg,0,non-egg
/content/negative_samples/neg_159_3.jpg,0,non-egg
/content/negative_samples/neg_160_0.jpg,0,non-egg
/content/negative_samples/neg_160_1.jpg,0,non-egg
/content/negative_samples/neg_160_2.jpg,0,non-egg
/content/negative_samples/neg_160_3.jpg,0,non-egg
/content/negative_samples/neg_161_0.jpg,0,non-egg
/content/negative_samples/neg_161_1.jpg,0,non-egg
/content/negative_samples/neg_161_2.jpg,0,non-egg
/content/negative_samples/neg_161_3.jpg,0,non-egg
/content/negative_samples/neg_162_0.jpg,0,non-egg
/content/negative_samples/neg_162_1.jpg,0,non-egg
/content/negative_samples/neg_162_2.jpg,0,non-egg
/content/negative_samples/neg_162_3.jpg,0,non-egg
/content/negative_samples/neg_163_0.jpg,0,non-egg
/content/negative_samples/neg_163_1.jpg,0,non-egg
/content/negative_samples/neg_163_2.jpg,0,non-egg
/content/negative_samples/neg_163_3.jpg,0,non-egg
/content/negative_samples/neg_164_0.jpg,0,non-egg
/content/negative_samples/neg_164_1.jpg,0,non-egg
/content/negative_samples/neg_164_2.jpg,0,non-egg
/content/negative_samples/neg_164_3.jpg,0,non-egg
/content/negative_samples/neg_165_0.jpg,0,non-egg
/content/negative_samples/neg_165_1.jpg,0,non-egg
/content/negative_samples/neg_165_2.jpg,0,non-egg
/content/negative_samples/neg_165_3.jpg,0,non-egg
/content/negative_samples/neg_166_0.jpg,0,non-egg
/content/negative_samples/neg_166_1.jpg,0,non-egg
/content/negative_samples/neg_166_2.jpg,0,non-egg
/content/negative_samples/neg_166_3.jpg,0,non-egg
/content/negative_samples/neg_167_0.jpg,0,non-egg
/content/negative_samples/neg_167_1.jpg,0,non-egg
/content/negative_samples/neg_167_2.jpg,0,non-egg
/content/negative_samples/neg_167_3.jpg,0,non-egg
/content/negative_samples/neg_168_0.jpg,0,non-egg
/content/negative_samples/neg_168_1.jpg,0,non-egg
/content/negative_samples/neg_168_2.jpg,0,non-egg
/content/negative_samples/neg_168_3.jpg,0,non-egg
/content/negative_samples/neg_169_0.jpg,0,non-egg
/content/negative_samples/neg_169_1.jpg,0,non-egg
/content/negative_samples/neg_169_2.jpg,0,non-egg
/content/negative_samples/neg_169_3.jpg,0,non-egg
/content/negative_samples/neg_170_0.jpg,0,non-egg
/content/negative_samples/neg_170_1.jpg,0,non-egg
/content/negative_samples/neg_170_2.jpg,0,non-egg
/content/negative_samples/neg_170_3.jpg,0,non-egg
/content/negative_samples/neg_171_0.jpg,0,non-egg
/content/negative_samples/neg_171_1.jpg,0,non-egg
/content/negative_samples/neg_171_2.jpg,0,non-egg
/content/negative_samples/neg_171_3.jpg,0,non-egg
/content/negative_samples/neg_172_0.jpg,0,non-egg
/content/negative_samples/neg_172_1.jpg,0,non-egg
/content/negative_samples/neg_172_2.jpg,0,non-egg
/content/negative_samples/neg_172_3.jpg,0,non-egg
/content/negative_samples/neg_173_0.jpg,0,non-egg
/content/negative_samples/neg_173_1.jpg,0,non-egg
/content/negative_samples/neg_173_2.jpg,0,non-egg
/content/negative_samples/neg_173_3.jpg,0,non-egg
/content/negative_samples/neg_174_0.jpg,0,non-egg
/content/negative_samples/neg_174_1.jpg,0,non-egg
/content/negative_samples/neg_174_2.jpg,0,non-egg
/content/negative_samples/neg_174_3.jpg,0,non-egg
/content/negative_samples/neg_175_0.jpg,0,non-egg
/content/negative_samples/neg_175_1.jpg,0,non-egg
/content/negative_samples/neg_175_2.jpg,0,non-egg
/content/negative_samples/neg_175_3.jpg,0,non-egg
/content/negative_samples/neg_176_0.jpg,0,non-egg
/content/negative_samples/neg_176_1.jpg,0,non-egg
/content/negative_samples/neg_176_2.jpg,0,non-egg
/content/negative_samples/neg_176_3.jpg,0,non-egg
/content/negative_samples/neg_177_0.jpg,0,non-egg
/content/negative_samples/neg_177_1.jpg,0,non-egg
/content/negative_samples/neg_177_2.jpg,0,non-egg
/content/negative_samples/neg_177_3.jpg,0,non-egg
/content/negative_samples/neg_178_0.jpg,0,non-egg
/content/negative_samples/neg_178_1.jpg,0,non-egg
/content/negative_samples/neg_178_2.jpg,0,non-egg
/content/negative_samples/neg_178_3.jpg,0,non-egg
/content/negative_samples/neg_179_0.jpg,0,non-egg
/content/negative_samples/neg_179_1.jpg,0,non-egg
/content/negative_samples/neg_179_2.jpg,0,non-egg
/content/negative_samples/neg_179_3.jpg,0,non-egg
/content/negative_samples/neg_180_0.jpg,0,non-egg
/content/negative_samples/neg_180_1.jpg,0,non-egg
/content/negative_samples/neg_180_2.jpg,0,non-egg
/content/negative_samples/neg_180_3.jpg,0,non-egg
/content/negative_samples/neg_181_0.jpg,0,non-egg
/content/negative_samples/neg_181_1.jpg,0,non-egg
/content/negative_samples/neg_181_2.jpg,0,non-egg
/content/negative_samples/neg_181_3.jpg,0,non-egg
/content/negative_samples/neg_182_0.jpg,0,non-egg
/content/negative_samples/neg_182_1.jpg,0,non-egg
/content/negative_samples/neg_182_2.jpg,0,non-egg
/content/negative_samples/neg_182_3.jpg,0,non-egg
/content/negative_samples/neg_183_0.jpg,0,non-egg
/content/negative_samples/neg_183_1.jpg,0,non-egg
/content/negative_samples/neg_183_2.jpg,0,non-egg
/content/negative_samples/neg_183_3.jpg,0,non-egg
/content/negative_samples/neg_184_0.jpg,0,non-egg
/content/negative_samples/neg_184_1.jpg,0,non-egg
/content/negative_samples/neg_184_2.jpg,0,non-egg
/content/negative_samples/neg_184_3.jpg,0,non-egg
/content/negative_samples/neg_185_0.jpg,0,non-egg
/content/negative_samples/neg_185_1.jpg,0,non-egg
/content/negative_samples/neg_185_2.jpg,0,non-egg
/content/negative_samples/neg_185_3.jpg,0,non-egg
/content/negative_samples/neg_186_0.jpg,0,non-egg
/content/negative_samples/neg_186_1.jpg,0,non-egg
/content/negative_samples/neg_186_2.jpg,0,non-egg
/content/negative_samples/neg_186_3.jpg,0,non-egg
/content/negative_samples/neg_187_0.jpg,0,non-egg
/content/negative_samples/neg_187_1.jpg,0,non-egg
/content/negative_samples/neg_187_2.jpg,0,non-egg
/content/negative_samples/neg_187_3.jpg,0,non-egg
/content/negative_samples/neg_188_0.jpg,0,non-egg
/content/negative_samples/neg_188_1.jpg,0,non-egg
/content/negative_samples/neg_188_2.jpg,0,non-egg
/content/negative_samples/neg_188_3.jpg,0,non-egg
/content/negative_samples/neg_189_0.jpg,0,non-egg
/content/negative_samples/neg_189_1.jpg,0,non-egg
/content/negative_samples/neg_189_2.jpg,0,non-egg
/content/negative_samples/neg_189_3.jpg,0,non-egg
/content/negative_samples/neg_190_0.jpg,0,non-egg
/content/negative_samples/neg_190_1.jpg,0,non-egg
/content/negative_samples/neg_190_2.jpg,0,non-egg
/content/negative_samples/neg_190_3.jpg,0,non-egg
/content/negative_samples/neg_191_0.jpg,0,non-egg
/content/negative_samples/neg_191_1.jpg,0,non-egg
/content/negative_samples/neg_191_2.jpg,0,non-egg
/content/negative_samples/neg_191_3.jpg,0,non-egg
/content/negative_samples/neg_192_0.jpg,0,non-egg
/content/negative_samples/neg_192_1.jpg,0,non-egg
/content/negative_samples/neg_192_2.jpg,0,non-egg
/content/negative_samples/neg_192_3.jpg,0,non-egg
/content/negative_samples/neg_193_0.jpg,0,non-egg
/content/negative_samples/neg_193_1.jpg,0,non-egg
/content/negative_samples/neg_193_2.jpg,0,non-egg
/content/negative_samples/neg_193_3.jpg,0,non-egg
/content/negative_samples/neg_194_0.jpg,0,non-egg
/content/negative_samples/neg_194_1.jpg,0,non-egg
/content/negative_samples/neg_194_2.jpg,0,non-egg
/content/negative_samples/neg_194_3.jpg,0,non-egg
/content/negative_samples/neg_195_0.jpg,0,non-egg
/content/negative_samples/neg_195_1.jpg,0,non-egg
/content/negative_samples/neg_195_2.jpg,0,non-egg
/content/negative_samples/neg_195_3.jpg,0,non-egg
/content/negative_samples/neg_196_0.jpg,0,non-egg
/content/negative_samples/neg_196_1.jpg,0,non-egg
/content/negative_samples/neg_196_2.jpg,0,non-egg
/content/negative_samples/neg_196_3.jpg,0,non-egg
/content/negative_samples/neg_197_0.jpg,0,non-egg
/content/negative_samples/neg_197_1.jpg,0,non-egg
/content/negative_samples/neg_197_2.jpg,0,non-egg
/content/negative_samples/neg_197_3.jpg,0,non-egg
/content/negative_samples/neg_198_0.jpg,0,non-egg
/content/negative_samples/neg_198_1.jpg,0,non-egg
/content/negative_samples/neg_198_2.jpg,0,non-egg
/content/negative_samples/neg_198_3.jpg,0,non-egg
/content/negative_samples/neg_199_0.jpg,0,non-egg
/content/negative_samples/neg_199_1.jpg,0,non-egg
/content/negative_samples/neg_199_2.jpg,0,non-egg
/content/negative_samples/neg_199_3.jpg,0,non-egg
/content/negative_samples/neg_200_0.jpg,0,non-egg
/content/negative_samples/neg_200_1.jpg,0,non-egg
/content/negative_samples/neg_200_2.jpg,0,non-egg
/content/negative_samples/neg_200_3.jpg,0,non-egg
/content/negative_samples/neg_201_0.jpg,0,non-egg
/content/negative_samples/neg_201_1.jpg,0,non-egg
/content/negative_samples/neg_201_2.jpg,0,non-egg
/content/negative_samples/neg_201_3.jpg,0,non-egg
/content/negative_samples/neg_202_0.jpg,0,non-egg
/content/negative_samples/neg_202_1.jpg,0,non-egg
/content/negative_samples/neg_202_2.jpg,0,non-egg
/content/negative_samples/neg_202_3.jpg,0,non-egg
/content/negative_samples/neg_203_0.jpg,0,non-egg
/content/negative_samples/neg_203_1.jpg,0,non-egg
/content/negative_samples/neg_203_2.jpg,0,non-egg
/content/negative_samples/neg_203_3.jpg,0,non-egg
/content/negative_samples/neg_204_0.jpg,0,non-egg
/content/negative_samples/neg_204_1.jpg,0,non-egg
/content/negative_samples/neg_204_2.jpg,0,non-egg
/content/negative_samples/neg_204_3.jpg,0,non-egg
/content/negative_samples/neg_205_0.jpg,0,non-egg
/content/negative_samples/neg_205_1.jpg,0,non-egg
/content/negative_samples/neg_205_2.jpg,0,non-egg
/content/negative_samples/neg_205_3.jpg,0,non-egg
/content/negative_samples/neg_206_0.jpg,0,non-egg
/content/negative_samples/neg_206_1.jpg,0,non-egg
/content/negative_samples/neg_206_2.jpg,0,non-egg
/content/negative_samples/neg_206_3.jpg,0,non-egg
/content/negative_samples/neg_207_0.jpg,0,non-egg
/content/negative_samples/neg_207_1.jpg,0,non-egg
/content/negative_samples/neg_207_2.jpg,0,non-egg
/content/negative_samples/neg_207_3.jpg,0,non-egg
/content/negative_samples/neg_208_0.jpg,0,non-egg
/content/negative_samples/neg_208_1.jpg,0,non-egg
/content/negative_samples/neg_208_2.jpg,0,non-egg
/content/negative_samples/neg_208_3.jpg,0,non-egg
/content/negative_samples/neg_209_0.jpg,0,non-egg
/content/negative_samples/neg_209_1.jpg,0,non-egg
/content/negative_samples/neg_209_2.jpg,0,non-egg
/content/negative_samples/neg_209_3.jpg,0,non-egg
/content/negative_samples/neg_210_0.jpg,0,non-egg
/content/negative_samples/neg_210_1.jpg,0,non-egg
/content/negative_samples/neg_210_2.jpg,0,non-egg
/content/negative_samples/neg_210_3.jpg,0,non-egg
/content/negative_samples/neg_211_0.jpg,0,non-egg
/content/negative_samples/neg_211_1.jpg,0,non-egg
/content/negative_samples/neg_211_2.jpg,0,non-egg
/content/negative_samples/neg_211_3.jpg,0,non-egg
/content/negative_samples/neg_212_0.jpg,0,non-egg
/content/negative_samples/neg_212_1.jpg,0,non-egg
/content/negative_samples/neg_212_2.jpg,0,non-egg
/content/negative_samples/neg_212_3.jpg,0,non-egg
/content/negative_samples/neg_213_0.jpg,0,non-egg
/content/negative_samples/neg_213_1.jpg,0,non-egg
/content/negative_samples/neg_213_2.jpg,0,non-egg
/content/negative_samples/neg_213_3.jpg,0,non-egg
/content/negative_samples/neg_214_0.jpg,0,non-egg
/content/negative_samples/neg_214_1.jpg,0,non-egg
/content/negative_samples/neg_214_2.jpg,0,non-egg
/content/negative_samples/neg_214_3.jpg,0,non-egg
/content/negative_samples/neg_215_0.jpg,0,non-egg
/content/negative_samples/neg_215_1.jpg,0,non-egg
/content/negative_samples/neg_215_2.jpg,0,non-egg
/content/negative_samples/neg_215_3.jpg,0,non-egg
/content/negative_samples/neg_216_0.jpg,0,non-egg
/content/negative_samples/neg_216_1.jpg,0,non-egg
/content/negative_samples/neg_216_2.jpg,0,non-egg
/content/negative_samples/neg_216_3.jpg,0,non-egg
/content/negative_samples/neg_217_0.jpg,0,non-egg
/content/negative_samples/neg_217_1.jpg,0,non-egg
/content/negative_samples/neg_217_2.jpg,0,non-egg
/content/negative_samples/neg_217_3.jpg,0,non-egg
/content/negative_samples/neg_218_0.jpg,0,non-egg
/content/negative_samples/neg_218_1.jpg,0,non-egg
/content/negative_samples/neg_218_2.jpg,0,non-egg
/content/negative_samples/neg_218_3.jpg,0,non-egg
/content/negative_samples/neg_219_0.jpg,0,non-egg
/content/negative_samples/neg_219_1.jpg,0,non-egg
/content/negative_samples/neg_219_2.jpg,0,non-egg
/content/negative_samples/neg_219_3.jpg,0,non-egg
/content/negative_samples/neg_220_0.jpg,0,non-egg
/content/negative_samples/neg_220_1.jpg,0,non-egg
/content/negative_samples/neg_220_2.jpg,0,non-egg
/content/negative_samples/neg_220_3.jpg,0,non-egg
/content/negative_samples/neg_221_0.jpg,0,non-egg
/content/negative_samples/neg_221_1.jpg,0,non-egg
/content/negative_samples/neg_221_2.jpg,0,non-egg
/content/negative_samples/neg_221_3.jpg,0,non-egg
/content/negative_samples/neg_222_0.jpg,0,non-egg
/content/negative_samples/neg_222_1.jpg,0,non-egg
/content/negative_samples/neg_222_2.jpg,0,non-egg
/content/negative_samples/neg_222_3.jpg,0,non-egg
/content/negative_samples/neg_223_0.jpg,0,non-egg
/content/negative_samples/neg_223_1.jpg,0,non-egg
/content/negative_samples/neg_223_2.jpg,0,non-egg
/content/negative_samples/neg_223_3.jpg,0,non-egg
/content/negative_samples/neg_224_0.jpg,0,non-egg
/content/negative_samples/neg_224_1.jpg,0,non-egg
/content/negative_samples/neg_224_2.jpg,0,non-egg
/content/negative_samples/neg_224_3.jpg,0,non-egg
/content/negative_samples/neg_225_0.jpg,0,non-egg
/content/negative_samples/neg_225_1.jpg,0,non-egg
/content/negative_samples/neg_225_2.jpg,0,non-egg
/content/negative_samples/neg_225_3.jpg,0,non-egg
/content/negative_samples/neg_226_0.jpg,0,non-egg
/content/negative_samples/neg_226_1.jpg,0,non-egg
/content/negative_samples/neg_226_2.jpg,0,non-egg
/content/negative_samples/neg_226_3.jpg,0,non-egg
/content/negative_samples/neg_227_0.jpg,0,non-egg
/content/negative_samples/neg_227_1.jpg,0,non-egg
/content/negative_samples/neg_227_2.jpg,0,non-egg
/content/negative_samples/neg_227_3.jpg,0,non-egg
/content/negative_samples/neg_228_0.jpg,0,non-egg
/content/negative_samples/neg_228_1.jpg,0,non-egg
/content/negative_samples/neg_228_2.jpg,0,non-egg
/content/negative_samples/neg_228_3.jpg,0,non-egg
/content/negative_samples/neg_229_0.jpg,0,non-egg
/content/negative_samples/neg_229_1.jpg,0,non-egg
/content/negative_samples/neg_229_2.jpg,0,non-egg
/content/negative_samples/neg_229_3.jpg,0,non-egg
/content/negative_samples/neg_230_0.jpg,0,non-egg
/content/negative_samples/neg_230_1.jpg,0,non-egg
/content/negative_samples/neg_230_2.jpg,0,non-egg
/content/negative_samples/neg_230_3.jpg,0,non-egg
/content/negative_samples/neg_231_0.jpg,0,non-egg
/content/negative_samples/neg_231_1.jpg,0,non-egg
/content/negative_samples/neg_231_2.jpg,0,non-egg
/content/negative_samples/neg_231_3.jpg,0,non-egg
/content/negative_samples/neg_232_0.jpg,0,non-egg
/content/negative_samples/neg_232_1.jpg,0,non-egg
/content/negative_samples/neg_232_2.jpg,0,non-egg
/content/negative_samples/neg_232_3.jpg,0,non-egg
/content/negative_samples/neg_233_0.jpg,0,non-egg
/content/negative_samples/neg_233_1.jpg,0,non-egg
/content/negative_samples/neg_233_2.jpg,0,non-egg
/content/negative_samples/neg_233_3.jpg,0,non-egg
/content/negative_samples/neg_234_0.jpg,0,non-egg
/content/negative_samples/neg_234_1.jpg,0,non-egg
/content/negative_samples/neg_234_2.jpg,0,non-egg
/content/negative_samples/neg_234_3.jpg,0,non-egg
/content/negative_samples/neg_235_0.jpg,0,non-egg
/content/negative_samples/neg_235_1.jpg,0,non-egg
/content/negative_samples/neg_235_2.jpg,0,non-egg
/content/negative_samples/neg_235_3.jpg,0,non-egg
/content/negative_samples/neg_236_0.jpg,0,non-egg
/content/negative_samples/neg_236_1.jpg,0,non-egg
/content/negative_samples/neg_236_2.jpg,0,non-egg
/content/negative_samples/neg_236_3.jpg,0,non-egg
/content/negative_samples/neg_237_0.jpg,0,non-egg
/content/negative_samples/neg_237_1.jpg,0,non-egg
/content/negative_samples/neg_237_2.jpg,0,non-egg
/content/negative_samples/neg_237_3.jpg,0,non-egg
/content/negative_samples/neg_238_0.jpg,0,non-egg
/content/negative_samples/neg_238_1.jpg,0,non-egg
/content/negative_samples/neg_238_2.jpg,0,non-egg
/content/negative_samples/neg_238_3.jpg,0,non-egg
/content/negative_samples/neg_239_0.jpg,0,non-egg
/content/negative_samples/neg_239_1.jpg,0,non-egg
/content/negative_samples/neg_239_2.jpg,0,non-egg
/content/negative_samples/neg_239_3.jpg,0,non-egg
/content/negative_samples/neg_240_0.jpg,0,non-egg
/content/negative_samples/neg_240_1.jpg,0,non-egg
/content/negative_samples/neg_240_2.jpg,0,non-egg
/content/negative_samples/neg_240_3.jpg,0,non-egg
/content/negative_samples/neg_241_0.jpg,0,non-egg
/content/negative_samples/neg_241_1.jpg,0,non-egg
/content/negative_samples/neg_241_2.jpg,0,non-egg
/content/negative_samples/neg_241_3.jpg,0,non-egg
/content/negative_samples/neg_242_0.jpg,0,non-egg
/content/negative_samples/neg_242_1.jpg,0,non-egg
/content/negative_samples/neg_242_2.jpg,0,non-egg
/content/negative_samples/neg_242_3.jpg,0,non-egg
/content/negative_samples/neg_243_0.jpg,0,non-egg
/content/negative_samples/neg_243_1.jpg,0,non-egg
/content/negative_samples/neg_243_2.jpg,0,non-egg
/content/negative_samples/neg_243_3.jpg,0,non-egg
/content/negative_samples/neg_244_0.jpg,0,non-egg
/content/negative_samples/neg_244_1.jpg,0,non-egg
/content/negative_samples/neg_244_2.jpg,0,non-egg
/content/negative_samples/neg_244_3.jpg,0,non-egg
/content/negative_samples/neg_245_0.jpg,0,non-egg
/content/negative_samples/neg_245_1.jpg,0,non-egg
/content/negative_samples/neg_245_2.jpg,0,non-egg
/content/negative_samples/neg_245_3.jpg,0,non-egg
/content/negative_samples/neg_246_0.jpg,0,non-egg
/content/negative_samples/neg_246_1.jpg,0,non-egg
/content/negative_samples/neg_246_2.jpg,0,non-egg
/content/negative_samples/neg_246_3.jpg,0,non-egg
/content/negative_samples/neg_247_0.jpg,0,non-egg
/content/negative_samples/neg_247_1.jpg,0,non-egg
/content/negative_samples/neg_247_2.jpg,0,non-egg
/content/negative_samples/neg_247_3.jpg,0,non-egg
/content/negative_samples/neg_248_0.jpg,0,non-egg
/content/negative_samples/neg_248_1.jpg,0,non-egg
/content/negative_samples/neg_248_2.jpg,0,non-egg
/content/negative_samples/neg_248_3.jpg,0,non-egg
/content/negative_samples/neg_249_0.jpg,0,non-egg
/content/negative_samples/neg_249_1.jpg,0,non-egg
/content/negative_samples/neg_249_2.jpg,0,non-egg
/content/negative_samples/neg_249_3.jpg,0,non-egg
/content/negative_samples/neg_250_0.jpg,0,non-egg
/content/negative_samples/neg_250_1.jpg,0,non-egg
/content/negative_samples/neg_250_2.jpg,0,non-egg
/content/negative_samples/neg_250_3.jpg,0,non-egg
/content/negative_samples/neg_251_0.jpg,0,non-egg
/content/negative_samples/neg_251_1.jpg,0,non-egg
/content/negative_samples/neg_251_2.jpg,0,non-egg
/content/negative_samples/neg_251_3.jpg,0,non-egg
/content/negative_samples/neg_252_0.jpg,0,non-egg
/content/negative_samples/neg_252_1.jpg,0,non-egg
/content/negative_samples/neg_252_2.jpg,0,non-egg
/content/negative_samples/neg_252_3.jpg,0,non-egg
/content/negative_samples/neg_253_0.jpg,0,non-egg
/content/negative_samples/neg_253_1.jpg,0,non-egg
/content/negative_samples/neg_253_2.jpg,0,non-egg
/content/negative_samples/neg_253_3.jpg,0,non-egg
/content/negative_samples/neg_254_0.jpg,0,non-egg
/content/negative_samples/neg_254_1.jpg,0,non-egg
/content/negative_samples/neg_254_2.jpg,0,non-egg
/content/negative_samples/neg_254_3.jpg,0,non-egg
/content/negative_samples/neg_255_0.jpg,0,non-egg
/content/negative_samples/neg_255_1.jpg,0,non-egg
/content/negative_samples/neg_255_2.jpg,0,non-egg
/content/negative_samples/neg_255_3.jpg,0,non-egg
/content/negative_samples/neg_256_0.jpg,0,non-egg
/content/negative_samples/neg_256_1.jpg,0,non-egg
/content/negative_samples/neg_256_2.jpg,0,non-egg
/content/negative_samples/neg_256_3.jpg,0,non-egg
/content/negative_samples/neg_257_0.jpg,0,non-egg
/content/negative_samples/neg_257_1.jpg,0,non-egg
/content/negative_samples/neg_257_2.jpg,0,non-egg
/content/negative_samples/neg_257_3.jpg,0,non-egg
/content/negative_samples/neg_258_0.jpg,0,non-egg
/content/negative_samples/neg_258_1.jpg,0,non-egg
/content/negative_samples/neg_258_2.jpg,0,non-egg
/content/negative_samples/neg_258_3.jpg,0,non-egg
/content/negative_samples/neg_259_0.jpg,0,non-egg
/content/negative_samples/neg_259_1.jpg,0,non-egg
/content/negative_samples/neg_259_2.jpg,0,non-egg
/content/negative_samples/neg_259_3.jpg,0,non-egg
/content/negative_samples/neg_260_0.jpg,0,non-egg
/content/negative_samples/neg_260_1.jpg,0,non-egg
/content/negative_samples/neg_260_2.jpg,0,non-egg
/content/negative_samples/neg_260_3.jpg,0,non-egg
/content/negative_samples/neg_261_0.jpg,0,non-egg
/content/negative_samples/neg_261_1.jpg,0,non-egg
/content/negative_samples/neg_261_2.jpg,0,non-egg
/content/negative_samples/neg_261_3.jpg,0,non-egg
/content/negative_samples/neg_262_0.jpg,0,non-egg
/content/negative_samples/neg_262_1.jpg,0,non-egg
/content/negative_samples/neg_262_2.jpg,0,non-egg
/content/negative_samples/neg_262_3.jpg,0,non-egg
/content/negative_samples/neg_263_0.jpg,0,non-egg
/content/negative_samples/neg_263_1.jpg,0,non-egg
/content/negative_samples/neg_263_2.jpg,0,non-egg
/content/negative_samples/neg_263_3.jpg,0,non-egg
/content/negative_samples/neg_264_0.jpg,0,non-egg
/content/negative_samples/neg_264_1.jpg,0,non-egg
/content/negative_samples/neg_264_2.jpg,0,non-egg
/content/negative_samples/neg_264_3.jpg,0,non-egg
/content/negative_samples/neg_265_0.jpg,0,non-egg
/content/negative_samples/neg_265_1.jpg,0,non-egg
/content/negative_samples/neg_265_2.jpg,0,non-egg
/content/negative_samples/neg_265_3.jpg,0,non-egg
/content/negative_samples/neg_266_0.jpg,0,non-egg
/content/negative_samples/neg_266_1.jpg,0,non-egg
/content/negative_samples/neg_266_2.jpg,0,non-egg
/content/negative_samples/neg_266_3.jpg,0,non-egg
/content/negative_samples/neg_267_0.jpg,0,non-egg
/content/negative_samples/neg_267_1.jpg,0,non-egg
/content/negative_samples/neg_267_2.jpg,0,non-egg
/content/negative_samples/neg_267_3.jpg,0,non-egg
/content/negative_samples/neg_268_0.jpg,0,non-egg
/content/negative_samples/neg_268_1.jpg,0,non-egg
/content/negative_samples/neg_268_2.jpg,0,non-egg
/content/negative_samples/neg_268_3.jpg,0,non-egg
/content/negative_samples/neg_269_0.jpg,0,non-egg
/content/negative_samples/neg_269_1.jpg,0,non-egg
/content/negative_samples/neg_269_2.jpg,0,non-egg
/content/negative_samples/neg_269_3.jpg,0,non-egg
/content/negative_samples/neg_270_0.jpg,0,non-egg
/content/negative_samples/neg_270_1.jpg,0,non-egg
/content/negative_samples/neg_270_2.jpg,0,non-egg
/content/negative_samples/neg_270_3.jpg,0,non-egg
/content/negative_samples/neg_271_0.jpg,0,non-egg
/content/negative_samples/neg_271_1.jpg,0,non-egg
/content/negative_samples/neg_271_2.jpg,0,non-egg
/content/negative_samples/neg_271_3.jpg,0,non-egg
/content/negative_samples/neg_272_0.jpg,0,non-egg
/content/negative_samples/neg_272_1.jpg,0,non-egg
/content/negative_samples/neg_272_2.jpg,0,non-egg
/content/negative_samples/neg_272_3.jpg,0,non-egg
/content/negative_samples/neg_273_0.jpg,0,non-egg
/content/negative_samples/neg_273_1.jpg,0,non-egg
/content/negative_samples/neg_273_2.jpg,0,non-egg
/content/negative_samples/neg_273_3.jpg,0,non-egg
/content/negative_samples/neg_274_0.jpg,0,non-egg
/content/negative_samples/neg_274_1.jpg,0,non-egg
/content/negative_samples/neg_274_2.jpg,0,non-egg
/content/negative_samples/neg_274_3.jpg,0,non-egg
/content/negative_samples/neg_275_0.jpg,0,non-egg
/content/negative_samples/neg_275_1.jpg,0,non-egg
/content/negative_samples/neg_275_2.jpg,0,non-egg
/content/negative_samples/neg_275_3.jpg,0,non-egg
/content/negative_samples/neg_276_0.jpg,0,non-egg
/content/negative_samples/neg_276_1.jpg,0,non-egg
/content/negative_samples/neg_276_2.jpg,0,non-egg
/content/negative_samples/neg_276_3.jpg,0,non-egg
/content/negative_samples/neg_277_0.jpg,0,non-egg
/content/negative_samples/neg_277_1.jpg,0,non-egg
/content/negative_samples/neg_277_2.jpg,0,non-egg
/content/negative_samples/neg_277_3.jpg,0,non-egg
/content/negative_samples/neg_278_0.jpg,0,non-egg
/content/negative_samples/neg_278_1.jpg,0,non-egg
/content/negative_samples/neg_278_2.jpg,0,non-egg
/content/negative_samples/neg_278_3.jpg,0,non-egg
/content/negative_samples/neg_279_0.jpg,0,non-egg
/content/negative_samples/neg_279_1.jpg,0,non-egg
/content/negative_samples/neg_279_2.jpg,0,non-egg
/content/negative_samples/neg_279_3.jpg,0,non-egg
/content/negative_samples/neg_280_0.jpg,0,non-egg
/content/negative_samples/neg_280_1.jpg,0,non-egg
/content/negative_samples/neg_280_2.jpg,0,non-egg
/content/negative_samples/neg_280_3.jpg,0,non-egg
/content/negative_samples/neg_281_0.jpg,0,non-egg
/content/negative_samples/neg_281_1.jpg,0,non-egg
/content/negative_samples/neg_281_2.jpg,0,non-egg
/content/negative_samples/neg_281_3.jpg,0,non-egg
/content/negative_samples/neg_282_0.jpg,0,non-egg
/content/negative_samples/neg_282_1.jpg,0,non-egg
/content/negative_samples/neg_282_2.jpg,0,non-egg
/content/negative_samples/neg_282_3.jpg,0,non-egg
/content/negative_samples/neg_283_0.jpg,0,non-egg
/content/negative_samples/neg_283_1.jpg,0,non-egg
/content/negative_samples/neg_283_2.jpg,0,non-egg
/content/negative_samples/neg_283_3.jpg,0,non-egg
/content/negative_samples/neg_284_0.jpg,0,non-egg
/content/negative_samples/neg_284_1.jpg,0,non-egg
/content/negative_samples/neg_284_2.jpg,0,non-egg
/content/negative_samples/neg_284_3.jpg,0,non-egg
/content/negative_samples/neg_285_0.jpg,0,non-egg
/content/negative_samples/neg_285_1.jpg,0,non-egg
/content/negative_samples/neg_285_2.jpg,0,non-egg
/content/negative_samples/neg_285_3.jpg,0,non-egg
/content/negative_samples/neg_286_0.jpg,0,non-egg
/content/negative_samples/neg_286_1.jpg,0,non-egg
/content/negative_samples/neg_286_2.jpg,0,non-egg
/content/negative_samples/neg_286_3.jpg,0,non-egg
/content/negative_samples/neg_287_0.jpg,0,non-egg
/content/negative_samples/neg_287_1.jpg,0,non-egg
/content/negative_samples/neg_287_2.jpg,0,non-egg
/content/negative_samples/neg_287_3.jpg,0,non-egg
/content/negative_samples/neg_288_0.jpg,0,non-egg
/content/negative_samples/neg_288_1.jpg,0,non-egg
/content/negative_samples/neg_288_2.jpg,0,non-egg
/content/negative_samples/neg_288_3.jpg,0,non-egg
/content/negative_samples/neg_289_0.jpg,0,non-egg
/content/negative_samples/neg_289_1.jpg,0,non-egg
/content/negative_samples/neg_289_2.jpg,0,non-egg
/content/negative_samples/neg_289_3.jpg,0,non-egg
/content/negative_samples/neg_290_0.jpg,0,non-egg
/content/negative_samples/neg_290_1.jpg,0,non-egg
/content/negative_samples/neg_290_2.jpg,0,non-egg
/content/negative_samples/neg_290_3.jpg,0,non-egg
/content/negative_samples/neg_291_0.jpg,0,non-egg
/content/negative_samples/neg_291_1.jpg,0,non-egg
/content/negative_samples/neg_291_2.jpg,0,non-egg
/content/negative_samples/neg_291_3.jpg,0,non-egg
/content/negative_samples/neg_292_0.jpg,0,non-egg
/content/negative_samples/neg_292_1.jpg,0,non-egg
/content/negative_samples/neg_292_2.jpg,0,non-egg
/content/negative_samples/neg_292_3.jpg,0,non-egg
/content/negative_samples/neg_293_0.jpg,0,non-egg
/content/negative_samples/neg_293_1.jpg,0,non-egg
/content/negative_samples/neg_293_2.jpg,0,non-egg
/content/negative_samples/neg_293_3.jpg,0,non-egg
/content/negative_samples/neg_294_0.jpg,0,non-egg
/content/negative_samples/neg_294_1.jpg,0,non-egg
/content/negative_samples/neg_294_2.jpg,0,non-egg
/content/negative_samples/neg_294_3.jpg,0,non-egg
/content/negative_samples/neg_295_0.jpg,0,non-egg
/content/negative_samples/neg_295_1.jpg,0,non-egg
/content/negative_samples/neg_295_2.jpg,0,non-egg
/content/negative_samples/neg_295_3.jpg,0,non-egg
/content/negative_samples/neg_296_0.jpg,0,non-egg
/content/negative_samples/neg_296_1.jpg,0,non-egg
/content/negative_samples/neg_296_2.jpg,0,non-egg
/content/negative_samples/neg_296_3.jpg,0,non-egg
/content/negative_samples/neg_297_0.jpg,0,non-egg
/content/negative_samples/neg_297_1.jpg,0,non-egg
/content/negative_samples/neg_297_2.jpg,0,non-egg
/content/negative_samples/neg_297_3.jpg,0,non-egg
/content/negative_samples/neg_298_0.jpg,0,non-egg
/content/negative_samples/neg_298_1.jpg,0,non-egg
/content/negative_samples/neg_298_2.jpg,0,non-egg
/content/negative_samples/neg_298_3.jpg,0,non-egg
/content/negative_samples/neg_299_0.jpg,0,non-egg
/content/negative_samples/neg_299_1.jpg,0,non-egg
/content/negative_samples/neg_299_2.jpg,0,non-egg
/content/negative_samples/neg_299_3.jpg,0,non-egg
/content/negative_samples/neg_300_0.jpg,0,non-egg
/content/negative_samples/neg_300_1.jpg,0,non-egg
/content/negative_samples/neg_300_2.jpg,0,non-egg
/content/negative_samples/neg_300_3.jpg,0,non-egg
/content/negative_samples/neg_301_0.jpg,0,non-egg
/content/negative_samples/neg_301_1.jpg,0,non-egg
/content/negative_samples/neg_301_2.jpg,0,non-egg
/content/negative_samples/neg_301_3.jpg,0,non-egg
/content/negative_samples/neg_302_0.jpg,0,non-egg
/content/negative_samples/neg_302_1.jpg,0,non-egg
/content/negative_samples/neg_302_2.jpg,0,non-egg
/content/negative_samples/neg_302_3.jpg,0,non-egg
/content/negative_samples/neg_303_0.jpg,0,non-egg
/content/negative_samples/neg_303_1.jpg,0,non-egg
/content/negative_samples/neg_303_2.jpg,0,non-egg
/content/negative_samples/neg_303_3.jpg,0,non-egg
/content/negative_samples/neg_304_0.jpg,0,non-egg
/content/negative_samples/neg_304_1.jpg,0,non-egg
/content/negative_samples/neg_304_2.jpg,0,non-egg
/content/negative_samples/neg_304_3.jpg,0,non-egg
/content/negative_samples/neg_305_0.jpg,0,non-egg
/content/negative_samples/neg_305_1.jpg,0,non-egg
/content/negative_samples/neg_305_2.jpg,0,non-egg
/content/negative_samples/neg_305_3.jpg,0,non-egg
/content/negative_samples/neg_306_0.jpg,0,non-egg
/content/negative_samples/neg_306_1.jpg,0,non-egg
/content/negative_samples/neg_306_2.jpg,0,non-egg
/content/negative_samples/neg_306_3.jpg,0,non-egg
/content/negative_samples/neg_307_0.jpg,0,non-egg
/content/negative_samples/neg_307_1.jpg,0,non-egg
/content/negative_samples/neg_307_2.jpg,0,non-egg
/content/negative_samples/neg_307_3.jpg,0,non-egg
/content/negative_samples/neg_308_0.jpg,0,non-egg
/content/negative_samples/neg_308_1.jpg,0,non-egg
/content/negative_samples/neg_308_2.jpg,0,non-egg
/content/negative_samples/neg_308_3.jpg,0,non-egg
/content/negative_samples/neg_309_0.jpg,0,non-egg
/content/negative_samples/neg_309_1.jpg,0,non-egg
/content/negative_samples/neg_309_2.jpg,0,non-egg
/content/negative_samples/neg_309_3.jpg,0,non-egg
/content/negative_samples/neg_310_0.jpg,0,non-egg
/content/negative_samples/neg_310_1.jpg,0,non-egg
/content/negative_samples/neg_310_2.jpg,0,non-egg
/content/negative_samples/neg_310_3.jpg,0,non-egg
/content/negative_samples/neg_311_0.jpg,0,non-egg
/content/negative_samples/neg_311_1.jpg,0,non-egg
/content/negative_samples/neg_311_2.jpg,0,non-egg
/content/negative_samples/neg_311_3.jpg,0,non-egg
/content/negative_samples/neg_312_0.jpg,0,non-egg
/content/negative_samples/neg_312_1.jpg,0,non-egg
/content/negative_samples/neg_312_2.jpg,0,non-egg
/content/negative_samples/neg_312_3.jpg,0,non-egg
/content/negative_samples/neg_313_0.jpg,0,non-egg
/content/negative_samples/neg_313_1.jpg,0,non-egg
/content/negative_samples/neg_313_2.jpg,0,non-egg
/content/negative_samples/neg_313_3.jpg,0,non-egg
/content/negative_samples/neg_314_0.jpg,0,non-egg
/content/negative_samples/neg_314_1.jpg,0,non-egg
/content/negative_samples/neg_314_2.jpg,0,non-egg
/content/negative_samples/neg_314_3.jpg,0,non-egg
/content/negative_samples/neg_315_0.jpg,0,non-egg
/content/negative_samples/neg_315_1.jpg,0,non-egg
/content/negative_samples/neg_315_2.jpg,0,non-egg
/content/negative_samples/neg_315_3.jpg,0,non-egg
/content/negative_samples/neg_316_0.jpg,0,non-egg
/content/negative_samples/neg_316_1.jpg,0,non-egg
/content/negative_samples/neg_316_2.jpg,0,non-egg
/content/negative_samples/neg_316_3.jpg,0,non-egg
/content/negative_samples/neg_317_0.jpg,0,non-egg
/content/negative_samples/neg_317_1.jpg,0,non-egg
/content/negative_samples/neg_317_2.jpg,0,non-egg
/content/negative_samples/neg_317_3.jpg,0,non-egg
/content/negative_samples/neg_318_0.jpg,0,non-egg
/content/negative_samples/neg_318_1.jpg,0,non-egg
/content/negative_samples/neg_318_2.jpg,0,non-egg
/content/negative_samples/neg_318_3.jpg,0,non-egg
/content/negative_samples/neg_319_0.jpg,0,non-egg
/content/negative_samples/neg_319_1.jpg,0,non-egg
/content/negative_samples/neg_319_2.jpg,0,non-egg
/content/negative_samples/neg_319_3.jpg,0,non-egg
/content/negative_samples/neg_320_0.jpg,0,non-egg
/content/negative_samples/neg_320_1.jpg,0,non-egg
